Time,Day,Age_band_of_driver,Sex_of_driver,Vehicle_driver_relation,Driving_experience,Type_of_vehicle,Owner_of_vehicle,Area_accident_occured,Lanes_or_Medians,Road_allignment,Types_of_Junction,Road_surface_type,Road_surface_conditions,Light_conditions,Weather_conditions,Type_of_collision,Number_of_vehicles_involved,Number_of_casualties,Vehicle_movement,Sex_of_casualty,Age_band_of_casualty,Casualty_severity,Work_of_casuality,Fitness_of_casuality,Pedestrian_movement,Cause_of_accident,Accident_severity
08:00:00,Thursday,18-30,Male,Employee,Above 10yr,Automobile,Owner, Outside rural areas,Undivided Two way,Tangent road with flat terrain,Y Shape,Asphalt roads,Dry,Daylight,Normal,Vehicle Collision,2,1,Stopping,Male,31-50,3,Self-employed,Normal,Not a Pedestrian,No priority to pedestrian,Slight Injury
19:00:00,Tuesday,18-30,Male,Employee,2-5yr,Automobile,Owner, Outside rural areas,Two-way (divided with broken lines road marking),Escarpments,No junction,Gravel roads,Wet or damp,Darkness - lights lit,Raining,Vehicle Collision,2,3,Moving backward,na,na,na,Driver,Normal,Not a Pedestrian,No priority to vehicle,Slight Injury
19:00:00,Tuesday,18-30,Male,Employee,5-10yr,Other,Owner, Outside rural areas,Two-way (divided with broken lines road marking),Tangent road with mountainous terrain and,No junction,Asphalt roads,Wet or damp,Darkness - lights lit,Raining,Vehicle Collision,2,3,Moving backward,Male,31-50,3,Driver,Normal,Not a Pedestrian,Changing lane to the left,Slight Injury
19:00:00,Tuesday,18-30,Male,Employee,1-2yr,Other,Owner,Office areas,Undivided Two way,Tangent road with mountainous terrain and,No junction,Asphalt roads,Wet or damp,Darkness - lights lit,Raining,Vehicle Collision,2,3,Moving forward,Female,Over 51,3,Driver,Normal,Not a Pedestrian,Turnover,Slight Injury
12:00:00,Friday,Over 51,Male,Employee,5-10yr,Automobile,Owner, Outside rural areas,Undivided Two way,Tangent road with mountainous terrain and,Crossing,Asphalt roads,Dry,Daylight,Normal,Vehicle Collision,2,1,Unknown,Male,Over 51,3,Driver,Normal,Not a Pedestrian,Driving to the left,Serious Injury
12:00:00,Friday,18-30,Male,Employee,5-10yr,Taxi,Owner, Outside rural areas,Undivided Two way,Tangent road with mountainous terrain and,Crossing,Asphalt roads,Dry,Daylight,Normal,Vehicle Collision,2,1,Moving forward,na,na,na,,,Not a Pedestrian,Driving carelessly,Serious Injury
17:00:00,Tuesday,31-50,Male,Employee,5-10yr,Other,Owner, Outside rural areas,Undivided Two way,Tangent road with flat terrain,Y Shape,Asphalt roads,Dry,Daylight,Normal,Vehicle Collision,2,2,Moving forward,Male,31-50,3,,Normal,Not a Pedestrian,Driving to the left,Slight Injury
17:00:00,Tuesday,Over 51,Male,Employee,2-5yr,Taxi,Owner,Office areas,Undivided Two way,Tangent road with flat terrain,Y Shape,Asphalt roads,Dry,Daylight,Normal,Vehicle Collision,2,2,Moving forward,Female,Over 51,3,Driver,Normal,Not a Pedestrian,Driving carelessly,Slight Injury
11:00:00,Saturday,Over 51,Male,Employee,5-10yr,Lorry (11 - 40 Quintal),Owner,  Recreational areas,Undivided Two way,Tangent road with flat terrain,Crossing,Asphalt roads,Dry,Daylight,Normal,Vehicle Collision,2,1,Moving backward,Female,Over 51,3,,,Not a Pedestrian,No priority to pedestrian,Slight Injury
11:00:00,Saturday,18-30,Male,Employee,2-5yr,Automobile,Owner,Office areas,Undivided Two way,Tangent road with flat terrain,Crossing,Asphalt roads,Dry,Daylight,Normal,Vehicle Collision,2,1,Moving forward,na,na,na,,,Not a Pedestrian,Driving carelessly,Slight Injury
14:00:00,Thursday,Over 51,Male,Employee,1-2yr,Other,Owner,Other,Two-way (divided with broken lines road marking),Tangent road with mild grade and flat terrain,No junction,Asphalt roads,Dry,Daylight,Normal,Vehicle Collision,2,1,Moving forward,na,na,na,,,Not a Pedestrian,Changing lane to the right,Slight Injury
14:00:00,Thursday,Over 51,Male,Employee,1-2yr,Automobile,Owner,Residential areas,Two-way (divided with broken lines road marking),Tangent road with flat terrain,No junction,Asphalt roads,Dry,Daylight,Normal,Vehicle Collision,2,1,Moving forward,Male,18-30,3,Driver,Normal,Not a Pedestrian,Moving Backward,Slight Injury
16:00:00,Wednesday,31-50,Male,Employee,5-10yr,Automobile,Owner,Residential areas,other,Tangent road with flat terrain,Crossing,Asphalt roads,Dry,Daylight,Normal,Stationary Object Collision,2,1,Moving forward,na,na,na,,,Not a Pedestrian,Driving carelessly,Slight Injury
16:00:00,Wednesday,18-30,Male,Employee,unknown,Automobile,Owner,Residential areas,Undivided Two way,Tangent road with flat terrain,Crossing,Asphalt roads,Dry,Daylight,Normal,Stationary Object Collision,2,1,Moving forward,Female,Under 18,3,,,Not a Pedestrian,Changing lane to the right,Slight Injury
15:00:00,Friday,31-50,Male,Employee,5-10yr,Automobile,Owner,Other,Undivided Two way,Tangent road with flat terrain,Other,Asphalt roads,Dry,Daylight,Normal,Vehicle Collision,2,2,Moving backward,na,na,na,Driver,Normal,Not a Pedestrian,Driving carelessly,Slight Injury
15:00:00,Friday,31-50,Male,Employee,1-2yr,Lorry (41 - 100 Quintal),Owner,Office areas,Two-way (divided with broken lines road marking),Tangent road with flat terrain,Other,Asphalt roads,Dry,Daylight,Normal,Vehicle Collision,2,2,Moving forward,Male,31-50,3,Driver,Normal,Not a Pedestrian,Driving carelessly,Slight Injury
15:00:00,Friday,18-30,Male,Employee,2-5yr,Other,Owner,Other,Two-way (divided with broken lines road marking),Tangent road with flat terrain,Other,Asphalt roads,Dry,Daylight,Normal,Vehicle Collision,2,2,Moving forward,Female,31-50,3,Driver,Normal,Not a Pedestrian,Driving carelessly,Slight Injury
17:00:00,Wednesday,18-30,Male,Employee,Above 10yr,Pick up upto 10 Quintal,Owner,Other,other,Tangent road with flat terrain,No junction,Asphalt roads,Dry,Daylight,Normal,Vehicle Collision,2,1,Moving forward,Male,Over 51,2,Driver,Normal,Unknown or other,Changing lane to the right,Slight Injury
17:00:00,Wednesday,Under 18,Male,Owner,5-10yr,Pick up upto 10 Quintal,Owner,Office areas,Two-way (divided with broken lines road marking),Tangent road with flat terrain,No junction,Asphalt roads,Dry,Daylight,Normal,Stationary Object Collision,2,1,Moving forward,na,na,na,,,Not a Pedestrian,Changing lane to the right,Slight Injury
12:00:00,Saturday,18-30,Male,Employee,1-2yr,Automobile,Owner, Church areas,other,Tangent road with flat terrain,No junction,Asphalt roads,Dry,Daylight,Normal,Vehicle Collision,2,2,Moving forward,Male,Over 51,3,Driver,Normal,Not a Pedestrian,Driving carelessly,Slight Injury
12:00:00,Saturday,31-50,Male,Employee,Above 10yr,Long lorry,Owner,Other,Two-way (divided with broken lines road marking),Tangent road with flat terrain,No junction,Asphalt roads,Dry,Daylight,Normal,Stationary Object Collision,2,2,Moving forward,Female,Over 51,3,,,Not a Pedestrian,Overtaking,Slight Injury
12:00:00,Saturday,31-50,Male,Employee,1-2yr,Automobile,Owner,Other,One way,Tangent road with flat terrain,No junction,Asphalt roads,Dry,Daylight,Normal,Stationary Object Collision,2,2,Moving forward,na,na,na,,,Not a Pedestrian,Changing lane to the right,Slight Injury
16:00:00,Tuesday,18-30,Male,Employee,2-5yr,Public (13 - 45 seats),Owner,Office areas,Double carriageway (median),Tangent road with flat terrain,Crossing,Asphalt roads,Wet or damp,Daylight,Normal,Pedestrian Collision,1,1,Moving forward,Male,Under 18,3,,,Unknown or other,No distancing,Slight Injury
08:00:00,Thursday,Unknown,Male,Employee,Above 10yr,Lorry (41 - 100 Quintal),Owner,Office areas,One way,Tangent road with mild grade and flat terrain,No junction,Other,Dry,Daylight,Normal,Vehicle Collision,2,1,Stopping,Female,Under 18,3,,,Not a Pedestrian,Other,Slight Injury
08:00:00,Thursday,18-30,Male,Employee,2-5yr,Public (13 - 45 seats),Owner,Office areas,Undivided Two way,Tangent road with flat terrain,No junction,Asphalt roads,Dry,Daylight,Normal,Stationary Object Collision,2,1,Moving forward,Male,18-30,2,,,Crossing from nearside - masked by parked or statioNot a Pedestrianry vehicle,Changing lane to the right,Slight Injury
17:00:00,Friday,31-50,Male,Employee,5-10yr,Other,Owner,Office areas,Double carriageway (median),Tangent road with flat terrain,No junction,Asphalt roads,Dry,Darkness - lights unlit,Normal,Vehicle Collision,1,1,Moving forward,Male,18-30,3,Driver,Normal,Not a Pedestrian,Changing lane to the right,Fatal injury
17:00:00,Monday,18-30,Male,Employee,5-10yr,Lorry (41 - 100 Quintal),Owner,Other,Two-way (divided with broken lines road marking),Tangent road with flat terrain,Y Shape,Asphalt roads,Dry,Daylight,Normal,Vehicle Collision,2,1,Moving forward,Male,Under 18,3,Driver,Normal,Not a Pedestrian,Overtaking,Serious Injury
17:00:00,Monday,31-50,Male,Employee,1-2yr,Lorry (41 - 100 Quintal),Owner,Office areas,Undivided Two way,Tangent road with flat terrain,Y Shape,Asphalt roads,Dry,Daylight,Normal,Vehicle Collision,2,1,Moving forward,Male,18-30,3,Driver,Normal,Not a Pedestrian,Other,Serious Injury
14:00:00,Saturday,18-30,Male,Employee,5-10yr,Long lorry,Owner,Other,,Tangent road with flat terrain,Y Shape,Asphalt roads,Dry,Daylight,Normal,Vehicle Collision,1,1,Moving forward,Male,18-30,3,Driver,Normal,Not a Pedestrian,Driving to the left,Serious Injury
09:00:00,Thursday,18-30,Male,Employee,5-10yr,Pick up upto 10 Quintal,Owner,Other,Double carriageway (median),Tangent road with flat terrain,Y Shape,Asphalt roads,Dry,Daylight,Normal,Vehicle Collision,2,1,Moving forward,Male,Under 18,3,Driver,Normal,Not a Pedestrian,Overtaking,Slight Injury
09:00:00,Thursday,31-50,Male,Employee,1-2yr,Pick up upto 10 Quintal,Governmental,Other,Two-way (divided with broken lines road marking),Tangent road with flat terrain,Y Shape,Asphalt roads,Dry,Daylight,Normal,Vehicle Collision,2,1,Moving forward,na,na,na,Driver,Normal,Not a Pedestrian,No priority to vehicle,Slight Injury
07:00:00,Tuesday,Over 51,Male,Employee,5-10yr,Lorry (41 - 100 Quintal),Owner,Office areas,,Tangent road with flat terrain,Crossing,Asphalt roads,Dry,Daylight,Normal,Stationary Object Collision,1,1,Moving forward,Male,18-30,3,,,Not a Pedestrian,Moving Backward,Slight Injury
12:00:00,Sunday,18-30,Male,Employee,5-10yr,Lorry (41 - 100 Quintal),Owner,Office areas,,Tangent road with flat terrain,Unknown,Asphalt roads,Dry,Daylight,Normal,Vehicle Collision,2,2,Moving forward,na,na,na,Driver,Normal,Not a Pedestrian,Other,Slight Injury
12:00:00,Sunday,18-30,Male,Employee,2-5yr,Automobile,Owner,Office areas,Two-way (divided with broken lines road marking),Tangent road with flat terrain,Unknown,Asphalt roads,Dry,Daylight,Normal,Stationary Object Collision,2,2,Moving forward,Male,18-30,3,,,Not a Pedestrian,No priority to vehicle,Slight Injury
12:00:00,Sunday,18-30,Male,Employee,1-2yr,Other,Governmental,Office areas,Two-way (divided with broken lines road marking),Tangent road with flat terrain,Unknown,Asphalt roads,Dry,Daylight,Normal,Vehicle Collision,2,2,Moving forward,Male,Over 51,3,Driver,Normal,Crossing from nearside - masked by parked or statioNot a Pedestrianry vehicle,No priority to pedestrian,Slight Injury
18:00:00,Monday,18-30,Male,Employee,5-10yr,Automobile,Owner, Church areas,Undivided Two way,Tangent road with flat terrain,No junction,Asphalt roads,Dry,Darkness - lights lit,Normal,Vehicle Collision,1,1,Moving forward,na,na,na,Driver,Normal,Not a Pedestrian,Changing lane to the right,Slight Injury
07:00:00,Thursday,18-30,Unknown,Employee,Below 1yr,Other,Governmental,Office areas,Two-way (divided with broken lines road marking),Tangent road with flat terrain,Y Shape,Asphalt roads,Wet or damp,Darkness - lights lit,Normal,Vehicle Collision,2,1,Moving forward,na,na,na,Driver,Normal,Not a Pedestrian,Changing lane to the right,Serious Injury
07:00:00,Thursday,Over 51,Male,Employee,5-10yr,Automobile,Governmental,Residential areas,Two-way (divided with broken lines road marking),Tangent road with flat terrain,Y Shape,Other,Wet or damp,Darkness - lights lit,Normal,Stationary Object Collision,2,1,Turning,Male,18-30,3,,,Not a Pedestrian,Changing lane to the right,Serious Injury
18:00:00,Wednesday,31-50,Male,Owner,5-10yr,Pick up upto 10 Quintal,Owner,School areas,Two-way (divided with broken lines road marking),Tangent road with flat terrain,Other,Asphalt roads,Dry,Daylight,Unknown,Stationary Object Collision,2,1,Moving backward,Male,Under 18,3,,,Not a Pedestrian,Driving to the left,Serious Injury
18:00:00,Wednesday,31-50,Male,Owner,5-10yr,Automobile,Owner,Office areas,Undivided Two way,Tangent road with flat terrain,Other,Asphalt roads,Dry,Daylight,Unknown,Vehicle Collision,2,1,Moving backward,na,na,na,Driver,Normal,Not a Pedestrian,Changing lane to the left,Serious Injury
20:00:00,Friday,31-50,Male,Employee,5-10yr,Public (12 seats),Owner,Other,Undivided Two way,Tangent road with flat terrain,Crossing,Asphalt roads,Wet or damp,Darkness - lights lit,Normal,Vehicle Collision,2,1,Moving forward,na,na,na,Driver,Normal,Not a Pedestrian,Moving Backward,Slight Injury
20:00:00,Friday,31-50,Male,Employee,2-5yr,Automobile,Owner,Other,Double carriageway (median),Tangent road with flat terrain,Crossing,Asphalt roads,Wet or damp,Darkness - lights lit,Normal,Vehicle Collision,2,1,Moving backward,Female,18-30,3,Driver,Normal,Not a Pedestrian,Driving at high speed,Slight Injury
17:00:00,Monday,18-30,Male,Employee,5-10yr,Other,Governmental,Other,Double carriageway (median),Tangent road with flat terrain,No junction,Asphalt roads,Dry,Darkness - lights lit,Raining and Windy,Vehicle Collision,2,1,Moving forward,Male,Over 51,3,Driver,Normal,Not a Pedestrian,Moving Backward,Slight Injury
17:00:00,Monday,31-50,Male,Employee,Above 10yr,Public (12 seats),Owner,Other,Two-way (divided with broken lines road marking),Tangent road with flat terrain,No junction,Asphalt roads,Dry,Darkness - lights lit,Raining and Windy,Vehicle Collision,2,1,Moving forward,Female,31-50,3,Self-employed,Normal,Not a Pedestrian,No distancing,Slight Injury
11:00:00,Wednesday,Over 51,Male,Employee,Below 1yr,Stationwagen,Owner,Office areas,Double carriageway (median),Tangent road with mild grade and flat terrain,Y Shape,Asphalt roads,Wet or damp,Daylight,Normal,Vehicle Collision,2,1,Moving forward,na,na,na,Self-employed,Normal,Not a Pedestrian,Other,Serious Injury
11:00:00,Wednesday,31-50,Male,Employee,5-10yr,Lorry (41 - 100 Quintal),Owner,Office areas,Two-way (divided with broken lines road marking),Tangent road with flat terrain,Y Shape,Asphalt roads,Wet or damp,Daylight,Normal,Vehicle Collision,2,1,Moving forward,na,na,na,Driver,Normal,Not a Pedestrian,No priority to vehicle,Serious Injury
18:00:00,Thursday,31-50,Male,Employee,2-5yr,Lorry (41 - 100 Quintal),Owner,Office areas,,Tangent road with mild grade and flat terrain,Y Shape,Asphalt roads,Wet or damp,Darkness - lights lit,Raining,Stationary Object Collision,2,1,Moving forward,Male,18-30,3,,,Not a Pedestrian,Changing lane to the right,Slight Injury
18:00:00,Thursday,31-50,Male,Employee,2-5yr,Lorry (41 - 100 Quintal),Owner,Office areas,,Tangent road with mild grade and flat terrain,Y Shape,Other,Wet or damp,Darkness - lights lit,Raining,Stationary Object Collision,2,1,Unknown,na,na,na,,,Not a Pedestrian,Other,Slight Injury
10:00:00,Sunday,Over 51,Male,Employee,1-2yr,Automobile,Owner,Office areas,One way,Tangent road with flat terrain,Y Shape,Asphalt roads,Dry,Daylight,Normal,Stationary Object Collision,2,1,Moving forward,na,na,na,,,Not a Pedestrian,No distancing,Slight Injury
10:00:00,Sunday,31-50,Male,Employee,2-5yr,Lorry (41 - 100 Quintal),Owner,Office areas,Two-way (divided with broken lines road marking),Tangent road with flat terrain,Y Shape,Asphalt roads,Dry,Daylight,Normal,Vehicle Collision,2,1,Unknown,Female,18-30,3,Driver,Normal,Not a Pedestrian,Driving carelessly,Slight Injury
10:00:00,Saturday,18-30,Male,Employee,2-5yr,Automobile,Owner,Office areas,,Tangent road with flat terrain,Y Shape,Asphalt roads,Dry,Daylight,Normal,Vehicle Collision,2,1,Moving forward,na,na,na,,Normal,Not a Pedestrian,No distancing,Slight Injury
10:00:00,Saturday,31-50,Male,Employee,Above 10yr,Public (12 seats),Owner,Other,Undivided Two way,Tangent road with flat terrain,Y Shape,Asphalt roads,Dry,Daylight,Normal,Vehicle Collision,2,1,Moving backward,Male,18-30,3,Driver,Normal,Not a Pedestrian,Moving Backward,Slight Injury
17:00:00,Friday,18-30,Male,Employee,Below 1yr,Automobile,Owner,Other,Two-way (divided with broken lines road marking),Tangent road with flat terrain,Y Shape,Asphalt roads,Dry,Darkness - lights lit,Normal,Vehicle Collision,2,1,Moving forward,Male,31-50,3,Driver,Normal,Not a Pedestrian,No distancing,Slight Injury
17:00:00,Friday,31-50,Male,Employee,2-5yr,Stationwagen,Owner,Residential areas,Two-way (divided with broken lines road marking),Tangent road with flat terrain,Y Shape,Asphalt roads,Dry,Darkness - lights lit,Normal,Pedestrian Collision,2,1,Moving forward,Male,31-50,3,,,Not a Pedestrian,Moving Backward,Slight Injury
19:00:00,Friday,Over 51,Male,Employee,Above 10yr,Automobile,Owner,Other,Two-way (divided with broken lines road marking),Tangent road with flat terrain,Y Shape,Earth roads,Dry,Darkness - lights lit,Normal,Pedestrian Collision,1,1,Moving backward,Female,Over 51,3,Self-employed,Normal,Not a Pedestrian,No priority to pedestrian,Serious Injury
15:00:00,Thursday,18-30,Male,Employee,Above 10yr,Lorry (41 - 100 Quintal),Owner,Other,Two-way (divided with broken lines road marking),Tangent road with flat terrain,No junction,Asphalt roads,Dry,Daylight,Normal,Vehicle Collision,3,1,Moving forward,na,na,na,Driver,Normal,Not a Pedestrian,Changing lane to the left,Slight Injury
15:00:00,Thursday,31-50,Unknown,Employee,5-10yr,Other,Governmental,Other,Two-way (divided with broken lines road marking),Tangent road with flat terrain,No junction,Asphalt roads,Dry,Daylight,Normal,Vehicle Collision,3,1,Turning,Female,18-30,3,Driver,Normal,Not a Pedestrian,No distancing,Slight Injury
15:00:00,Thursday,Unknown,Female,Employee,Above 10yr,Pick up upto 10 Quintal,Owner,Other,Undivided Two way,Tangent road with flat terrain,No junction,Asphalt roads,Dry,Daylight,Normal,Vehicle Collision,3,1,Moving forward,na,na,na,Driver,Normal,Not a Pedestrian,Other,Slight Injury
17:00:00,Wednesday,31-50,Male,Employee,1-2yr,Automobile,Owner, Industrial areas,Undivided Two way,Tangent road with flat terrain,No junction,Asphalt roads,Dry,Darkness - lights lit,Normal,Vehicle Collision,2,1,Moving forward,Male,18-30,2,Driver,Normal,Not a Pedestrian,No distancing,Slight Injury
17:00:00,Wednesday,31-50,Male,Employee,2-5yr,Lorry (41 - 100 Quintal),Owner, Industrial areas,Undivided Two way,Tangent road with flat terrain,No junction,Asphalt roads,Dry,Darkness - lights lit,Normal,Vehicle Collision,2,1,Unknown,Female,18-30,3,Driver,Normal,Crossing from nearside - masked by parked or statioNot a Pedestrianry vehicle,No priority to pedestrian,Slight Injury
11:00:00,Sunday,18-30,Male,Employee,2-5yr,Automobile,Owner, Church areas,Double carriageway (median),Tangent road with flat terrain,O Shape,Asphalt roads,Wet or damp,Daylight,Normal,Vehicle Collision,2,1,Moving forward,Male,Under 18,2,Driver,Normal,Not a Pedestrian,Moving Backward,Slight Injury
11:00:00,Sunday,31-50,Male,Other,5-10yr,Public (13 - 45 seats),Owner,Other,Undivided Two way,Tangent road with flat terrain,O Shape,Asphalt roads,Wet or damp,Daylight,Normal,Vehicle Collision,2,1,Moving forward,na,na,na,Driver,Normal,Not a Pedestrian,No priority to pedestrian,Slight Injury
14:00:00,Sunday,18-30,Male,Employee,5-10yr,Automobile,Owner,Other,Undivided Two way,Tangent road with flat terrain,No junction,Asphalt roads,Dry,Daylight,Normal,Vehicle Collision,2,1,Moving forward,Male,18-30,3,Driver,Normal,Not a Pedestrian,No distancing,Slight Injury
14:00:00,Sunday,31-50,Male,Owner,5-10yr,Lorry (41 - 100 Quintal),Owner,Office areas,Undivided Two way,Tangent road with flat terrain,No junction,Asphalt roads,Dry,Daylight,Normal,Vehicle Collision,2,1,Moving forward,Female,31-50,3,Driver,Normal,Not a Pedestrian,No priority to pedestrian,Slight Injury
15:00:00,Saturday,Over 51,Male,Employee,Above 10yr,Public (12 seats),Owner,Office areas,Undivided Two way,Tangent road with flat terrain,Unknown,Asphalt roads,Wet or damp,Daylight,Normal,Vehicle Collision,1,2,Moving backward,na,na,na,Driver,Normal,Not a Pedestrian,Driving carelessly,Slight Injury
15:00:00,Saturday,Over 51,Male,Employee,Below 1yr,Motorcycle,Governmental,Residential areas,Two-way (divided with broken lines road marking),Tangent road with flat terrain,Unknown,Asphalt roads,Wet or damp,Daylight,Normal,Stationary Object Collision,1,2,Moving forward,Male,Under 18,3,,,Crossing from nearside - masked by parked or statioNot a Pedestrianry vehicle,Getting off the vehicle improperly,Slight Injury
16:00:00,Friday,18-30,Male,Other,Below 1yr,Public (12 seats),Owner, Industrial areas,Undivided Two way,Tangent road with flat terrain,No junction,Asphalt roads,Dry,Darkness - lights lit,Normal,Self-accident,4,3,Moving backward,Female,Over 51,3,Self-employed,Normal,Not a Pedestrian,Driving carelessly,Slight Injury
16:00:00,Friday,31-50,Male,Employee,Above 10yr,Lorry (41 - 100 Quintal),Owner,Office areas,Undivided Two way,Tangent road with flat terrain,No junction,Asphalt roads,Dry,Darkness - lights lit,Normal,Vehicle Collision,4,3,Moving forward,Male,Over 51,3,Self-employed,Normal,Not a Pedestrian,Changing lane to the left,Slight Injury
16:00:00,Friday,Over 51,Male,Owner,5-10yr,Automobile,Owner,Other,Undivided Two way,Tangent road with flat terrain,No junction,Asphalt roads,Dry,Darkness - lights lit,Normal,Vehicle Collision,4,3,Moving forward,Male,Under 18,3,Driver,Normal,Not a Pedestrian,No priority to vehicle,Slight Injury
16:00:00,Friday,31-50,Male,Owner,5-10yr,Lorry (41 - 100 Quintal),Owner,Other,Two-way (divided with broken lines road marking),Tangent road with flat terrain,No junction,Asphalt roads,Dry,Darkness - lights lit,Normal,Vehicle Collision,4,3,Moving forward,Female,Over 51,3,Driver,Normal,Not a Pedestrian,Changing lane to the right,Slight Injury
11:00:00,Sunday,31-50,Male,Employee,2-5yr,Stationwagen,Owner,Residential areas,Undivided Two way,Tangent road with flat terrain,Y Shape,Asphalt roads,Wet or damp,Daylight,Normal,Vehicle Collision,2,1,Moving forward,Female,31-50,3,Self-employed,Normal,Not a Pedestrian,Changing lane to the right,Slight Injury
11:00:00,Sunday,Over 51,Male,Employee,2-5yr,Pick up upto 10 Quintal,Owner,Office areas,Two-way (divided with broken lines road marking),Tangent road with flat terrain,Y Shape,Asphalt roads,Wet or damp,Daylight,Normal,Vehicle Collision,2,1,Moving forward,na,na,na,Self-employed,Normal,Not a Pedestrian,No distancing,Slight Injury
17:00:00,Thursday,31-50,Male,Employee,5-10yr,Automobile,Organization,Residential areas,other,Tangent road with flat terrain,Y Shape,Earth roads,Wet or damp,Darkness - lights lit,Normal,Stationary Object Collision,1,1,Turning,Male,18-30,3,,,Not a Pedestrian,No distancing,Slight Injury
08:00:00,Thursday,Over 51,Male,Owner,2-5yr,Automobile,Owner,Office areas,Two-way (divided with broken lines road marking),Tangent road with flat terrain,No junction,Asphalt roads,Dry,Daylight,Normal,Stationary Object Collision,2,2,Moving forward,Male,Over 51,1,Employee,Normal,Crossing from nearside - masked by parked or statioNot a Pedestrianry vehicle,Changing lane to the left,Serious Injury
08:00:00,Thursday,Over 51,Male,Employee,5-10yr,Automobile,Owner, Church areas,Two-way (divided with broken lines road marking),Tangent road with flat terrain,No junction,Asphalt roads,Dry,Daylight,Normal,Vehicle Collision,2,2,Moving forward,na,na,na,,,Not a Pedestrian,Changing lane to the right,Serious Injury
08:00:00,Thursday,18-30,Male,Employee,2-5yr,Other,Organization,Residential areas,Two-way (divided with broken lines road marking),Tangent road with flat terrain,No junction,Asphalt roads,Dry,Daylight,Normal,Stationary Object Collision,2,2,Moving backward,Male,18-30,3,,,Not a Pedestrian,No priority to vehicle,Serious Injury
17:00:00,Tuesday,Unknown,Female,Employee,5-10yr,Automobile,Owner,School areas,other,Tangent road with flat terrain,Crossing,Asphalt roads,Wet or damp,Darkness - lights lit,Normal,Vehicle Collision,2,1,Moving forward,na,na,na,,,Not a Pedestrian,Changing lane to the left,Slight Injury
17:00:00,Tuesday,31-50,Male,Employee,2-5yr,Public (13 - 45 seats),Owner, Hospital areas,other,Steep grade downward with mountainous terrain,Crossing,Asphalt roads,Wet or damp,Darkness - lights lit,Normal,Vehicle Collision,2,1,Moving forward,Male,31-50,3,Driver,Normal,Not a Pedestrian,No priority to vehicle,Slight Injury
17:00:00,Wednesday,31-50,Male,Employee,1-2yr,Public (13 - 45 seats),Owner,Other,Undivided Two way,Tangent road with flat terrain,Y Shape,Asphalt roads,Wet or damp,Darkness - lights unlit,Normal,Vehicle Collision,3,1,Moving forward,Male,31-50,3,Driver,Normal,Not a Pedestrian,Moving Backward,Slight Injury
17:00:00,Wednesday,31-50,Male,Employee,5-10yr,Automobile,Owner,School areas,Double carriageway (median),Tangent road with flat terrain,Y Shape,Asphalt roads,Wet or damp,Darkness - lights unlit,Normal,Vehicle Collision,3,1,Other,na,na,na,Driver,Normal,Not a Pedestrian,Turnover,Slight Injury
17:00:00,Wednesday,18-30,Male,Owner,1-2yr,Public (12 seats),Owner,Other,other,Tangent road with flat terrain,Y Shape,Asphalt roads,Wet or damp,Darkness - lights unlit,Normal,Vehicle Collision,3,1,Moving forward,na,na,na,Driver,Normal,Not a Pedestrian,No distancing,Slight Injury
05:00:00,Tuesday,Over 51,Male,Employee,2-5yr,Public (12 seats),Owner, Industrial areas,Undivided Two way,Tangent road with flat terrain,Y Shape,Asphalt roads,Dry,Darkness - lights lit,Normal,Vehicle Collision,2,1,Moving forward,na,na,na,Driver,Normal,Not a Pedestrian,No distancing,Slight Injury
05:00:00,Tuesday,18-30,Male,Employee,1-2yr,Lorry (41 - 100 Quintal),Owner, Church areas,Two-way (divided with broken lines road marking),Tangent road with flat terrain,Y Shape,Asphalt roads,Dry,Darkness - lights lit,Normal,Pedestrian Collision,2,1,Turning,Female,18-30,3,Self-employed,Normal,Not a Pedestrian,No distancing,Slight Injury
20:00:00,Monday,18-30,Male,Employee,Above 10yr,Automobile,Owner,Office areas,Two-way (divided with broken lines road marking),Tangent road with flat terrain,Unknown,Earth roads,Wet or damp,Darkness - lights lit,Normal,Vehicle Collision,2,1,Moving backward,na,na,na,Self-employed,Normal,Not a Pedestrian,Changing lane to the left,Slight Injury
20:00:00,Monday,18-30,Male,Employee,2-5yr,Pick up upto 10 Quintal,Owner,Other,Two-way (divided with broken lines road marking),Tangent road with flat terrain,Unknown,Asphalt roads,Wet or damp,Darkness - lights lit,Normal,Stationary Object Collision,2,1,Moving forward,Female,18-30,3,Self-employed,Normal,Not a Pedestrian,No priority to vehicle,Slight Injury
20:00:00,Tuesday,18-30,Male,Employee,2-5yr,Pick up upto 10 Quintal,Owner,Office areas,Double carriageway (median),Tangent road with flat terrain,No junction,Asphalt roads,Wet or damp,Darkness - lights lit,Normal,Vehicle Collision,1,1,Moving forward,Male,Over 51,2,Self-employed,Normal,Not a Pedestrian,Driving at high speed,Serious Injury
16:00:00,Tuesday,31-50,Male,Employee,2-5yr,Lorry (41 - 100 Quintal),Owner,Office areas,Double carriageway (median),Tangent road with flat terrain,Y Shape,Asphalt roads,Dry,Darkness - lights lit,Normal,Stationary Object Collision,1,1,Moving forward,na,na,na,,,Not a Pedestrian,Overtaking,Slight Injury
09:00:00,Monday,Over 51,Male,Employee,2-5yr,Automobile,Governmental,Office areas,Double carriageway (median),Tangent road with flat terrain,No junction,Asphalt roads,Dry,Daylight,Normal,Vehicle Collision,2,1,Moving backward,Male,31-50,3,Self-employed,Normal,Not a Pedestrian,Other,Slight Injury