Time,Day,Age_band_of_driver,Sex_of_driver,Vehicle_driver_relation,Driving_experience,Type_of_vehicle,Owner_of_vehicle,Area_accident_occured,Lanes_or_Medians,Road_allignment,Types_of_Junction,Road_surface_type,Road_surface_conditions,Light_conditions,Weather_conditions,Type_of_collision,Number_of_vehicles_involved,Number_of_casualties,Vehicle_movement,Sex_of_casualty,Age_band_of_casualty,Casualty_severity,Work_of_casuality,Fitness_of_casuality,Pedestrian_movement,Cause_of_accident,Accident_severity
07:00:00,Tuesday,Over 51,Male,Employee,Above 10yr,Automobile,Owner,Other,Undivided Two way,Tangent road with flat terrain,No junction,Asphalt roads,Dry,Daylight,Normal,Vehicle Collision,3,1,Moving forward,Female,18-30,3,Self-employed,Normal,Not a Pedestrian,No distancing,Serious Injury
07:00:00,Tuesday,18-30,Male,Employee,Above 10yr,Automobile,Governmental,Residential areas,Two-way (divided with broken lines road marking),Tangent road with flat terrain,No junction,Asphalt roads,Dry,Daylight,Normal,Vehicle Collision,3,1,Moving forward,na,na,na,Driver,Normal,Not a Pedestrian,No priority to vehicle,Serious Injury
17:00:00,Tuesday,18-30,Male,Employee,5-10yr,Public (> 45 seats),Owner,Office areas,Two-way (divided with broken lines road marking),Tangent road with mild grade and flat terrain,Crossing,Asphalt roads,Dry,Darkness - lights lit,Normal,Vehicle Collision,2,1,Moving forward,Male,31-50,3,Driver,Normal,Not a Pedestrian,No priority to vehicle,Slight Injury
17:00:00,Tuesday,Unknown,Female,Employee,2-5yr,Automobile,Owner,Residential areas,other,Tangent road with flat terrain,Crossing,Asphalt roads,Dry,Darkness - lights lit,Normal,Vehicle Collision,2,1,Moving forward,na,na,na,,,Not a Pedestrian,Changing lane to the left,Slight Injury
01:00:00,Friday,Unknown,Female,Employee,Below 1yr,Other,Owner,Residential areas,Two-way (divided with broken lines road marking),Tangent road with flat terrain,Unknown,Asphalt roads,Dry,Darkness - lights lit,Normal,Vehicle Collision,1,1,Moving forward,Male,18-30,2,Driver,Normal,Not a Pedestrian,No distancing,Slight Injury
14:00:00,Thursday,31-50,Male,Employee,Below 1yr,Automobile,Owner,Other,Double carriageway (median),Tangent road with flat terrain,Crossing,Asphalt roads,Dry,Daylight,Normal,Vehicle Collision,1,1,Moving forward,Male,18-30,2,Driver,Normal,Not a Pedestrian,Driving under the influence of drugs,Slight Injury
06:00:00,Friday,31-50,Male,Employee,2-5yr,Other,Owner, Hospital areas,One way,Tangent road with flat terrain,Y Shape,Asphalt roads,Dry,Darkness - lights lit,Normal,Pedestrian Collision,2,1,Moving forward,na,na,na,Driver,Normal,Not a Pedestrian,Changing lane to the left,Slight Injury
06:00:00,Friday,Unknown,Female,Employee,Below 1yr,Lorry (41 - 100 Quintal),Governmental,Other,Undivided Two way,Tangent road with flat terrain,Y Shape,Asphalt roads,Dry,Darkness - lights lit,Normal,Stationary Object Collision,2,1,Moving forward,Male,18-30,3,,Normal,Not a Pedestrian,Changing lane to the right,Slight Injury
13:00:00,Thursday,Over 51,Male,Employee,Below 1yr,Pick up upto 10 Quintal,Owner,Other,Undivided Two way,Tangent road with flat terrain,Y Shape,Other,Dry,Daylight,Normal,Vehicle Collision,2,1,Moving forward,na,na,na,,,Not a Pedestrian,Driving to the left,Slight Injury
13:00:00,Thursday,18-30,Male,Employee,5-10yr,Public (13 - 45 seats),Owner,  Recreational areas,One way,Tangent road with mild grade and flat terrain,Y Shape,Asphalt roads,Dry,Daylight,Normal,Vehicle Collision,2,1,Moving forward,Male,31-50,3,Driver,Normal,Not a Pedestrian,Driving at high speed,Slight Injury
15:00:00,Thursday,18-30,Male,Employee,5-10yr,Automobile,Owner,Other,Undivided Two way,Tangent road with flat terrain,Crossing,Asphalt roads,Dry,Daylight,Normal,Vehicle Collision,1,1,Moving forward,na,na,na,Driver,Normal,Not a Pedestrian,Overtaking,Slight Injury
10:00:00,Tuesday,18-30,Male,Employee,Below 1yr,Pick up upto 10 Quintal,Owner,Other,Undivided Two way,Tangent road with flat terrain,No junction,Asphalt roads,Dry,Daylight,Normal,Vehicle Collision,1,2,Moving backward,Female,18-30,3,Self-employed,Normal,Not a Pedestrian,Changing lane to the right,Serious Injury
10:00:00,Tuesday,18-30,Male,Employee,Below 1yr,Automobile,Owner,Other,Undivided Two way,Tangent road with flat terrain,No junction,Asphalt roads,Dry,Daylight,Normal,Train Collision,1,2,Moving forward,Male,31-50,3,Driver,Normal,Not a Pedestrian,Changing lane to the right,Serious Injury
13:00:00,Saturday,18-30,Male,Employee,1-2yr,Lorry (41 - 100 Quintal),Owner,Office areas,Two-way (divided with broken lines road marking),Tangent road with flat terrain,Y Shape,Asphalt roads with some distress,Dry,Daylight,Normal,Vehicle Collision,1,1,Other,na,na,na,Driver,Normal,Not a Pedestrian,Moving Backward,Slight Injury
13:00:00,Monday,18-30,Male,Employee,Above 10yr,Automobile,Owner,Other,Two-way (divided with broken lines road marking),Tangent road with mild grade and flat terrain,Y Shape,Asphalt roads,Dry,Daylight,Normal,Vehicle Collision,2,1,Moving forward,Male,31-50,2,Driver,Normal,Not a Pedestrian,Moving Backward,Slight Injury
13:00:00,Monday,18-30,Male,Employee,Above 10yr,Lorry (41 - 100 Quintal),Owner,Residential areas,Two-way (divided with broken lines road marking),Tangent road with flat terrain,Y Shape,Asphalt roads,Dry,Daylight,Normal,Vehicle Collision,2,1,Exiting,Male,Under 18,3,,,Not a Pedestrian,Changing lane to the left,Slight Injury
12:00:00,Saturday,18-30,Male,Employee,Below 1yr,Lorry (41 - 100 Quintal),Owner,Other,Undivided Two way,Tangent road with flat terrain,Crossing,Asphalt roads,Dry,Daylight,Normal,Vehicle Collision,1,2,Moving forward,Male,Under 18,3,Driver,Normal,Not a Pedestrian,Moving Backward,Slight Injury
12:00:00,Saturday,18-30,Male,Employee,2-5yr,Lorry (41 - 100 Quintal),Owner,Other,Undivided Two way,Tangent road with flat terrain,Crossing,Asphalt roads,Dry,Daylight,Normal,Vehicle Collision,1,2,Moving forward,na,na,na,Driver,Normal,Not a Pedestrian,No distancing,Slight Injury
09:00:00,Friday,31-50,Male,Employee,2-5yr,Public (13 - 45 seats),Owner, Church areas,Undivided Two way,Tangent road with flat terrain,Unknown,Asphalt roads,Dry,Daylight,Normal,Vehicle Collision,2,1,Moving forward,Female,Under 18,3,Self-employed,Normal,Not a Pedestrian,Moving Backward,Slight Injury
09:00:00,Friday,18-30,Male,Employee,Above 10yr,Automobile,Owner,Office areas,Undivided Two way,Tangent road with flat terrain,Unknown,Earth roads,Dry,Daylight,Normal,Vehicle Collision,2,1,Moving forward,Female,Over 51,3,,Normal,Not a Pedestrian,Changing lane to the right,Slight Injury
17:00:00,Tuesday,Unknown,Female,Employee,2-5yr,Other,Owner,School areas,other,Tangent road with flat terrain,Y Shape,Asphalt roads,Wet or damp,Darkness - lights lit,Normal,Vehicle Collision,1,1,Turning,Male,18-30,3,,,Not a Pedestrian,Changing lane to the left,Slight Injury
08:00:00,Tuesday,Unknown,Female,Employee,2-5yr,Other,Owner,Other,Undivided Two way,Tangent road with flat terrain,Y Shape,Asphalt roads,Dry,Daylight,Normal,Vehicle Collision,1,1,Moving forward,na,na,na,Driver,Normal,Not a Pedestrian,No priority to vehicle,Slight Injury
15:00:00,Tuesday,Unknown,Female,Employee,1-2yr,Other,Owner,Office areas,Undivided Two way,Tangent road with flat terrain,Y Shape,Asphalt roads,Dry,Daylight,Normal,Pedestrian Collision,1,1,Moving forward,Male,31-50,3,Driver,Normal,Not a Pedestrian,No distancing,Slight Injury
23:00:00,Thursday,Over 51,Male,Employee,5-10yr,Automobile,Owner,Residential areas,other,Steep grade downward with mountainous terrain,Y Shape,Asphalt roads,Dry,Darkness - lights lit,Normal,Stationary Object Collision,1,1,Moving forward,na,na,na,Driver,Normal,Not a Pedestrian,No priority to vehicle,Slight Injury
22:00:00,Saturday,31-50,Male,Employee,Below 1yr,Other,Owner, Industrial areas,One way,Tangent road with flat terrain,Crossing,Asphalt roads,Dry,Darkness - lights lit,Normal,Stationary Object Collision,1,1,Moving forward,Male,Over 51,3,,,Not a Pedestrian,Driving under the influence of drugs,Slight Injury
19:00:00,Wednesday,31-50,Male,Employee,Below 1yr,Lorry (41 - 100 Quintal),Owner,Other,Undivided Two way,Tangent road with flat terrain,Unknown,Asphalt roads,Dry,Darkness - lights lit,Normal,Vehicle Collision,2,1,Other,na,na,na,Driver,Normal,Not a Pedestrian,Changing lane to the right,Slight Injury
19:00:00,Wednesday,18-30,Male,Employee,5-10yr,Public (12 seats),Owner,Residential areas,Undivided Two way,Tangent road with flat terrain,Unknown,Asphalt roads,Dry,Darkness - lights lit,Normal,Vehicle Collision,2,1,Moving forward,Male,31-50,3,Self-employed,Normal,Not a Pedestrian,No distancing,Slight Injury
21:00:00,Saturday,18-30,Male,Employee,Below 1yr,Lorry (41 - 100 Quintal),Owner,  Recreational areas,Two-way (divided with broken lines road marking),Tangent road with flat terrain,Y Shape,Asphalt roads,Wet or damp,Darkness - lights lit,Raining,Vehicle Collision,1,1,Turning,Female,31-50,3,Self-employed,Normal,Not a Pedestrian,No distancing,Slight Injury
17:00:00,Thursday,Unknown,Female,Employee,1-2yr,Public (12 seats),Owner,Office areas,other,Tangent road with flat terrain,Crossing,Asphalt roads,Dry,Daylight,Normal,Vehicle Collision,1,1,Moving forward,Male,18-30,3,,,Not a Pedestrian,Changing lane to the left,Serious Injury
11:00:00,Saturday,31-50,Male,Employee,2-5yr,Lorry (41 - 100 Quintal),Owner, Outside rural areas,Two-way (divided with broken lines road marking),Tangent road with flat terrain,Y Shape,Asphalt roads,Dry,Daylight,Unknown,Vehicle Collision,2,1,Moving forward,Male,Under 18,3,,Normal,Not a Pedestrian,Changing lane to the right,Slight Injury
11:00:00,Saturday,18-30,Male,Employee,1-2yr,Other,Owner, Outside rural areas,Two-way (divided with broken lines road marking),Tangent road with flat terrain,Y Shape,Asphalt roads,Dry,Daylight,Unknown,Stationary Object Collision,2,1,Moving forward,Female,Under 18,3,Driver,Normal,Not a Pedestrian,Changing lane to the right,Slight Injury
08:00:00,Tuesday,18-30,Male,Employee,5-10yr,Lorry (41 - 100 Quintal),Owner, Outside rural areas,Undivided Two way,Tangent road with flat terrain,Y Shape,Gravel roads,Dry,Daylight,Normal,Vehicle Collision,2,1,Moving forward,Male,Under 18,3,Driver,Normal,Unknown or other,Driving under the influence of drugs,Slight Injury
08:00:00,Tuesday,18-30,Male,Employee,Below 1yr,Automobile,Governmental, Outside rural areas,Undivided Two way,Tangent road with flat terrain,Y Shape,Asphalt roads,Dry,Daylight,Normal,Vehicle Collision,2,1,Moving forward,Male,Under 18,3,,,Crossing from driver's nearside,Moving Backward,Slight Injury
10:00:00,Tuesday,18-30,Male,Employee,Above 10yr,Public (> 45 seats),Owner, Outside rural areas,other,Steep grade downward with mountainous terrain,No junction,Asphalt roads,Dry,Daylight,Normal,Vehicle Collision,2,1,Other,Female,18-30,3,Driver,Normal,Not a Pedestrian,Changing lane to the left,Slight Injury
10:00:00,Tuesday,18-30,Male,Owner,5-10yr,Lorry (41 - 100 Quintal),Owner,School areas,other,Steep grade downward with mountainous terrain,No junction,Asphalt roads,Dry,Daylight,Normal,Vehicle Collision,2,1,Moving forward,na,na,na,Self-employed,Normal,Not a Pedestrian,No priority to pedestrian,Slight Injury
19:00:00,Thursday,18-30,Male,Employee,Below 1yr,Other,Owner, Outside rural areas,Two-way (divided with broken lines road marking),Tangent road with flat terrain,Crossing,Asphalt roads,Dry,Darkness - lights lit,Normal,Vehicle Collision,2,1,Moving forward,Male,31-50,3,Self-employed,Normal,Not a Pedestrian,No distancing,Slight Injury
19:00:00,Thursday,Unknown,Male,Employee,5-10yr,Other,Owner, Outside rural areas,Undivided Two way,Tangent road with flat terrain,Crossing,Asphalt roads,Dry,Darkness - lights lit,Normal,Vehicle Collision,2,1,Other,Female,31-50,3,Self-employed,Normal,Not a Pedestrian,No distancing,Slight Injury
11:00:00,Friday,31-50,Male,Owner,5-10yr,Automobile,Owner, Outside rural areas,Two-way (divided with broken lines road marking),Escarpments,Y Shape,Asphalt roads,Dry,Daylight,Normal,Pedestrian Collision,2,1,Moving forward,na,na,na,,,Not a Pedestrian,Changing lane to the left,Slight Injury
11:00:00,Friday,Unknown,Unknown,Employee,2-5yr,Lorry (41 - 100 Quintal),Owner, Outside rural areas,Two-way (divided with broken lines road marking),Tangent road with mountainous terrain and,Y Shape,Asphalt roads,Dry,Daylight,Normal,Pedestrian Collision,2,1,Moving forward,Female,31-50,2,Self-employed,Normal,Not a Pedestrian,Changing lane to the right,Slight Injury
11:00:00,Wednesday,31-50,Male,Employee,Above 10yr,Pick up upto 10 Quintal,Owner,Office areas,Undivided Two way,Tangent road with mountainous terrain and,Y Shape,Asphalt roads,Dry,Daylight,Normal,Stationary Object Collision,1,1,Moving forward,Female,Under 18,2,Self-employed,Normal,Crossing from nearside - masked by parked or statioNot a Pedestrianry vehicle,Driving carelessly,Slight Injury
05:00:00,Monday,31-50,Male,Employee,5-10yr,Automobile,Owner, Outside rural areas,Undivided Two way,Tangent road with mountainous terrain and,No junction,Asphalt roads,Wet or damp,Daylight,Raining,Pedestrian Collision,1,1,Moving forward,na,na,na,Driver,Deaf,Not a Pedestrian,No distancing,Slight Injury
17:00:00,Tuesday,Over 51,Male,Employee,1-2yr,Automobile,Owner, Outside rural areas,Undivided Two way,Tangent road with mountainous terrain and,Y Shape,Asphalt roads,Dry,Daylight,Normal,Vehicle Collision,2,1,Moving forward,Female,31-50,3,Driver,Normal,Not a Pedestrian,Changing lane to the left,Slight Injury
17:00:00,Tuesday,18-30,Male,Employee,5-10yr,Other,Owner, Outside rural areas,Undivided Two way,Tangent road with flat terrain,Y Shape,Asphalt roads,Dry,Daylight,Normal,Vehicle Collision,2,1,Moving backward,na,na,na,Self-employed,Normal,Not a Pedestrian,Moving Backward,Slight Injury
07:00:00,Saturday,31-50,Male,Employee,2-5yr,Automobile,Owner,Office areas,Undivided Two way,Tangent road with flat terrain,Y Shape,Asphalt roads,Dry,Daylight,Normal,Vehicle Collision,2,1,Moving backward,Male,Under 18,3,Self-employed,Normal,Not a Pedestrian,No distancing,Slight Injury
07:00:00,Saturday,Unknown,Female,Employee,Below 1yr,Stationwagen,Owner,  Recreational areas,Undivided Two way,Tangent road with flat terrain,Y Shape,Asphalt roads,Dry,Daylight,Normal,Stationary Object Collision,2,1,Moving forward,Female,18-30,1,Driver,Normal,Unknown or other,No priority to pedestrian,Slight Injury
15:00:00,Thursday,18-30,Male,Employee,Below 1yr,Other,Owner,Office areas,Undivided Two way,Tangent road with flat terrain,Y Shape,Asphalt roads,Dry,Daylight,Normal,Stationary Object Collision,2,1,Moving forward,na,na,na,Driver,Normal,Not a Pedestrian,Changing lane to the left,Slight Injury
15:00:00,Thursday,Unknown,Female,Employee,5-10yr,Automobile,Owner,Other,Two-way (divided with broken lines road marking),Tangent road with mild grade and flat terrain,Y Shape,Asphalt roads,Dry,Daylight,Normal,Vehicle Collision,2,1,Moving forward,na,na,na,,,Not a Pedestrian,No distancing,Slight Injury
08:00:00,Monday,31-50,Unknown,Owner,5-10yr,Ridden horse,Owner,Residential areas,Two-way (divided with broken lines road marking),Tangent road with flat terrain,Y Shape,Asphalt roads,Dry,Daylight,Normal,Vehicle Collision,1,1,Moving forward,Male,31-50,2,Driver,Normal,Not a Pedestrian,Driving carelessly,Slight Injury
08:00:00,Thursday,18-30,Unknown,Employee,1-2yr,Automobile,Owner,Residential areas,other,Tangent road with flat terrain,No junction,Asphalt roads,Dry,Daylight,Normal,Vehicle Collision,1,2,Moving forward,na,na,na,Driver,Normal,Not a Pedestrian,No priority to vehicle,Slight Injury
08:00:00,Thursday,18-30,Male,Employee,5-10yr,Other,Owner,Residential areas,Undivided Two way,Tangent road with flat terrain,No junction,Asphalt roads,Dry,Daylight,Normal,Vehicle Collision,1,2,Moving forward,Male,31-50,3,Student,Normal,Not a Pedestrian,Changing lane to the right,Slight Injury
17:00:00,Tuesday,18-30,Male,Employee,Above 10yr,Lorry (41 - 100 Quintal),Owner,Other,Undivided Two way,Tangent road with flat terrain,Y Shape,Asphalt roads,Dry,Daylight,Normal,Vehicle Collision,2,1,Moving forward,na,na,na,Employee,Normal,Not a Pedestrian,Moving Backward,Slight Injury
17:00:00,Tuesday,31-50,Male,Owner,1-2yr,Lorry (41 - 100 Quintal),Owner,Office areas,Two-way (divided with broken lines road marking),Tangent road with flat terrain,Y Shape,Asphalt roads,Dry,Daylight,Normal,Vehicle Collision,2,1,Moving forward,Female,18-30,3,Driver,Normal,Not a Pedestrian,No priority to vehicle,Slight Injury
13:00:00,Tuesday,31-50,Male,Employee,5-10yr,Lorry (41 - 100 Quintal),Owner,Other,Two-way (divided with broken lines road marking),Tangent road with flat terrain,Y Shape,Asphalt roads,Dry,Daylight,Normal,Vehicle Collision,1,1,Moving backward,na,na,na,Other,Normal,Not a Pedestrian,No priority to pedestrian,Slight Injury
02:00:00,Friday,Over 51,Male,Employee,Above 10yr,Stationwagen,Owner,Other,other,Tangent road with flat terrain,No junction,Other,Dry,Darkness - lights lit,Normal,Vehicle Collision,1,1,Moving forward,Female,31-50,2,,Normal,Not a Pedestrian,Changing lane to the left,Serious Injury
06:00:00,Sunday,Over 51,Male,Owner,2-5yr,Lorry (41 - 100 Quintal),Owner,Office areas,Two-way (divided with broken lines road marking),Tangent road with flat terrain,Y Shape,Asphalt roads,Dry,Daylight,Normal,Vehicle Collision,2,2,Moving forward,Male,Under 18,3,,,Not a Pedestrian,Changing lane to the left,Slight Injury
06:00:00,Sunday,18-30,Male,Employee,5-10yr,Automobile,Owner, Church areas,other,Tangent road with flat terrain,Y Shape,Asphalt roads,Dry,Daylight,Normal,Stationary Object Collision,2,2,Other,Male,31-50,3,,,Not a Pedestrian,Driving under the influence of drugs,Slight Injury
11:00:00,Sunday,31-50,Male,Employee,Below 1yr,Automobile,Owner,Other,Two-way (divided with broken lines road marking),Tangent road with flat terrain,No junction,Asphalt roads,Wet or damp,Daylight,Windy,Stationary Object Collision,1,1,Moving forward,Female,18-30,3,Employee,,Not a Pedestrian,Moving Backward,Slight Injury
09:00:00,Thursday,31-50,Male,Employee,5-10yr,Pick up upto 10 Quintal,Owner,Other,One way,Tangent road with flat terrain,Y Shape,Asphalt roads,Dry,Daylight,Normal,Pedestrian Collision,2,1,Turning,Male,31-50,3,Driver,,Not a Pedestrian,Changing lane to the right,Slight Injury
09:00:00,Thursday,Unknown,Female,Employee,Above 10yr,Taxi,Owner,Office areas,Double carriageway (median),Tangent road with flat terrain,Y Shape,Asphalt roads,Dry,Daylight,Normal,Vehicle Collision,2,1,Moving forward,Male,31-50,3,Driver,,Not a Pedestrian,Changing lane to the right,Slight Injury
23:00:00,Thursday,31-50,Male,Employee,5-10yr,Automobile,Owner,Office areas,One way,Tangent road with mild grade and flat terrain,Y Shape,Asphalt roads,Dry,Darkness - lights lit,Normal,Vehicle Collision,2,1,Moving forward,Female,31-50,3,Driver,,Not a Pedestrian,No distancing,Slight Injury
23:00:00,Thursday,31-50,Male,Employee,1-2yr,Automobile,Owner,Office areas,Undivided Two way,Tangent road with flat terrain,Y Shape,Asphalt roads,Dry,Darkness - lights lit,Normal,Vehicle Collision,2,1,Moving forward,Male,18-30,3,Self-employed,Normal,Not a Pedestrian,Moving Backward,Slight Injury
09:00:00,Thursday,Over 51,Male,Employee,5-10yr,Automobile,Owner,Office areas,Double carriageway (median),Tangent road with flat terrain,Y Shape,Asphalt roads,Wet or damp,Daylight,Normal,Vehicle Collision,2,1,Moving forward,Male,Under 18,3,Driver,Normal,Not a Pedestrian,No distancing,Slight Injury
09:00:00,Thursday,Over 51,Male,Employee,1-2yr,Long lorry,Owner,Other,Two-way (divided with broken lines road marking),Tangent road with flat terrain,Y Shape,Asphalt roads,Wet or damp,Daylight,Normal,Vehicle Collision,2,1,Moving forward,Female,18-30,3,Other,Normal,Not a Pedestrian,Driving carelessly,Slight Injury
09:00:00,Thursday,31-50,Male,Owner,1-2yr,Public (12 seats),Owner,Office areas,Undivided Two way,Tangent road with flat terrain,Y Shape,Asphalt roads,Wet or damp,Daylight,Raining,Vehicle Collision,1,1,Moving forward,na,na,na,,,Not a Pedestrian,No priority to pedestrian,Slight Injury
09:00:00,Tuesday,31-50,Male,Owner,1-2yr,Pick up upto 10 Quintal,Owner,Other,,Tangent road with flat terrain,Crossing,Asphalt roads,Dry,Daylight,Normal,Vehicle Collision,2,1,Moving forward,Female,31-50,3,Driver,Normal,Not a Pedestrian,No priority to vehicle,Slight Injury
09:00:00,Tuesday,Unknown,Female,Owner,5-10yr,Automobile,Owner,Other,Double carriageway (median),Tangent road with flat terrain,Crossing,Asphalt roads,Dry,Daylight,Normal,Vehicle Collision,2,1,Moving forward,na,na,na,Self-employed,Normal,Not a Pedestrian,Moving Backward,Slight Injury
06:00:00,Saturday,18-30,Male,Employee,5-10yr,Other,Governmental,Other,Two-way (divided with broken lines road marking),Tangent road with flat terrain,Crossing,Asphalt roads,Dry,Daylight,Normal,Vehicle Collision,2,1,Exiting,Male,Over 51,3,Self-employed,Normal,Not a Pedestrian,Changing lane to the right,Slight Injury
06:00:00,Saturday,Unknown,Female,Employee,5-10yr,Lorry (41 - 100 Quintal),Owner,Office areas,,Tangent road with flat terrain,Crossing,Other,Dry,Daylight,Normal,Pedestrian Collision,2,1,Exiting,Female,Over 51,3,Self-employed,Normal,Not a Pedestrian,No distancing,Slight Injury
13:00:00,Friday,31-50,Male,Owner,Below 1yr,Automobile,Owner,Office areas,,Tangent road with flat terrain,Y Shape,Asphalt roads,Dry,Daylight,Normal,Pedestrian Collision,2,1,Exiting,Female,Under 18,3,,Other,Not a Pedestrian,Driving carelessly,Slight Injury
13:00:00,Friday,18-30,Male,Employee,Above 10yr,Pick up upto 10 Quintal,Owner,Office areas,Two-way (divided with broken lines road marking),Tangent road with flat terrain,Y Shape,Asphalt roads,Dry,Daylight,Normal,Vehicle Collision,2,1,Moving backward,Female,Under 18,3,Driver,Blind,Not a Pedestrian,Changing lane to the left,Slight Injury
10:00:00,Thursday,18-30,Male,Employee,5-10yr,Lorry (41 - 100 Quintal),Governmental,Office areas,Two-way (divided with broken lines road marking),Tangent road with flat terrain,Y Shape,Asphalt roads,Dry,Daylight,Normal,Vehicle Collision,2,1,Moving forward,Male,Under 18,2,Driver,Normal,Unknown or other,Moving Backward,Serious Injury
10:00:00,Thursday,31-50,Male,Employee,Below 1yr,Lorry (41 - 100 Quintal),Owner, Church areas,Undivided Two way,Tangent road with flat terrain,Y Shape,Asphalt roads,Dry,Daylight,Normal,Vehicle Collision,2,1,Moving forward,Male,18-30,3,Self-employed,Normal,Not a Pedestrian,No distancing,Serious Injury
15:00:00,Thursday,Unknown,Female,Employee,Above 10yr,Long lorry,Governmental,Office areas,Two-way (divided with broken lines road marking),Tangent road with flat terrain,Y Shape,Asphalt roads,Dry,Daylight,Normal,Vehicle Collision,1,1,Stopping,Male,18-30,3,Driver,Normal,Not a Pedestrian,Moving Backward,Slight Injury
09:00:00,Tuesday,31-50,Male,Employee,5-10yr,Public (> 45 seats),Governmental,Residential areas,Two-way (divided with broken lines road marking),Tangent road with flat terrain,Y Shape,Asphalt roads,Dry,Daylight,Normal,Vehicle Collision,2,1,Moving forward,Female,31-50,3,Driver,Normal,Not a Pedestrian,Overtaking,Slight Injury
09:00:00,Tuesday,31-50,Male,Owner,Above 10yr,Public (> 45 seats),Owner,School areas,Two-way (divided with broken lines road marking),Tangent road with flat terrain,Y Shape,Asphalt roads,Dry,Daylight,Normal,Vehicle Collision,2,1,Other,Female,18-30,3,Driver,Normal,Not a Pedestrian,Changing lane to the left,Slight Injury
17:00:00,Wednesday,Over 51,Male,Employee,5-10yr,Automobile,Owner,Office areas,Undivided Two way,Tangent road with flat terrain,Y Shape,Asphalt roads,Dry,Daylight,Normal,Vehicle Collision,2,1,Moving forward,na,na,na,Driver,Normal,Not a Pedestrian,Changing lane to the right,Slight Injury
17:00:00,Wednesday,Under 18,Male,Employee,1-2yr,Automobile,Owner,Other,Undivided Two way,Tangent road with flat terrain,Y Shape,Asphalt roads,Dry,Daylight,Normal,Vehicle Collision,2,1,Moving forward,Female,31-50,3,Driver,Normal,Not a Pedestrian,Overtaking,Slight Injury
18:00:00,Thursday,Over 51,Male,Employee,1-2yr,Automobile,Owner,Other,Double carriageway (median),Tangent road with flat terrain,Y Shape,Other,Dry,Daylight,Normal,Vehicle Collision,2,1,Moving forward,Female,18-30,3,Driver,Normal,Not a Pedestrian,Overloading,Serious Injury
18:00:00,Thursday,18-30,Male,Employee,1-2yr,Other,Governmental,Other,Double carriageway (median),Tangent road with flat terrain,Y Shape,Asphalt roads,Dry,Daylight,Normal,Vehicle Collision,2,1,Moving forward,na,na,na,,Normal,Not a Pedestrian,Other,Serious Injury
09:00:00,Wednesday,31-50,Male,Employee,2-5yr,Public (12 seats),Owner,Other,Two-way (divided with broken lines road marking),Tangent road with flat terrain,Y Shape,Asphalt roads,Dry,Daylight,Normal,Vehicle Collision,2,1,Moving forward,Female,18-30,3,Employee,Normal,Not a Pedestrian,No priority to vehicle,Slight Injury
09:00:00,Wednesday,18-30,Male,Owner,Above 10yr,Automobile,Owner,Office areas,Double carriageway (median),Tangent road with mild grade and flat terrain,Y Shape,Asphalt roads,Dry,Daylight,Normal,Vehicle Collision,2,1,Moving forward,Female,18-30,3,,,Unknown or other,Changing lane to the right,Slight Injury
08:00:00,Wednesday,31-50,Male,Employee,2-5yr,Stationwagen,Owner,Office areas,Two-way (divided with broken lines road marking),Tangent road with flat terrain,Y Shape,Asphalt roads,Dry,Daylight,Normal,Vehicle Collision,2,1,Moving forward,na,na,na,Driver,Normal,Not a Pedestrian,Moving Backward,Slight Injury
08:00:00,Wednesday,31-50,Male,Employee,Above 10yr,Automobile,Owner,Office areas,,Tangent road with mild grade and flat terrain,Y Shape,Asphalt roads,Dry,Daylight,Normal,Vehicle Collision,2,1,Moving forward,Male,31-50,2,Self-employed,Normal,Not a Pedestrian,Changing lane to the left,Slight Injury
18:00:00,Wednesday,18-30,Male,Employee,2-5yr,Automobile,Owner,Office areas,,Tangent road with mild grade and flat terrain,Y Shape,Asphalt roads,Dry,Daylight,Normal,Vehicle Collision,2,1,Turning,na,na,na,Self-employed,Normal,Not a Pedestrian,No priority to pedestrian,Slight Injury
18:00:00,Wednesday,18-30,Male,Other,No Licence,Automobile,Owner,Office areas,One way,Tangent road with flat terrain,Y Shape,Earth roads,Dry,Daylight,Normal,Vehicle Collision,2,1,Moving forward,na,na,na,,,Not a Pedestrian,No distancing,Slight Injury
21:00:00,Monday,Over 51,Male,Employee,1-2yr,Automobile,Owner,Office areas,Two-way (divided with broken lines road marking),Tangent road with flat terrain,Y Shape,Asphalt roads,Dry,Darkness - lights lit,Normal,Vehicle Collision,1,1,Moving forward,Male,18-30,3,Self-employed,Normal,Not a Pedestrian,No priority to vehicle,Slight Injury
22:00:00,Thursday,31-50,Male,Owner,5-10yr,Automobile,Owner,Office areas,,Tangent road with flat terrain,Y Shape,Asphalt roads,Dry,Darkness - lights lit,Normal,Vehicle Collision,1,1,Exiting,Male,18-30,3,,,Not a Pedestrian,No distancing,Slight Injury
18:00:00,Tuesday,18-30,Male,Employee,1-2yr,Pick up upto 10 Quintal,Owner,Other,Undivided Two way,Tangent road with flat terrain,No junction,Asphalt roads,Dry,Daylight,Normal,Vehicle Collision,2,1,Moving backward,Female,31-50,3,Self-employed,Normal,Not a Pedestrian,No distancing,Slight Injury
18:00:00,Tuesday,Unknown,Male,Employee,Above 10yr,Turbo,Owner,Other,Two-way (divided with broken lines road marking),Tangent road with flat terrain,No junction,Asphalt roads,Dry,Daylight,Normal,Vehicle Collision,2,1,Exiting,Female,31-50,3,Driver,Normal,Not a Pedestrian,Moving Backward,Slight Injury
13:00:00,Wednesday,31-50,Male,Employee,1-2yr,Pick up upto 10 Quintal,Owner,Residential areas,Two-way (divided with broken lines road marking),Tangent road with flat terrain,Y Shape,Asphalt roads,Dry,Daylight,Unknown,Vehicle Collision,2,1,Moving forward,Male,31-50,2,Self-employed,Normal,Not a Pedestrian,Changing lane to the right,Slight Injury