Time,Day,Age_band_of_driver,Sex_of_driver,Vehicle_driver_relation,Driving_experience,Type_of_vehicle,Owner_of_vehicle,Area_accident_occured,Lanes_or_Medians,Road_allignment,Types_of_Junction,Road_surface_type,Road_surface_conditions,Light_conditions,Weather_conditions,Type_of_collision,Number_of_vehicles_involved,Number_of_casualties,Vehicle_movement,Sex_of_casualty,Age_band_of_casualty,Casualty_severity,Work_of_casuality,Fitness_of_casuality,Pedestrian_movement,Cause_of_accident,Accident_severity
15:00:00,Saturday,31-50,Male,Employee,1-2yr,Pick up upto 10 Quintal,Owner,Other,Two-way (divided with broken lines road marking),Tangent road with flat terrain,Crossing,Asphalt roads,Dry,Daylight,Normal,Vehicle Collision,2,3,Moving backward,Male,31-50,3,Driver,Normal,Not a Pedestrian,Driving carelessly,Slight Injury
15:00:00,Saturday,18-30,Male,Employee,Above 10yr,Lorry (41 - 100 Quintal),Governmental,Office areas,Undivided Two way,Tangent road with flat terrain,Crossing,Asphalt roads,Dry,Daylight,Normal,Stationary Object Collision,2,3,Other,Male,Under 18,2,Driver,Normal,Not a Pedestrian,No priority to vehicle,Slight Injury
20:00:00,Saturday,Over 51,Male,Employee,5-10yr,Public (13 - 45 seats),Owner,Office areas,other,Tangent road with flat terrain,Y Shape,Asphalt roads,Wet or damp,Darkness - lights lit,Normal,Stationary Object Collision,2,1,Moving forward,na,na,na,Self-employed,Normal,Not a Pedestrian,Moving Backward,Slight Injury
20:00:00,Saturday,18-30,Male,Owner,5-10yr,Long lorry,Owner,Other,One way,Escarpments,Y Shape,Asphalt roads,Wet or damp,Darkness - lights lit,Normal,Vehicle Collision,2,1,Moving forward,Female,18-30,3,,,Not a Pedestrian,Changing lane to the left,Slight Injury
23:00:00,Sunday,31-50,Male,Employee,5-10yr,Automobile,Owner,Residential areas,Undivided Two way,Tangent road with flat terrain,Crossing,Asphalt roads,Dry,Darkness - lights lit,Normal,Vehicle Collision,2,1,Moving forward,Female,31-50,3,Self-employed,Normal,Crossing from driver's nearside,Moving Backward,Slight Injury
23:00:00,Sunday,Over 51,Male,Employee,5-10yr,Automobile,Owner,  Recreational areas,One way,Tangent road with flat terrain,Crossing,Asphalt roads,Dry,Darkness - lights lit,Normal,Stationary Object Collision,2,1,Moving backward,Male,31-50,3,Driver,Normal,Not a Pedestrian,Overtaking,Slight Injury
08:00:00,Wednesday,Unknown,Male,Employee,Above 10yr,Other,Owner, Church areas,Undivided Two way,Tangent road with flat terrain,No junction,Asphalt roads,Dry,Daylight,Normal,Stationary Object Collision,1,1,Moving forward,na,na,na,,,Not a Pedestrian,Changing lane to the left,Slight Injury
17:00:00,Friday,Over 51,Male,Employee,1-2yr,Automobile,Owner,Other,One way,Tangent road with flat terrain,Crossing,Asphalt roads,Dry,Darkness - lights lit,Normal,Vehicle Collision,2,1,Moving forward,Male,18-30,3,,,Not a Pedestrian,Changing lane to the right,Slight Injury
17:00:00,Friday,Unknown,Male,Employee,2-5yr,Long lorry,Owner,Other,Undivided Two way,Tangent road with flat terrain,Crossing,Asphalt roads,Dry,Darkness - lights lit,Normal,Vehicle Collision,2,1,Moving forward,Female,Over 51,3,Driver,Normal,Not a Pedestrian,Overtaking,Slight Injury
11:00:00,Monday,18-30,Male,Employee,Below 1yr,Public (12 seats),Owner,Other,Two-way (divided with broken lines road marking),Tangent road with flat terrain,Y Shape,Asphalt roads,Dry,Daylight,Normal,Vehicle Collision,2,1,Moving forward,Female,Over 51,3,Driver,Normal,Not a Pedestrian,Overloading,Slight Injury
11:00:00,Monday,31-50,Male,Employee,Above 10yr,Public (12 seats),Governmental,Residential areas,other,Tangent road with flat terrain,Y Shape,Asphalt roads,Dry,Daylight,Normal,Stationary Object Collision,2,1,Other,Female,18-30,3,Driver,Normal,Not a Pedestrian,Other,Slight Injury
12:00:00,Monday,31-50,Male,Employee,1-2yr,Other,Owner,School areas,other,Tangent road with flat terrain,Y Shape,Asphalt roads,Dry,Daylight,Normal,Vehicle Collision,2,1,Moving forward,na,na,na,Self-employed,Normal,Not a Pedestrian,No priority to vehicle,Slight Injury
12:00:00,Monday,31-50,Male,Employee,5-10yr,Other,Owner, Church areas,Two-way (divided with broken lines road marking),Tangent road with flat terrain,Y Shape,Asphalt roads,Dry,Daylight,Normal,Vehicle Collision,2,1,Moving forward,Male,Over 51,3,Driver,Normal,Not a Pedestrian,Changing lane to the right,Slight Injury
15:00:00,Monday,18-30,Male,Employee,5-10yr,Other,Owner,Other,other,Tangent road with flat terrain,Crossing,Asphalt roads,Dry,Daylight,Normal,Vehicle Collision,1,1,Turning,na,na,na,Self-employed,Normal,Not a Pedestrian,Moving Backward,Slight Injury
18:00:00,Monday,31-50,Male,Owner,Below 1yr,Public (12 seats),Owner,Other,Two-way (divided with broken lines road marking),Tangent road with flat terrain,Y Shape,Asphalt roads,Dry,Darkness - lights lit,Normal,Self-accident,1,1,Moving forward,na,na,na,Driver,Normal,Not a Pedestrian,Changing lane to the left,Slight Injury
23:00:00,Monday,31-50,Male,Employee,5-10yr,Lorry (41 - 100 Quintal),Owner,Office areas,Undivided Two way,Tangent road with flat terrain,Y Shape,Asphalt roads,Dry,Darkness - lights lit,Normal,Vehicle Collision,2,1,Moving backward,Female,Over 51,3,Driver,Normal,Not a Pedestrian,No priority to pedestrian,Slight Injury
23:00:00,Monday,Unknown,Female,Employee,Above 10yr,Other,Owner,Office areas,Two-way (divided with broken lines road marking),Tangent road with flat terrain,Y Shape,Asphalt roads,Dry,Darkness - lights lit,Normal,Vehicle Collision,2,1,Moving backward,Male,Under 18,2,,,Not a Pedestrian,No distancing,Slight Injury
19:00:00,Monday,18-30,Male,Employee,5-10yr,Public (12 seats),Owner,Other,Undivided Two way,Tangent road with flat terrain,No junction,Asphalt roads,Dry,Darkness - lights lit,Normal,Pedestrian Collision,2,1,Moving forward,Female,18-30,3,,,Not a Pedestrian,No priority to vehicle,Slight Injury
19:00:00,Monday,Unknown,Male,Employee,1-2yr,Other,Owner, Hospital areas,Undivided Two way,Tangent road with flat terrain,No junction,Asphalt roads,Dry,Darkness - lights lit,Normal,Vehicle Collision,2,1,Other,Male,31-50,3,Self-employed,Normal,Not a Pedestrian,No distancing,Slight Injury
22:00:00,Friday,18-30,Male,Owner,2-5yr,Lorry (11 - 40 Quintal),Owner,Other,Undivided Two way,Tangent road with flat terrain,No junction,Asphalt roads,Dry,Darkness - lights lit,Normal,Vehicle Collision,2,1,Moving forward,Female,18-30,3,Driver,Normal,Not a Pedestrian,No distancing,Slight Injury
22:00:00,Friday,Unknown,Male,Employee,unknown,Other,Owner,Other,Two-way (divided with broken lines road marking),Tangent road with flat terrain,No junction,Asphalt roads,Dry,Darkness - lights lit,Normal,Vehicle Collision,2,1,Moving forward,Female,18-30,3,Driver,Normal,Not a Pedestrian,Moving Backward,Slight Injury
18:00:00,Tuesday,Unknown,Male,Employee,Above 10yr,Other,Owner,Other,Undivided Two way,Tangent road with flat terrain,Crossing,Asphalt roads,Dry,Darkness - lights lit,Normal,Vehicle Collision,2,1,Moving forward,Female,18-30,3,Self-employed,Normal,Not a Pedestrian,Changing lane to the right,Slight Injury
18:00:00,Tuesday,31-50,Male,Owner,2-5yr,Other,Owner,Other,Double carriageway (median),Tangent road with flat terrain,Crossing,Asphalt roads,Dry,Darkness - lights lit,Normal,Stationary Object Collision,2,1,Moving forward,Male,31-50,3,Driver,Normal,Not a Pedestrian,No priority to pedestrian,Slight Injury
07:00:00,Tuesday,18-30,Male,Employee,5-10yr,Pick up upto 10 Quintal,Governmental,Other,Two-way (divided with broken lines road marking),Tangent road with mild grade and flat terrain,No junction,Asphalt roads,Wet or damp,Daylight,Normal,Vehicle Collision,1,1,Moving forward,Male,5,3,Driver,Normal,Not a Pedestrian,Moving Backward,Slight Injury
07:00:00,Wednesday,31-50,Male,Employee,2-5yr,Automobile,Owner, Hospital areas,Two-way (divided with broken lines road marking),Tangent road with flat terrain,Crossing,Asphalt roads,Wet or damp,Daylight,Normal,Vehicle Collision,2,1,Moving forward,Female,Over 51,3,,Normal,Not a Pedestrian,Getting off the vehicle improperly,Slight Injury
07:00:00,Wednesday,31-50,Male,Employee,1-2yr,Other,Owner,Other,Two-way (divided with broken lines road marking),Tangent road with flat terrain,Crossing,Asphalt roads,Wet or damp,Daylight,Normal,Vehicle Collision,2,1,Moving forward,Male,31-50,3,Driver,Normal,Not a Pedestrian,Overtaking,Slight Injury
09:00:00,Wednesday,Over 51,Male,Employee,5-10yr,Lorry (41 - 100 Quintal),Owner,Other,One way,Tangent road with flat terrain,No junction,Asphalt roads,Dry,Daylight,Normal,Vehicle Collision,1,1,Moving forward,na,na,na,Self-employed,Normal,Not a Pedestrian,Overloading,Slight Injury
09:00:00,Wednesday,31-50,Male,Employee,2-5yr,Public (13 - 45 seats),Owner,Other,Two-way (divided with broken lines road marking),Tangent road with mild grade and flat terrain,No junction,Asphalt roads,Dry,Daylight,Normal,Stationary Object Collision,2,1,Other,na,na,na,Self-employed,Normal,Not a Pedestrian,Changing lane to the right,Slight Injury
09:00:00,Wednesday,31-50,Male,Employee,5-10yr,Automobile,Owner,Office areas,Two-way (divided with broken lines road marking),Tangent road with flat terrain,No junction,Asphalt roads,Dry,Daylight,Normal,Vehicle Collision,2,1,Moving forward,na,na,na,,Normal,Not a Pedestrian,Improper parking,Slight Injury
10:00:00,Friday,Over 51,Male,Owner,5-10yr,Pick up upto 10 Quintal,Owner,Residential areas,Two-way (divided with broken lines road marking),Tangent road with flat terrain,Crossing,Asphalt roads,Dry,Daylight,Normal,Stationary Object Collision,3,1,Moving forward,Male,18-30,3,Self-employed,Normal,Not a Pedestrian,Other,Slight Injury
10:00:00,Friday,Unknown,Male,Employee,2-5yr,Lorry (41 - 100 Quintal),Owner,Other,Two-way (divided with broken lines road marking),Tangent road with flat terrain,Crossing,Asphalt roads,Dry,Daylight,Normal,Vehicle Collision,3,1,Moving forward,na,na,na,Driver,Normal,Not a Pedestrian,Changing lane to the left,Slight Injury
10:00:00,Friday,Unknown,Female,Employee,2-5yr,Public (12 seats),Owner,Residential areas,Two-way (divided with broken lines road marking),Tangent road with flat terrain,Crossing,Asphalt roads,Dry,Daylight,Normal,Self-accident,3,1,Moving forward,Male,31-50,3,Driver,Normal,Not a Pedestrian,Changing lane to the right,Slight Injury
13:00:00,Wednesday,18-30,Male,Employee,2-5yr,Other,Owner,Other,Undivided Two way,Tangent road with flat terrain,No junction,Asphalt roads,Dry,Daylight,Normal,Vehicle Collision,1,1,Moving forward,na,na,na,,Normal,Not a Pedestrian,No priority to pedestrian,Serious Injury
08:00:00,Monday,31-50,Male,Employee,5-10yr,Lorry (41 - 100 Quintal),Owner,Residential areas,Double carriageway (median),Tangent road with flat terrain,Y Shape,Asphalt roads,Wet or damp,Daylight,Normal,Vehicle Collision,2,1,Turning,Male,18-30,3,Driver,Normal,Not a Pedestrian,Overspeed,Slight Injury
08:00:00,Monday,Unknown,Male,Employee,1-2yr,Pick up upto 10 Quintal,Owner,Office areas,Two-way (divided with broken lines road marking),Tangent road with flat terrain,Y Shape,Asphalt roads,Wet or damp,Daylight,Normal,Vehicle Collision,2,1,Moving forward,na,na,na,Driver,Normal,Not a Pedestrian,Changing lane to the left,Slight Injury
08:00:00,Friday,31-50,Male,Owner,2-5yr,Other,Owner,Office areas,Two-way (divided with broken lines road marking),Tangent road with mild grade and flat terrain,Crossing,Asphalt roads,Dry,Daylight,Normal,Vehicle Collision,1,1,Moving forward,Male,18-30,3,Driver,Normal,Not a Pedestrian,No priority to vehicle,Slight Injury
17:00:00,Thursday,31-50,Male,Owner,2-5yr,Lorry (41 - 100 Quintal),Owner,Office areas,Double carriageway (median),Tangent road with flat terrain,No junction,Asphalt roads,Dry,Darkness - lights lit,Normal,Vehicle Collision,2,1,Moving forward,Female,18-30,3,Self-employed,Normal,Not a Pedestrian,Changing lane to the right,Slight Injury
17:00:00,Thursday,31-50,Male,Employee,5-10yr,Ridden horse,Owner,  Recreational areas,Two-way (divided with broken lines road marking),Tangent road with flat terrain,No junction,Asphalt roads,Dry,Darkness - lights lit,Normal,Pedestrian Collision,2,1,Moving forward,Male,Over 51,3,Driver,Normal,Not a Pedestrian,No distancing,Slight Injury
14:00:00,Friday,Over 51,Male,Owner,1-2yr,Automobile,Owner,Other,Two-way (divided with broken lines road marking),Tangent road with flat terrain,No junction,Asphalt roads,Dry,Daylight,Normal,Self-accident,1,1,Turning,na,na,na,Driver,Normal,Not a Pedestrian,No priority to pedestrian,Serious Injury
19:00:00,Friday,31-50,Male,Employee,Below 1yr,Automobile,Owner,Other,other,Tangent road with flat terrain,Crossing,Asphalt roads,Dry,Darkness - lights lit,Normal,Vehicle Collision,2,1,Moving forward,Female,18-30,3,,Normal,Not a Pedestrian,No distancing,Slight Injury
19:00:00,Friday,Over 51,Male,Employee,1-2yr,Stationwagen,Owner,Other,Two-way (divided with broken lines road marking),Tangent road with flat terrain,Crossing,Asphalt roads,Dry,Darkness - lights lit,Normal,Self-accident,2,1,Moving forward,na,na,na,Driver,Normal,Not a Pedestrian,No priority to vehicle,Slight Injury
06:00:00,Saturday,31-50,Male,Employee,1-2yr,Other,Owner,Other,Double carriageway (median),Tangent road with flat terrain,Y Shape,Asphalt roads,Wet or damp,Darkness - lights lit,Normal,Vehicle Collision,2,1,Moving backward,na,na,na,,,Not a Pedestrian,Other,Slight Injury
06:00:00,Saturday,18-30,Male,Employee,Above 10yr,Lorry (41 - 100 Quintal),Owner,Other,Undivided Two way,Tangent road with mountainous terrain and,Y Shape,Asphalt roads,Wet or damp,Darkness - lights lit,Normal,Vehicle Collision,2,1,Moving forward,Male,31-50,3,,,Not a Pedestrian,Driving carelessly,Slight Injury
11:00:00,Saturday,18-30,Male,Employee,1-2yr,Lorry (41 - 100 Quintal),Owner,Office areas,Two-way (divided with broken lines road marking),Tangent road with flat terrain,Crossing,Asphalt roads,Dry,Daylight,Normal,Vehicle Collision,2,1,Moving backward,Male,31-50,3,,,Not a Pedestrian,Changing lane to the left,Slight Injury
11:00:00,Saturday,31-50,Unknown,Employee,2-5yr,Long lorry,Owner,Office areas,Two-way (divided with broken lines road marking),Tangent road with flat terrain,Crossing,Asphalt roads,Dry,Daylight,Normal,Self-accident,2,1,Moving forward,na,na,na,Self-employed,Normal,Not a Pedestrian,Driving carelessly,Slight Injury
01:00:00,Sunday,Unknown,Male,Other,2-5yr,Stationwagen,Owner,Office areas,One way,Tangent road with flat terrain,Y Shape,Asphalt roads,Dry,Darkness - lights lit,Normal,Vehicle Collision,2,1,Moving forward,Male,18-30,3,Self-employed,Normal,Not a Pedestrian,Changing lane to the left,Slight Injury
01:00:00,Sunday,18-30,Male,Employee,Above 10yr,Public (12 seats),Owner,Residential areas,Double carriageway (median),Tangent road with flat terrain,Y Shape,Asphalt roads,Dry,Darkness - lights lit,Normal,Stationary Object Collision,2,1,Moving forward,na,na,na,Driver,Normal,Not a Pedestrian,No priority to vehicle,Slight Injury
08:00:00,Sunday,31-50,Male,Employee,5-10yr,Automobile,Governmental,  Recreational areas,Two-way (divided with broken lines road marking),Tangent road with flat terrain,Crossing,Asphalt roads,Dry,Daylight,Normal,Vehicle Collision,2,1,Moving forward,Male,18-30,3,Self-employed,Normal,Not a Pedestrian,No distancing,Slight Injury
08:00:00,Sunday,18-30,Male,Employee,1-2yr,Public (12 seats),Owner, Church areas,Double carriageway (median),Tangent road with flat terrain,Crossing,Asphalt roads,Dry,Daylight,Normal,Vehicle Collision,2,1,Turning,na,na,na,Driver,Normal,Not a Pedestrian,Changing lane to the right,Slight Injury
08:00:00,Tuesday,Unknown,Male,Employee,5-10yr,Lorry (41 - 100 Quintal),Owner,Office areas,Undivided Two way,Tangent road with flat terrain,Y Shape,Asphalt roads,Dry,Daylight,Normal,Vehicle Collision,1,1,Moving forward,Female,18-30,3,Self-employed,Normal,Not a Pedestrian,Changing lane to the right,Slight Injury
07:00:00,Monday,18-30,Male,Employee,2-5yr,Automobile,Owner,Other,Two-way (divided with broken lines road marking),Tangent road with flat terrain,No junction,Asphalt roads,Wet or damp,Daylight,Normal,Pedestrian Collision,2,1,Moving forward,Male,31-50,2,Employee,Normal,Not a Pedestrian,Driving at high speed,Slight Injury
07:00:00,Monday,31-50,Male,Employee,1-2yr,Lorry (41 - 100 Quintal),Owner,Residential areas,other,Steep grade downward with mountainous terrain,No junction,Asphalt roads,Wet or damp,Daylight,Normal,Vehicle Collision,2,1,Moving forward,na,na,na,Driver,Normal,Not a Pedestrian,No distancing,Slight Injury
17:00:00,Monday,18-30,Male,Employee,Above 10yr,Lorry (41 - 100 Quintal),Owner,School areas,other,Tangent road with flat terrain,Crossing,Asphalt roads,Dry,Darkness - lights lit,Normal,Vehicle Collision,2,1,Moving forward,na,na,na,Driver,Normal,Not a Pedestrian,Changing lane to the right,Slight Injury
17:00:00,Monday,Unknown,Male,Employee,2-5yr,Pick up upto 10 Quintal,Owner,Office areas,Two-way (divided with broken lines road marking),Tangent road with flat terrain,Crossing,Asphalt roads,Dry,Darkness - lights lit,Normal,Vehicle Collision,2,1,Moving forward,Male,18-30,3,Driver,Normal,Not a Pedestrian,Changing lane to the left,Slight Injury
07:00:00,Monday,18-30,Male,Employee,5-10yr,Other,Owner,Other,other,Tangent road with flat terrain,Crossing,Asphalt roads,Dry,Daylight,Normal,Self-accident,2,1,Moving forward,Male,18-30,3,Driver,Normal,Not a Pedestrian,Getting off the vehicle improperly,Serious Injury
07:00:00,Monday,18-30,Male,Employee,1-2yr,Automobile,Owner,Other,Two-way (divided with broken lines road marking),Tangent road with flat terrain,Crossing,Asphalt roads,Dry,Daylight,Normal,Stationary Object Collision,2,1,Stopping,na,na,na,Driver,Normal,Not a Pedestrian,Other,Serious Injury
08:00:00,Thursday,31-50,Male,Employee,5-10yr,Automobile,Organization,Office areas,Two-way (divided with broken lines road marking),Tangent road with mountainous terrain and,Y Shape,Asphalt roads,Dry,Daylight,Normal,Vehicle Collision,2,1,Turning,Female,31-50,2,Driver,Normal,Not a Pedestrian,Other,Slight Injury
08:00:00,Thursday,Unknown,Male,Employee,5-10yr,Lorry (11 - 40 Quintal),Owner,Office areas,Two-way (divided with broken lines road marking),Tangent road with flat terrain,Y Shape,Asphalt roads,Dry,Daylight,Normal,Vehicle Collision,2,1,Exiting,na,na,na,Self-employed,Normal,Not a Pedestrian,No distancing,Slight Injury
17:00:00,Wednesday,31-50,Male,Employee,5-10yr,Bajaj,Owner,Other,Undivided Two way,Tangent road with flat terrain,Y Shape,Asphalt roads,Dry,Darkness - lights lit,Normal,Stationary Object Collision,2,1,Moving backward,Male,31-50,3,Self-employed,Normal,Not a Pedestrian,No priority to vehicle,Slight Injury
17:00:00,Wednesday,Unknown,Female,Employee,2-5yr,Automobile,Owner,Office areas,Two-way (divided with broken lines road marking),Tangent road with flat terrain,Y Shape,Asphalt roads,Dry,Darkness - lights lit,Normal,Vehicle Collision,2,1,Moving backward,na,na,na,Self-employed,Normal,Not a Pedestrian,Overtaking,Slight Injury
07:00:00,Tuesday,31-50,Male,Employee,5-10yr,Lorry (41 - 100 Quintal),Owner, Industrial areas,Two-way (divided with broken lines road marking),Tangent road with flat terrain,No junction,Asphalt roads,Dry,Daylight,Normal,Vehicle Collision,2,2,Moving forward,Male,31-50,2,Driver,Normal,Not a Pedestrian,No priority to pedestrian,Slight Injury
07:00:00,Tuesday,18-30,Male,Employee,2-5yr,Lorry (11 - 40 Quintal),Owner,Office areas,Undivided Two way,Tangent road with flat terrain,No junction,Asphalt roads,Dry,Daylight,Normal,Vehicle Collision,2,2,Turning,Male,31-50,3,,Normal,Not a Pedestrian,No distancing,Slight Injury
07:00:00,Tuesday,18-30,Male,Employee,1-2yr,Lorry (11 - 40 Quintal),Owner,Other,Undivided Two way,Tangent road with flat terrain,No junction,Asphalt roads,Dry,Daylight,Normal,Self-accident,2,2,Moving forward,na,na,na,,Normal,Not a Pedestrian,Changing lane to the right,Slight Injury
00:00:00,Thursday,18-30,Male,Employee,1-2yr,Automobile,Owner,Other,Two-way (divided with broken lines road marking),Tangent road with flat terrain,No junction,Asphalt roads,Dry,Darkness - lights lit,Normal,Self-accident,3,1,Moving forward,Female,Under 18,3,Self-employed,Normal,Not a Pedestrian,Driving carelessly,Slight Injury
00:00:00,Thursday,Unknown,Female,Employee,5-10yr,Automobile,Owner,Office areas,Two-way (divided with broken lines road marking),Tangent road with flat terrain,No junction,Asphalt roads,Dry,Darkness - lights lit,Normal,Pedestrian Collision,3,1,Turning,Male,18-30,3,Driver,Normal,Not a Pedestrian,Changing lane to the right,Slight Injury
00:00:00,Thursday,Unknown,Female,Employee,unknown,Automobile,Owner, Church areas,,Tangent road with flat terrain,No junction,Asphalt roads,Dry,Darkness - lights lit,Normal,Vehicle Collision,3,1,Moving forward,na,na,na,Employee,Normal,Not a Pedestrian,Overtaking,Slight Injury
11:00:00,Wednesday,31-50,Male,Employee,5-10yr,Public (13 - 45 seats),Owner,Office areas,other,Tangent road with flat terrain,Crossing,Asphalt roads,Dry,Daylight,Normal,Vehicle Collision,2,1,Moving forward,na,na,na,Other,Normal,Not a Pedestrian,Other,Slight Injury
11:00:00,Wednesday,18-30,Male,Employee,1-2yr,Public (12 seats),Owner,Residential areas,other,Tangent road with flat terrain,Crossing,Asphalt roads,Dry,Daylight,Normal,Vehicle Collision,2,1,Turning,Male,Over 51,3,Driver,Normal,Not a Pedestrian,Driving to the left,Slight Injury
20:00:00,Tuesday,Unknown,Male,Employee,2-5yr,Other,Owner,  Recreational areas,Two-way (divided with broken lines road marking),Tangent road with flat terrain,No junction,Asphalt roads,Dry,Darkness - lights lit,Normal,Pedestrian Collision,2,1,Stopping,na,na,na,Driver,Normal,Not a Pedestrian,Driving at high speed,Slight Injury
20:00:00,Tuesday,Unknown,Male,Employee,Above 10yr,Automobile,Governmental,Other,other,Tangent road with flat terrain,No junction,Asphalt roads,Dry,Darkness - lights lit,Normal,Pedestrian Collision,2,1,Moving forward,Male,31-50,3,Driver,Normal,Not a Pedestrian,Unknown,Slight Injury
17:00:00,Tuesday,31-50,Male,Owner,5-10yr,Automobile,Owner, Church areas,Undivided Two way,Tangent road with flat terrain,Y Shape,Asphalt roads,Dry,Daylight,Normal,Vehicle Collision,2,1,Moving backward,na,na,na,,Normal,Not a Pedestrian,Changing lane to the right,Slight Injury
17:00:00,Tuesday,Unknown,Male,Employee,1-2yr,Public (13 - 45 seats),Owner,Other,One way,Tangent road with flat terrain,Y Shape,Asphalt roads,Dry,Daylight,Normal,Vehicle Collision,2,1,Exiting,Male,Under 18,3,Employee,Normal,Not a Pedestrian,No distancing,Slight Injury
22:00:00,Sunday,Unknown,Male,Employee,Above 10yr,Public (13 - 45 seats),Owner,Other,Two-way (divided with broken lines road marking),Tangent road with flat terrain,No junction,Asphalt roads,Dry,Darkness - lights lit,Normal,Vehicle Collision,1,1,Moving forward,na,na,na,,Normal,Not a Pedestrian,Other,Slight Injury
18:00:00,Wednesday,Unknown,Male,Employee,1-2yr,Automobile,Owner, Church areas,Undivided Two way,Tangent road with flat terrain,Crossing,Asphalt roads,Dry,Darkness - lights lit,Normal,Stationary Object Collision,1,1,Moving forward,Male,Over 51,3,,Normal,Not a Pedestrian,No priority to vehicle,Slight Injury
12:00:00,Tuesday,31-50,Male,Employee,2-5yr,Other,Owner,Office areas,Two-way (divided with broken lines road marking),Tangent road with mild grade and flat terrain,Y Shape,Asphalt roads,Dry,Daylight,Normal,Vehicle Collision,1,1,Turning,na,na,na,,Normal,Not a Pedestrian,Changing lane to the left,Slight Injury
08:00:00,Thursday,Under 18,Male,Employee,Above 10yr,Pick up upto 10 Quintal,Owner,Office areas,Double carriageway (median),Tangent road with flat terrain,No junction,Asphalt roads,Dry,Daylight,Normal,Stationary Object Collision,1,2,Moving backward,Male,18-30,3,,,Not a Pedestrian,No priority to pedestrian,Slight Injury
08:00:00,Thursday,Under 18,Male,Employee,2-5yr,Lorry (41 - 100 Quintal),Organization, Church areas,Two-way (divided with broken lines road marking),Tangent road with flat terrain,No junction,Asphalt roads,Dry,Daylight,Normal,Vehicle Collision,1,2,Moving forward,na,na,na,Driver,Normal,Not a Pedestrian,Overtaking,Slight Injury
10:00:00,Thursday,31-50,Male,Employee,5-10yr,Automobile,Organization,Other,Undivided Two way,Tangent road with mountainous terrain and,Crossing,Earth roads,Dry,Daylight,Normal,Vehicle Collision,1,1,Moving backward,Male,18-30,3,Self-employed,Normal,Not a Pedestrian,Driving carelessly,Slight Injury
14:00:00,Thursday,18-30,Male,Employee,5-10yr,Automobile,Owner,Other,Undivided Two way,Tangent road with flat terrain,Y Shape,Asphalt roads,Dry,Daylight,Normal,Stationary Object Collision,1,1,Moving forward,na,na,na,,,Not a Pedestrian,No priority to vehicle,Slight Injury
16:00:00,Thursday,31-50,Male,Employee,1-2yr,Lorry (41 - 100 Quintal),Owner, Church areas,Undivided Two way,Tangent road with flat terrain,Y Shape,Asphalt roads,Dry,Daylight,Normal,Vehicle Collision,1,1,Moving forward,Male,18-30,3,Driver,Normal,Not a Pedestrian,No priority to pedestrian,Slight Injury
17:00:00,Thursday,31-50,Male,Employee,5-10yr,Automobile,Owner, Industrial areas,Two-way (divided with broken lines road marking),Tangent road with mild grade and flat terrain,Y Shape,Asphalt roads,Dry,Darkness - lights lit,Normal,Vehicle Collision,1,1,Moving forward,Male,Over 51,2,Driver,Normal,Not a Pedestrian,Changing lane to the right,Slight Injury
23:00:00,Saturday,18-30,Male,Employee,5-10yr,Other,Owner,Office areas,Undivided Two way,Tangent road with flat terrain,No junction,Asphalt roads,Dry,Darkness - lights lit,Normal,Stationary Object Collision,2,1,Moving forward,Male,Over 51,2,Driver,Normal,Crossing from nearside - masked by parked or statioNot a Pedestrianry vehicle,Driving carelessly,Slight Injury
23:00:00,Saturday,18-30,Male,Employee,1-2yr,Automobile,Owner,School areas,Undivided Two way,Tangent road with flat terrain,No junction,Asphalt roads,Dry,Darkness - lights lit,Normal,Stationary Object Collision,2,1,Moving forward,Female,18-30,3,Driver,Normal,Not a Pedestrian,Changing lane to the right,Slight Injury
22:00:00,Saturday,Under 18,Male,Employee,5-10yr,Automobile,Owner,Other,Undivided Two way,Tangent road with flat terrain,Y Shape,Asphalt roads,Dry,Darkness - lights lit,Normal,Vehicle Collision,2,1,Moving forward,Male,18-30,3,Self-employed,Normal,Not a Pedestrian,Changing lane to the right,Slight Injury
22:00:00,Saturday,Unknown,Male,Employee,5-10yr,Automobile,Owner, Church areas,One way,Tangent road with flat terrain,Y Shape,Asphalt roads,Dry,Darkness - lights lit,Normal,Vehicle Collision,2,1,Moving forward,na,na,na,,,Not a Pedestrian,Changing lane to the left,Slight Injury
10:00:00,Friday,18-30,Male,Employee,2-5yr,Automobile,Owner,Office areas,Undivided Two way,Tangent road with flat terrain,No junction,Asphalt roads,Wet or damp,Daylight,Normal,Vehicle Collision,1,1,Moving forward,Male,18-30,3,,,Not a Pedestrian,Overturning,Slight Injury
19:00:00,Saturday,18-30,Male,Employee,1-2yr,Lorry (41 - 100 Quintal),Owner,Other,other,Steep grade downward with mountainous terrain,Crossing,Asphalt roads,Wet or damp,Darkness - lights lit,Normal,Vehicle Collision,2,1,Moving forward,Male,31-50,3,Driver,Normal,Not a Pedestrian,Driving carelessly,Slight Injury
19:00:00,Saturday,18-30,Male,Employee,5-10yr,Other,Owner,Other,other,Tangent road with flat terrain,Crossing,Asphalt roads,Wet or damp,Darkness - lights lit,Normal,Vehicle Collision,2,1,Moving forward,Female,31-50,3,Driver,Normal,Not a Pedestrian,No distancing,Slight Injury
15:00:00,Sunday,18-30,Male,Employee,Below 1yr,Pick up upto 10 Quintal,Owner,Other,Two-way (divided with broken lines road marking),Tangent road with flat terrain,Y Shape,Asphalt roads,Dry,Daylight,Normal,Vehicle Collision,2,1,Moving forward,na,na,na,,,Not a Pedestrian,Driving carelessly,Slight Injury