Time,Day,Age_band_of_driver,Sex_of_driver,Vehicle_driver_relation,Driving_experience,Type_of_vehicle,Owner_of_vehicle,Area_accident_occured,Lanes_or_Medians,Road_allignment,Types_of_Junction,Road_surface_type,Road_surface_conditions,Light_conditions,Weather_conditions,Type_of_collision,Number_of_vehicles_involved,Number_of_casualties,Vehicle_movement,Sex_of_casualty,Age_band_of_casualty,Casualty_severity,Work_of_casuality,Fitness_of_casuality,Pedestrian_movement,Cause_of_accident,Accident_severity
22:00:00,Wednesday,31-50,Male,Employee,2-5yr,Public (12 seats),Owner,Residential areas,Two-way (divided with broken lines road marking),Tangent road with flat terrain,Crossing,Asphalt roads,Dry,Darkness - lights lit,Normal,Vehicle Collision,1,1,Moving forward,na,na,na,,,Not a Pedestrian,Driving to the left,Slight Injury
22:00:00,Wednesday,31-50,Male,Employee,5-10yr,Automobile,Owner,Other,Two-way (divided with broken lines road marking),Tangent road with flat terrain,Crossing,Asphalt roads,Dry,Darkness - lights lit,Normal,Vehicle Collision,2,2,Other,na,na,na,,,Not a Pedestrian,Overtaking,Slight Injury
22:00:00,Wednesday,31-50,Male,Employee,5-10yr,Automobile,Organization,Residential areas,Undivided Two way,Tangent road with flat terrain,Crossing,Asphalt roads,Dry,Darkness - lights lit,Normal,Stationary Object Collision,2,2,Other,Female,Over 51,3,,,Not a Pedestrian,No distancing,Slight Injury
22:00:00,Wednesday,Unknown,Male,Employee,Above 10yr,Lorry (41 - 100 Quintal),Owner, Church areas,Two-way (divided with broken lines road marking),Tangent road with flat terrain,Crossing,Asphalt roads,Dry,Darkness - lights lit,Normal,Vehicle Collision,2,2,Moving forward,na,na,na,Other,Normal,Not a Pedestrian,Driving carelessly,Slight Injury
17:00:00,Monday,31-50,Male,Employee,5-10yr,Automobile,Governmental,Residential areas,Two-way (divided with broken lines road marking),Tangent road with flat terrain,Unknown,Asphalt roads,Dry,Darkness - lights lit,Normal,Vehicle Collision,1,1,Moving backward,Male,Under 18,3,Employee,Normal,Not a Pedestrian,No priority to vehicle,Slight Injury
10:00:00,Saturday,31-50,Male,Employee,5-10yr,Motorcycle,Owner,Office areas,One way,Tangent road with flat terrain,No junction,Gravel roads,Wet or damp,Daylight,Raining,Vehicle Collision,2,2,Other,Female,Under 18,3,Self-employed,Normal,Not a Pedestrian,No priority to vehicle,Slight Injury
19:00:00,Sunday,18-30,Male,Employee,Above 10yr,Automobile,Governmental,Residential areas,Two-way (divided with broken lines road marking),Tangent road with flat terrain,No junction,Asphalt roads,Dry,Daylight,Normal,Vehicle Collision,1,1,Turning,Female,5,3,Driver,Normal,Not a Pedestrian,No priority to vehicle,Serious Injury
16:00:00,Friday,Unknown,Male,Owner,5-10yr,Automobile,Owner,Other,One way,Tangent road with flat terrain,Other,Asphalt roads,Dry,Daylight,Normal,Pedestrian Collision,2,1,Moving forward,Male,Under 18,3,,,Not a Pedestrian,No priority to vehicle,Slight Injury
16:00:00,Friday,18-30,Male,Owner,5-10yr,Automobile,Owner, Industrial areas,Two-way (divided with broken lines road marking),Tangent road with flat terrain,Other,Asphalt roads,Dry,Daylight,Normal,Vehicle Collision,2,1,Moving forward,Female,Under 18,3,Other,Normal,Not a Pedestrian,No distancing,Slight Injury
16:00:00,Sunday,31-50,Male,Employee,5-10yr,Automobile,Owner, Church areas,Two-way (divided with broken lines road marking),Tangent road with flat terrain,Y Shape,Asphalt roads,Dry,Daylight,Normal,Vehicle Collision,2,1,Moving forward,Male,Under 18,3,,,Not a Pedestrian,Moving Backward,Slight Injury
16:00:00,Sunday,31-50,Male,Employee,Below 1yr,Public (> 45 seats),Owner,Residential areas,Undivided Two way,Steep grade downward with mountainous terrain,Y Shape,Asphalt roads,Dry,Daylight,Normal,Vehicle Collision,2,1,Moving forward,Male,18-30,3,Driver,Normal,Not a Pedestrian,No distancing,Slight Injury
16:00:00,Thursday,Over 51,Male,Employee,5-10yr,Automobile,Owner,Other,Two-way (divided with broken lines road marking),Tangent road with flat terrain,No junction,Asphalt roads,Dry,Daylight,Normal,Vehicle Collision,1,1,Moving forward,Male,Over 51,3,Driver,Normal,Crossing from nearside - masked by parked or statioNot a Pedestrianry vehicle,Changing lane to the left,Slight Injury
18:00:00,Wednesday,Under 18,Male,Employee,5-10yr,Automobile,Owner,Other,Two-way (divided with broken lines road marking),Tangent road with flat terrain,Y Shape,Asphalt roads,Dry,Daylight,Normal,Vehicle Collision,2,1,Moving forward,na,na,na,Driver,Normal,Not a Pedestrian,Changing lane to the left,Slight Injury
18:00:00,Wednesday,31-50,Male,Employee,5-10yr,Automobile,Owner,Office areas,Undivided Two way,Tangent road with flat terrain,Y Shape,Asphalt roads,Dry,Daylight,Normal,Vehicle Collision,2,1,Moving forward,Male,18-30,3,Driver,Normal,Not a Pedestrian,No priority to pedestrian,Slight Injury
08:00:00,Friday,18-30,Male,Employee,Above 10yr,Other,Owner, Outside rural areas,Two-way (divided with broken lines road marking),Tangent road with mountainous terrain and,Y Shape,Asphalt roads,Dry,Daylight,Normal,Vehicle Collision,2,1,Moving forward,na,na,na,Driver,Normal,Not a Pedestrian,Moving Backward,Slight Injury
08:00:00,Friday,Over 51,Male,Employee,Above 10yr,Stationwagen,Owner, Church areas,Two-way (divided with broken lines road marking),Steep grade downward with mountainous terrain,Y Shape,Asphalt roads,Dry,Daylight,Normal,Vehicle Collision,2,1,Moving forward,Male,31-50,3,Driver,Normal,Not a Pedestrian,Changing lane to the left,Slight Injury
09:00:00,Monday,Over 51,Male,Employee,Above 10yr,Lorry (41 - 100 Quintal),Owner,Office areas,other,Tangent road with mountainous terrain and,Crossing,Asphalt roads,Dry,Daylight,Normal,Pedestrian Collision,1,1,Other,na,na,na,Driver,Normal,Not a Pedestrian,No distancing,Serious Injury
16:00:00,Friday,31-50,Male,Employee,Above 10yr,Taxi,Owner, Church areas,Two-way (divided with broken lines road marking),Steep grade downward with mountainous terrain,Y Shape,Asphalt roads,Dry,Daylight,Normal,Vehicle Collision,1,1,Moving forward,Male,5,3,Driver,Normal,Not a Pedestrian,No priority to vehicle,Slight Injury
21:00:00,Thursday,18-30,Male,Employee,Above 10yr,Other,Owner,Office areas,other,Tangent road with mountainous terrain and,No junction,Asphalt roads,Dry,Darkness - lights unlit,Unknown,Vehicle Collision,2,1,Moving forward,Male,31-50,3,Self-employed,Normal,Not a Pedestrian,Changing lane to the right,Slight Injury
21:00:00,Thursday,Unknown,Male,Employee,Above 10yr,Public (12 seats),Governmental,Office areas,Undivided Two way,Tangent road with flat terrain,No junction,Asphalt roads,Dry,Darkness - lights unlit,Unknown,Vehicle Collision,2,1,Moving backward,na,na,na,Other,Normal,Not a Pedestrian,No distancing,Slight Injury
18:00:00,Friday,Unknown,Female,Employee,5-10yr,Automobile,Owner,School areas,Two-way (divided with broken lines road marking),Tangent road with flat terrain,No junction,Asphalt roads,Dry,Daylight,Normal,Vehicle Collision,1,1,Moving forward,Male,31-50,3,Driver,Normal,Not a Pedestrian,No distancing,Slight Injury
20:00:00,Monday,Under 18,Male,Employee,2-5yr,Automobile,Owner,Residential areas,Two-way (divided with broken lines road marking),Tangent road with flat terrain,Y Shape,Asphalt roads,Wet or damp,Daylight,Raining,Stationary Object Collision,2,1,Moving backward,na,na,na,Driver,Normal,Not a Pedestrian,Getting off the vehicle improperly,Slight Injury
20:00:00,Monday,31-50,Male,Employee,Below 1yr,Public (13 - 45 seats),Owner,Office areas,other,Tangent road with mountainous terrain and,Y Shape,Asphalt roads,Wet or damp,Daylight,Raining,Vehicle Collision,2,1,Other,Female,Over 51,2,Self-employed,Normal,Not a Pedestrian,No priority to pedestrian,Slight Injury
04:00:00,Saturday,18-30,Male,Employee,Below 1yr,Lorry (41 - 100 Quintal),Owner,Rural village areasOffice areas,other,Tangent road with flat terrain,No junction,Other,Dry,Darkness - lights lit,Normal,Vehicle Collision,2,1,Moving forward,Female,18-30,3,Driver,Normal,Not a Pedestrian,Changing lane to the left,Slight Injury
04:00:00,Saturday,Unknown,Male,Employee,2-5yr,Lorry (41 - 100 Quintal),Owner,Other,Two-way (divided with broken lines road marking),Tangent road with flat terrain,No junction,Asphalt roads,Dry,Darkness - lights lit,Normal,Vehicle Collision,2,1,Moving backward,na,na,na,Driver,Normal,Not a Pedestrian,No distancing,Slight Injury
08:00:00,Thursday,18-30,Male,Employee,Below 1yr,Lorry (11 - 40 Quintal),Owner,Residential areas,Undivided Two way,Tangent road with flat terrain,No junction,Asphalt roads,Dry,Daylight,Normal,Vehicle Collision,1,1,Moving forward,Male,18-30,3,Driver,Normal,Not a Pedestrian,Driving carelessly,Slight Injury
09:00:00,Thursday,Unknown,Female,Employee,Below 1yr,Motorcycle,Owner,Office areas,Undivided Two way,Tangent road with flat terrain,T Shape,Asphalt roads,Dry,Daylight,Normal,Vehicle Collision,2,1,Other,Female,31-50,3,Other,Normal,Not a Pedestrian,No distancing,Slight Injury
09:00:00,Thursday,18-30,Male,Employee,5-10yr,Lorry (41 - 100 Quintal),Owner,Office areas,Undivided Two way,Tangent road with flat terrain,T Shape,Asphalt roads,Dry,Daylight,Normal,Vehicle Collision,2,1,Other,na,na,na,,Normal,Not a Pedestrian,Changing lane to the right,Slight Injury
13:00:00,Thursday,Over 51,Male,Employee,5-10yr,Stationwagen,Owner,Residential areas,Undivided Two way,Tangent road with flat terrain,No junction,Asphalt roads,Dry,Daylight,Unknown,Vehicle Collision,1,1,Other,Female,31-50,3,Driver,Normal,Not a Pedestrian,Overtaking,Slight Injury
12:00:00,Saturday,18-30,Male,Employee,Below 1yr,Automobile,Owner,Office areas,Undivided Two way,Tangent road with flat terrain,No junction,Asphalt roads,Dry,Daylight,Normal,Stationary Object Collision,1,1,Stopping,na,na,na,Driver,Normal,Not a Pedestrian,Driving carelessly,Slight Injury
11:00:00,Friday,18-30,Male,Employee,Below 1yr,Other,Owner,Office areas,Undivided Two way,Tangent road with flat terrain,No junction,Asphalt roads,Dry,Daylight,Normal,Vehicle Collision,1,1,Other,Male,18-30,3,Driver,Normal,Not a Pedestrian,Moving Backward,Serious Injury
14:00:00,Friday,31-50,Male,Employee,1-2yr,Other,Owner,Office areas,,Tangent road with flat terrain,Other,Other,Dry,Daylight,Unknown,Vehicle Collision,2,3,Other,na,na,na,Driver,Normal,Not a Pedestrian,No distancing,Slight Injury
14:00:00,Friday,18-30,Male,Employee,Above 10yr,Taxi,Owner,Office areas,Two-way (divided with broken lines road marking),Tangent road with flat terrain,Other,Asphalt roads,Dry,Daylight,Unknown,Vehicle Collision,2,3,Other,Female,Over 51,3,Driver,Normal,Not a Pedestrian,Overtaking,Slight Injury
14:00:00,Friday,18-30,Male,Employee,Above 10yr,Automobile,Owner,Other,Undivided Two way,Tangent road with flat terrain,Other,Asphalt roads,Dry,Daylight,Unknown,Vehicle Collision,2,3,Moving forward,na,na,na,,,Not a Pedestrian,Driving carelessly,Slight Injury
14:00:00,Friday,18-30,Male,Employee,Below 1yr,Long lorry,Owner,Other,Two-way (divided with broken lines road marking),Tangent road with flat terrain,Other,Asphalt roads,Dry,Daylight,Unknown,Self-accident,2,3,Moving forward,Female,Under 18,3,Driver,Normal,Not a Pedestrian,Driving carelessly,Slight Injury
16:00:00,Wednesday,Unknown,Male,Employee,2-5yr,Long lorry,Owner,Other,Two-way (divided with broken lines road marking),Tangent road with flat terrain,Crossing,Asphalt roads,Dry,Daylight,Normal,Vehicle Collision,2,1,Moving forward,Male,5,2,Driver,Normal,Not a Pedestrian,Moving Backward,Slight Injury
16:00:00,Wednesday,Over 51,Male,Employee,2-5yr,Lorry (41 - 100 Quintal),Owner,Residential areas,One way,Tangent road with flat terrain,Crossing,Asphalt roads,Dry,Daylight,Normal,Vehicle Collision,2,1,Moving forward,na,na,na,Driver,Normal,Not a Pedestrian,Driving carelessly,Slight Injury
23:00:00,Saturday,Unknown,Male,Employee,Above 10yr,Lorry (41 - 100 Quintal),Owner,School areas,Undivided Two way,Tangent road with mild grade and flat terrain,No junction,Asphalt roads,Wet or damp,Darkness - lights lit,Normal,Stationary Object Collision,2,1,Moving forward,Female,18-30,2,Driver,Normal,Not a Pedestrian,Driving to the left,Slight Injury
23:00:00,Saturday,18-30,Male,Employee,2-5yr,Lorry (11 - 40 Quintal),Owner,Residential areas,Undivided Two way,Tangent road with mild grade and flat terrain,No junction,Asphalt roads,Wet or damp,Darkness - lights lit,Normal,Vehicle Collision,2,1,Moving forward,Male,31-50,3,Self-employed,Normal,Not a Pedestrian,Changing lane to the left,Slight Injury
15:00:00,Tuesday,Unknown,Male,Employee,2-5yr,Automobile,Owner,Office areas,Two-way (divided with broken lines road marking),Tangent road with flat terrain,No junction,Asphalt roads,Dry,Daylight,Normal,Vehicle Collision,2,1,Moving forward,na,na,na,,,Not a Pedestrian,No distancing,Slight Injury
15:00:00,Tuesday,31-50,Male,Employee,1-2yr,Taxi,Owner, Church areas,One way,Tangent road with flat terrain,No junction,Asphalt roads,Dry,Daylight,Normal,Vehicle Collision,2,1,Moving forward,Male,18-30,3,Driver,Normal,Not a Pedestrian,No distancing,Slight Injury
14:00:00,Tuesday,31-50,Male,Employee,5-10yr,Other,Owner,Other,Undivided Two way,Tangent road with flat terrain,Y Shape,Other,Dry,Daylight,Normal,Stationary Object Collision,2,1,Moving forward,na,na,na,Self-employed,Normal,Not a Pedestrian,Changing lane to the right,Serious Injury
14:00:00,Tuesday,Under 18,Male,Employee,Below 1yr,Automobile,Owner,Other,One way,Tangent road with flat terrain,Y Shape,Asphalt roads,Dry,Daylight,Normal,Stationary Object Collision,2,1,Moving forward,Male,Under 18,3,Driver,Normal,Not a Pedestrian,Driving under the influence of drugs,Serious Injury
19:00:00,Tuesday,Over 51,Male,Employee,Below 1yr,Automobile,Owner,Other,Two-way (divided with broken lines road marking),Tangent road with flat terrain,No junction,Asphalt roads,Dry,Darkness - lights unlit,Normal,Vehicle Collision,2,1,Moving forward,Male,31-50,3,Employee,Normal,Not a Pedestrian,Changing lane to the right,Serious Injury
19:00:00,Tuesday,31-50,Male,Employee,5-10yr,Automobile,Owner,Other,Two-way (divided with broken lines road marking),Tangent road with flat terrain,No junction,Asphalt roads,Dry,Darkness - lights unlit,Normal,Vehicle Collision,2,1,Moving backward,Female,Over 51,2,Driver,Normal,Not a Pedestrian,Changing lane to the left,Serious Injury
17:00:00,Saturday,31-50,Male,Employee,Below 1yr,Automobile,Owner,Office areas,Undivided Two way,Tangent road with flat terrain,Crossing,Asphalt roads,Dry,Daylight,Normal,Stationary Object Collision,2,8,Moving forward,Male,31-50,3,Self-employed,Normal,Not a Pedestrian,Moving Backward,Slight Injury
17:00:00,Saturday,31-50,Male,Employee,1-2yr,Public (> 45 seats),Owner,Office areas,Two-way (divided with solid lines road marking),Tangent road with flat terrain,Crossing,Asphalt roads with some distress,Dry,Daylight,Normal,Stationary Object Collision,2,8,Other,na,na,na,,,Not a Pedestrian,No distancing,Slight Injury
17:00:00,Saturday,31-50,Male,Employee,2-5yr,Lorry (11 - 40 Quintal),Owner,Residential areas,Undivided Two way,Tangent road with flat terrain,Crossing,Asphalt roads,Dry,Daylight,Normal,Vehicle Collision,2,8,Moving forward,Male,31-50,3,Driver,Normal,Not a Pedestrian,Changing lane to the right,Slight Injury
17:00:00,Saturday,31-50,Male,Employee,1-2yr,Lorry (41 - 100 Quintal),Owner,Office areas,One way,Tangent road with flat terrain,Crossing,Asphalt roads,Dry,Daylight,Normal,Vehicle Collision,2,8,Exiting,Male,18-30,3,Driver,Normal,Not a Pedestrian,Moving Backward,Slight Injury
17:00:00,Saturday,31-50,Male,Employee,5-10yr,Lorry (41 - 100 Quintal),Owner,Residential areas,Two-way (divided with broken lines road marking),Tangent road with flat terrain,Crossing,Asphalt roads,Dry,Daylight,Normal,Vehicle Collision,2,8,Moving forward,Female,Under 18,3,Driver,Normal,Not a Pedestrian,No distancing,Slight Injury
17:00:00,Saturday,18-30,Male,Employee,Below 1yr,Stationwagen,Owner,Office areas,Undivided Two way,Tangent road with flat terrain,Crossing,Asphalt roads,Dry,Daylight,Normal,Stationary Object Collision,2,8,Moving forward,na,na,na,,Normal,Not a Pedestrian,Driving to the left,Slight Injury
17:00:00,Saturday,18-30,Male,Employee,Above 10yr,Other,Owner,Other,Two-way (divided with broken lines road marking),Tangent road with flat terrain,Crossing,Asphalt roads,Dry,Daylight,Normal,Vehicle Collision,2,8,Moving forward,Male,18-30,3,,,Not a Pedestrian,Driving to the left,Slight Injury
17:00:00,Saturday,18-30,Male,Owner,5-10yr,Automobile,Owner,Office areas,One way,Tangent road with flat terrain,Crossing,Earth roads,Dry,Daylight,Normal,Vehicle Collision,2,8,Moving forward,Male,18-30,3,Driver,Normal,Not a Pedestrian,Moving Backward,Slight Injury
14:00:00,Thursday,Unknown,Female,Employee,Below 1yr,Pick up upto 10 Quintal,Owner,School areas,Undivided Two way,Tangent road with flat terrain,Unknown,Asphalt roads,Dry,Daylight,Normal,Vehicle Collision,2,1,Turning,na,na,na,,Normal,Not a Pedestrian,Moving Backward,Slight Injury
14:00:00,Thursday,18-30,Male,Employee,5-10yr,Motorcycle,Owner,Residential areas,One way,Tangent road with flat terrain,Unknown,Asphalt roads,Dry,Daylight,Normal,Self-accident,2,1,Moving forward,na,na,na,,Normal,Not a Pedestrian,Overtaking,Slight Injury
16:00:00,Tuesday,31-50,Male,Owner,5-10yr,Automobile,Owner,Office areas,Undivided Two way,Tangent road with flat terrain,Unknown,Asphalt roads,Wet or damp,Daylight,Raining,Vehicle Collision,1,1,Moving forward,Male,18-30,3,Self-employed,Normal,Not a Pedestrian,Driving carelessly,Slight Injury
19:00:00,Thursday,18-30,Unknown,Employee,2-5yr,Pick up upto 10 Quintal,Owner,Residential areas,Undivided Two way,Tangent road with flat terrain,No junction,Asphalt roads,Dry,Daylight,Normal,Vehicle Collision,1,1,Moving forward,Female,Over 51,3,Self-employed,Normal,Not a Pedestrian,Changing lane to the left,Slight Injury
20:00:00,Thursday,18-30,Male,Employee,Above 10yr,Motorcycle,Owner,Office areas,Undivided Two way,Tangent road with flat terrain,No junction,Asphalt roads,Dry,Darkness - lights lit,Normal,Pedestrian Collision,1,1,Moving forward,Male,18-30,2,,Normal,Not a Pedestrian,Driving under the influence of drugs,Fatal injury
19:00:00,Thursday,31-50,Male,Employee,5-10yr,Stationwagen,Owner,Office areas,Two-way (divided with broken lines road marking),Tangent road with flat terrain,Other,Asphalt roads,Dry,Darkness - lights lit,Normal,Vehicle Collision,2,1,Other,na,na,na,Driver,Normal,Not a Pedestrian,No distancing,Slight Injury
19:00:00,Thursday,18-30,Male,Employee,1-2yr,Lorry (41 - 100 Quintal),Owner,Residential areas,Undivided Two way,Tangent road with flat terrain,Other,Asphalt roads,Dry,Darkness - lights lit,Normal,Vehicle Collision,2,1,Moving forward,Male,18-30,3,Other,Normal,Not a Pedestrian,Moving Backward,Slight Injury
15:00:00,Thursday,31-50,Male,Employee,5-10yr,Taxi,Owner,Other,Two-way (divided with broken lines road marking),Tangent road with flat terrain,No junction,Asphalt roads,Dry,Daylight,Other,Vehicle Collision,1,1,Turning,na,na,na,Employee,Normal,Not a Pedestrian,Changing lane to the left,Slight Injury
16:00:00,Friday,Unknown,Female,Employee,2-5yr,Automobile,Owner, Industrial areas,Undivided Two way,Tangent road with flat terrain,Y Shape,Asphalt roads,Dry,Daylight,Normal,Vehicle Collision,2,1,Moving forward,na,na,na,Driver,Normal,Not a Pedestrian,Changing lane to the right,Serious Injury
16:00:00,Friday,31-50,Male,Employee,Below 1yr,Long lorry,Owner,Office areas,Two-way (divided with broken lines road marking),Tangent road with flat terrain,Y Shape,Asphalt roads,Dry,Daylight,Normal,Stationary Object Collision,2,1,Moving forward,Male,18-30,3,Driver,Normal,Not a Pedestrian,No distancing,Serious Injury
14:00:00,Thursday,Unknown,Male,Employee,Below 1yr,Automobile,Organization,  Recreational areas,Two-way (divided with broken lines road marking),Tangent road with flat terrain,Crossing,Asphalt roads,Dry,Daylight,Normal,Vehicle Collision,2,1,Moving forward,Female,31-50,3,Employee,Normal,Not a Pedestrian,Driving at high speed,Slight Injury
14:00:00,Thursday,Over 51,Male,Employee,5-10yr,Public (12 seats),Owner,Residential areas,Two-way (divided with broken lines road marking),Tangent road with flat terrain,Crossing,Gravel roads,Dry,Daylight,Normal,Vehicle Collision,2,1,Moving forward,na,na,na,Driver,Normal,Not a Pedestrian,Changing lane to the right,Slight Injury
13:00:00,Thursday,Over 51,Male,Owner,5-10yr,Lorry (11 - 40 Quintal),Owner,Residential areas,Undivided Two way,Tangent road with flat terrain,No junction,Asphalt roads,Dry,Daylight,Normal,Vehicle Collision,2,2,Moving forward,Male,18-30,3,Driver,Normal,Not a Pedestrian,No priority to vehicle,Serious Injury
13:00:00,Thursday,18-30,Male,Employee,1-2yr,Pick up upto 10 Quintal,Owner, Church areas,Undivided Two way,Steep grade downward with mountainous terrain,No junction,Asphalt roads,Dry,Daylight,Normal,Vehicle Collision,2,2,Other,Male,18-30,3,Driver,Normal,Not a Pedestrian,No distancing,Serious Injury
17:00:00,Monday,31-50,Male,Employee,5-10yr,Lorry (41 - 100 Quintal),Owner,Residential areas,Undivided Two way,Tangent road with flat terrain,No junction,Asphalt roads,Dry,Daylight,Normal,Stationary Object Collision,1,1,Moving forward,na,na,na,Driver,Normal,Not a Pedestrian,Turnover,Slight Injury
10:00:00,Sunday,31-50,Male,Employee,Above 10yr,Other,Owner,Other,other,Tangent road with flat terrain,No junction,Asphalt roads,Dry,Daylight,Normal,Vehicle Collision,2,2,Moving forward,Male,31-50,3,,Normal,Not a Pedestrian,No distancing,Slight Injury
10:00:00,Sunday,31-50,Male,Owner,1-2yr,Automobile,Owner,Other,Undivided Two way,Tangent road with flat terrain,No junction,Asphalt roads,Dry,Daylight,Normal,Stationary Object Collision,2,2,Other,na,na,na,,Normal,Not a Pedestrian,Changing lane to the right,Slight Injury
23:00:00,Saturday,31-50,Male,Employee,5-10yr,Long lorry,Owner,Other,Two-way (divided with solid lines road marking),Tangent road with flat terrain,Y Shape,Asphalt roads,Dry,Darkness - lights lit,Normal,Vehicle Collision,2,1,Moving forward,Male,Under 18,3,,Normal,Not a Pedestrian,No distancing,Slight Injury
23:00:00,Saturday,18-30,Male,Employee,Above 10yr,Lorry (11 - 40 Quintal),Owner, Church areas,Two-way (divided with solid lines road marking),Tangent road with flat terrain,Y Shape,Asphalt roads,Dry,Darkness - lights lit,Normal,Self-accident,2,1,Moving forward,na,na,na,,Normal,Not a Pedestrian,Changing lane to the left,Slight Injury
06:00:00,Wednesday,Over 51,Male,Owner,2-5yr,Long lorry,Governmental,Other,Two-way (divided with solid lines road marking),Tangent road with flat terrain,Y Shape,Asphalt roads,Dry,Darkness - lights lit,Normal,Vehicle Collision,1,1,Moving forward,Female,31-50,3,,Normal,Not a Pedestrian,Driving carelessly,Slight Injury
16:00:00,Thursday,Over 51,Male,Employee,5-10yr,Automobile,Owner, Church areas,Two-way (divided with solid lines road marking),Tangent road with flat terrain,No junction,Asphalt roads,Dry,Daylight,Normal,Vehicle Collision,3,1,Moving forward,na,na,na,,Normal,Not a Pedestrian,Changing lane to the right,Slight Injury
16:00:00,Thursday,18-30,Male,Employee,Below 1yr,Taxi,Owner, Church areas,Two-way (divided with broken lines road marking),Tangent road with flat terrain,No junction,Asphalt roads,Dry,Daylight,Normal,Vehicle Collision,3,1,Moving forward,Male,Over 51,3,,,Not a Pedestrian,No priority to vehicle,Slight Injury
16:00:00,Thursday,31-50,Male,Employee,5-10yr,Taxi,Owner,Other,Undivided Two way,Tangent road with flat terrain,No junction,Asphalt roads,Dry,Daylight,Normal,Vehicle Collision,3,1,Moving backward,na,na,na,Self-employed,,Not a Pedestrian,No distancing,Slight Injury
11:00:00,Saturday,31-50,Male,Employee,Above 10yr,Long lorry,Governmental,Other,Undivided Two way,Tangent road with flat terrain,Y Shape,Asphalt roads,Dry,Daylight,Normal,Vehicle Collision,1,1,Moving backward,na,na,na,Self-employed,Normal,Not a Pedestrian,No priority to pedestrian,Slight Injury
08:00:00,Wednesday,18-30,Male,Employee,5-10yr,Lorry (11 - 40 Quintal),Owner,School areas,other,Tangent road with flat terrain,Unknown,Asphalt roads,Wet or damp,Daylight,Raining,Pedestrian Collision,2,1,Moving forward,Male,31-50,3,,Normal,Not a Pedestrian,No priority to pedestrian,Slight Injury
08:00:00,Wednesday,18-30,Male,Employee,1-2yr,Lorry (11 - 40 Quintal),Owner,Residential areas,Undivided Two way,Tangent road with flat terrain,Unknown,Asphalt roads,Wet or damp,Daylight,Raining,Self-accident,2,1,Moving forward,Male,31-50,3,,,Not a Pedestrian,No priority to vehicle,Slight Injury
08:00:00,Tuesday,31-50,Male,Employee,5-10yr,Long lorry,Owner,Other,Two-way (divided with broken lines road marking),Tangent road with flat terrain,Crossing,Asphalt roads,Wet or damp,Daylight,Raining,Vehicle Collision,2,3,Moving forward,Male,18-30,3,Driver,Normal,Not a Pedestrian,Changing lane to the left,Slight Injury
08:00:00,Tuesday,31-50,Male,Employee,1-2yr,Turbo,Owner,Office areas,Undivided Two way,Tangent road with flat terrain,Crossing,Asphalt roads,Wet or damp,Daylight,Raining,Self-accident,2,3,Moving forward,Female,18-30,3,,,Not a Pedestrian,Changing lane to the left,Slight Injury
08:00:00,Tuesday,31-50,Male,Owner,1-2yr,Long lorry,Owner,Residential areas,Undivided Two way,Tangent road with flat terrain,Crossing,Asphalt roads,Wet or damp,Daylight,Raining,Vehicle Collision,2,3,Moving backward,na,na,na,,,Not a Pedestrian,No distancing,Slight Injury
22:00:00,Monday,18-30,Male,Owner,1-2yr,Long lorry,Owner,Other,One way,Steep grade downward with mountainous terrain,No junction,Asphalt roads,Dry,Darkness - lights lit,Normal,Vehicle Collision,2,1,Moving forward,Male,31-50,3,,,Not a Pedestrian,No priority to vehicle,Slight Injury
22:00:00,Monday,Unknown,Female,Owner,5-10yr,Public (13 - 45 seats),Owner,Residential areas,Two-way (divided with broken lines road marking),Tangent road with flat terrain,No junction,Asphalt roads,Dry,Darkness - lights lit,Normal,Vehicle Collision,2,1,Moving forward,na,na,na,Other,Normal,Not a Pedestrian,No distancing,Slight Injury
15:00:00,Monday,Unknown,Female,Employee,5-10yr,Automobile,Owner,Residential areas,Undivided Two way,Tangent road with flat terrain,Y Shape,Asphalt roads,Dry,Daylight,Normal,Self-accident,1,1,Other,na,na,na,Employee,Normal,Not a Pedestrian,No distancing,Serious Injury
11:00:00,Saturday,Over 51,Male,Employee,5-10yr,Automobile,Owner,Residential areas,Two-way (divided with broken lines road marking),Tangent road with flat terrain,Y Shape,Asphalt roads,Dry,Daylight,Normal,Vehicle Collision,2,1,Moving forward,Male,18-30,3,Self-employed,Normal,Not a Pedestrian,Changing lane to the right,Slight Injury
11:00:00,Saturday,18-30,Male,Owner,Below 1yr,Pick up upto 10 Quintal,Owner,Other,other,Tangent road with flat terrain,Y Shape,Other,Dry,Daylight,Normal,Stationary Object Collision,2,1,Turning,na,na,na,Driver,Normal,Not a Pedestrian,Changing lane to the left,Slight Injury
11:00:00,Saturday,18-30,Male,Employee,Above 10yr,Automobile,Owner,Other,Undivided Two way,Tangent road with flat terrain,No junction,Asphalt roads,Dry,Daylight,Normal,Vehicle Collision,2,1,Moving forward,Female,31-50,3,,,Not a Pedestrian,No distancing,Slight Injury
11:00:00,Saturday,18-30,Male,Employee,5-10yr,Stationwagen,Owner,Other,One way,Tangent road with flat terrain,No junction,Asphalt roads,Dry,Daylight,Normal,Vehicle Collision,2,1,Moving forward,Male,Under 18,3,Other,Normal,Not a Pedestrian,Overturning,Slight Injury
21:00:00,Monday,18-30,Male,Employee,Below 1yr,Automobile,Owner, Hospital areas,Undivided Two way,Tangent road with flat terrain,Crossing,Asphalt roads,Dry,Darkness - lights lit,Normal,Vehicle Collision,2,1,Moving forward,Male,18-30,2,,,Not a Pedestrian,No priority to vehicle,Slight Injury