Time,Day,Age_band_of_driver,Sex_of_driver,Vehicle_driver_relation,Driving_experience,Type_of_vehicle,Owner_of_vehicle,Area_accident_occured,Lanes_or_Medians,Road_allignment,Types_of_Junction,Road_surface_type,Road_surface_conditions,Light_conditions,Weather_conditions,Type_of_collision,Number_of_vehicles_involved,Number_of_casualties,Vehicle_movement,Sex_of_casualty,Age_band_of_casualty,Casualty_severity,Work_of_casuality,Fitness_of_casuality,Pedestrian_movement,Cause_of_accident,Accident_severity
21:00:00,Monday,Unknown,Male,Employee,Above 10yr,Automobile,Owner,Residential areas,Undivided Two way,Tangent road with flat terrain,Crossing,Asphalt roads,Dry,Darkness - lights lit,Normal,Pedestrian Collision,2,1,Moving forward,Male,31-50,3,Driver,Normal,Not a Pedestrian,Moving Backward,Slight Injury
14:00:00,Wednesday,31-50,Male,Employee,5-10yr,Automobile,Owner,Residential areas,One way,Tangent road with flat terrain,No junction,Asphalt roads,Dry,Daylight,Normal,Vehicle Collision,1,2,Moving forward,na,na,na,Driver,Normal,Not a Pedestrian,Driving under the influence of drugs,Slight Injury
14:00:00,Wednesday,31-50,Male,Owner,Above 10yr,Long lorry,Owner,Residential areas,Undivided Two way,Tangent road with flat terrain,No junction,Asphalt roads,Dry,Daylight,Normal,Vehicle Collision,1,2,Moving forward,na,na,na,Driver,Normal,Not a Pedestrian,Moving Backward,Slight Injury
08:00:00,Wednesday,31-50,Male,Employee,5-10yr,Public (13 - 45 seats),Owner,Other,Two-way (divided with broken lines road marking),Tangent road with flat terrain,Other,Asphalt roads,Wet or damp,Daylight,Raining,Vehicle Collision,2,1,Moving forward,Male,18-30,3,Driver,Normal,Not a Pedestrian,Changing lane to the right,Slight Injury
08:00:00,Wednesday,18-30,Male,Employee,1-2yr,Public (13 - 45 seats),Owner,Office areas,Two-way (divided with broken lines road marking),Tangent road with flat terrain,Other,Asphalt roads,Wet or damp,Daylight,Raining,Self-accident,2,1,Moving forward,Male,18-30,3,Driver,Normal,Not a Pedestrian,Overspeed,Slight Injury
14:00:00,Saturday,18-30,Male,Employee,1-2yr,Lorry (11 - 40 Quintal),Owner,Other,other,Tangent road with flat terrain,Other,Asphalt roads,Dry,Daylight,Normal,Stationary Object Collision,2,1,Exiting,na,na,na,Driver,Normal,Not a Pedestrian,Driving under the influence of drugs,Serious Injury
14:00:00,Saturday,18-30,Male,Employee,1-2yr,Lorry (11 - 40 Quintal),Owner,Office areas,Double carriageway (median),Tangent road with flat terrain,Other,Asphalt roads,Dry,Daylight,Normal,Vehicle Collision,2,1,Exiting,Male,31-50,3,Driver,Normal,Not a Pedestrian,Driving carelessly,Serious Injury
15:00:00,Monday,18-30,Male,Employee,2-5yr,Pick up upto 10 Quintal,Owner,Residential areas,Two-way (divided with broken lines road marking),Tangent road with flat terrain,Y Shape,Asphalt roads,Dry,Daylight,Normal,Vehicle Collision,1,2,Exiting,na,na,na,Driver,Normal,Not a Pedestrian,No distancing,Slight Injury
15:00:00,Monday,18-30,Male,Owner,Above 10yr,Automobile,Owner,Office areas,Double carriageway (median),Gentle horizontal curve,Y Shape,Asphalt roads,Dry,Daylight,Normal,Stationary Object Collision,1,2,Moving backward,Male,18-30,3,Self-employed,Normal,Crossing from nearside - masked by parked or statioNot a Pedestrianry vehicle,No priority to vehicle,Slight Injury
12:00:00,Saturday,Over 51,Male,Employee,2-5yr,Automobile,Owner,Office areas,Double carriageway (median),Tangent road with flat terrain,Crossing,Asphalt roads,Dry,Daylight,Normal,Vehicle Collision,1,1,Moving forward,Male,Under 18,3,Other,Normal,Not a Pedestrian,Overspeed,Serious Injury
11:00:00,Wednesday,Over 51,Male,Employee,Above 10yr,Automobile,Organization,Other,Double carriageway (median),Tangent road with flat terrain,Y Shape,Other,Wet or damp,Daylight,Raining,Vehicle Collision,2,1,Moving forward,na,na,na,Driver,Normal,Not a Pedestrian,Driving under the influence of drugs,Slight Injury
11:00:00,Wednesday,Over 51,Male,Employee,2-5yr,Long lorry,Owner,Office areas,Two-way (divided with broken lines road marking),Tangent road with flat terrain,Y Shape,Asphalt roads,Wet or damp,Daylight,Raining,Vehicle Collision,2,1,Stopping,Male,18-30,3,Driver,Normal,Not a Pedestrian,Changing lane to the right,Slight Injury
17:00:00,Wednesday,18-30,Male,Other,No Licence,Long lorry,Owner,Office areas,,Tangent road with flat terrain,Crossing,Asphalt roads,Wet or damp,Darkness - lights unlit,Normal,Self-accident,2,1,Moving forward,na,na,na,Self-employed,Normal,Not a Pedestrian,Changing lane to the right,Slight Injury
17:00:00,Wednesday,Over 51,Male,Employee,1-2yr,Automobile,Governmental,Office areas,One way,Tangent road with flat terrain,Crossing,Asphalt roads,Wet or damp,Darkness - lights unlit,Normal,Self-accident,2,1,Other,Male,Under 18,3,Driver,Normal,Not a Pedestrian,Changing lane to the right,Slight Injury
16:00:00,Thursday,18-30,Male,Owner,5-10yr,Stationwagen,Owner,Other,Undivided Two way,Tangent road with flat terrain,Y Shape,Asphalt roads,Dry,Daylight,Normal,Pedestrian Collision,1,1,Moving forward,na,na,na,Driver,Normal,Not a Pedestrian,Changing lane to the right,Slight Injury
10:00:00,Saturday,18-30,Male,Employee,1-2yr,Automobile,Owner,Residential areas,,Tangent road with flat terrain,Crossing,Asphalt roads,Wet or damp,Daylight,Raining,Vehicle Collision,1,1,Moving forward,Male,Over 51,3,Driver,Normal,Not a Pedestrian,Moving Backward,Slight Injury
18:00:00,Wednesday,Under 18,Male,Employee,Above 10yr,Other,Owner,Residential areas,Two-way (divided with broken lines road marking),Gentle horizontal curve,Y Shape,Asphalt roads,Dry,Daylight,Normal,Vehicle Collision,2,2,Moving forward,Male,5,3,Other,Normal,Not a Pedestrian,No distancing,Serious Injury
18:00:00,Wednesday,Under 18,Male,Employee,1-2yr,Special vehicle,Owner, Church areas,Two-way (divided with broken lines road marking),Tangent road with flat terrain,Y Shape,Asphalt roads,Dry,Daylight,Normal,Vehicle Collision,2,2,Moving forward,Male,18-30,3,,Normal,Not a Pedestrian,Overspeed,Serious Injury
17:00:00,Monday,31-50,Male,Employee,1-2yr,Lorry (41 - 100 Quintal),Owner,Other,Two-way (divided with broken lines road marking),Tangent road with flat terrain,Unknown,Asphalt roads,Dry,Darkness - lights lit,Normal,Pedestrian Collision,1,1,Moving forward,na,na,na,Driver,Normal,Not a Pedestrian,No distancing,Slight Injury
16:00:00,Friday,31-50,Male,Employee,2-5yr,Pick up upto 10 Quintal,Owner,Residential areas,Two-way (divided with broken lines road marking),Tangent road with flat terrain,Unknown,Asphalt roads,Dry,Daylight,Normal,Pedestrian Collision,1,1,Moving forward,Female,Over 51,3,Driver,Normal,Unknown or other,Driving carelessly,Slight Injury
20:00:00,Sunday,Under 18,Male,Employee,1-2yr,Lorry (11 - 40 Quintal),Owner,Other,Undivided Two way,Tangent road with flat terrain,Y Shape,Other,Wet or damp,Darkness - lights lit,Raining,Vehicle Collision,2,1,Moving forward,na,na,na,Driver,Normal,Not a Pedestrian,No distancing,Slight Injury
20:00:00,Sunday,18-30,Male,Employee,1-2yr,Lorry (41 - 100 Quintal),Owner,Residential areas,Undivided Two way,Tangent road with flat terrain,Y Shape,Asphalt roads,Wet or damp,Darkness - lights lit,Raining,Vehicle Collision,2,1,Moving forward,Female,31-50,2,Driver,Normal,Not a Pedestrian,No distancing,Slight Injury
22:00:00,Wednesday,18-30,Male,Employee,Above 10yr,Motorcycle,Owner,Residential areas,Two-way (divided with broken lines road marking),Tangent road with flat terrain,No junction,Asphalt roads,Dry,Darkness - lights lit,Normal,Vehicle Collision,1,3,Turning,Male,18-30,3,Driver,Normal,Not a Pedestrian,No distancing,Slight Injury
22:00:00,Wednesday,18-30,Male,Employee,Above 10yr,Automobile,Owner,Other,Two-way (divided with broken lines road marking),Tangent road with flat terrain,No junction,Asphalt roads,Dry,Darkness - lights lit,Normal,Stationary Object Collision,1,3,Moving forward,na,na,na,Driver,Normal,Not a Pedestrian,Changing lane to the right,Slight Injury
22:00:00,Wednesday,18-30,Male,Employee,Above 10yr,Automobile,Owner,Other,Two-way (divided with broken lines road marking),Tangent road with flat terrain,No junction,Asphalt roads,Dry,Darkness - lights lit,Normal,Vehicle Collision,1,3,Moving forward,Male,31-50,3,Driver,Normal,Not a Pedestrian,No distancing,Slight Injury
05:00:00,Wednesday,31-50,Male,Employee,Above 10yr,Automobile,Owner,Other,Undivided Two way,Tangent road with flat terrain,No junction,Asphalt roads,Wet or damp,Darkness - lights lit,Raining,Stationary Object Collision,2,1,Exiting,Male,31-50,3,,,Not a Pedestrian,No priority to vehicle,Slight Injury
05:00:00,Wednesday,Unknown,Female,Employee,1-2yr,Stationwagen,Owner,Other,Double carriageway (median),Tangent road with flat terrain,No junction,Asphalt roads,Wet or damp,Darkness - lights lit,Raining,Vehicle Collision,2,1,Moving backward,Male,18-30,3,Driver,Normal,Not a Pedestrian,Changing lane to the left,Slight Injury
09:00:00,Monday,Over 51,Male,Employee,5-10yr,Automobile,Owner,Residential areas,Two-way (divided with broken lines road marking),Tangent road with flat terrain,No junction,Earth roads,Dry,Daylight,Normal,Vehicle Collision,2,1,Exiting,na,na,na,Driver,Normal,Not a Pedestrian,Moving Backward,Slight Injury
09:00:00,Monday,18-30,Male,Owner,2-5yr,Public (> 45 seats),Owner,  Recreational areas,Undivided Two way,Tangent road with flat terrain,No junction,Asphalt roads,Dry,Daylight,Normal,Stationary Object Collision,2,1,Moving forward,Male,18-30,3,Self-employed,Normal,Not a Pedestrian,Driving carelessly,Slight Injury
09:00:00,Wednesday,Unknown,Male,Employee,2-5yr,Public (> 45 seats),Owner,Other,other,Tangent road with flat terrain,Y Shape,Asphalt roads,Wet or damp,Daylight,Raining,Vehicle Collision,2,1,Moving forward,na,na,na,Driver,Normal,Not a Pedestrian,Changing lane to the left,Slight Injury
09:00:00,Wednesday,31-50,Unknown,Employee,5-10yr,Stationwagen,Owner,Office areas,Undivided Two way,Tangent road with flat terrain,Y Shape,Asphalt roads,Wet or damp,Daylight,Raining,Vehicle Collision,2,1,Moving forward,Female,18-30,3,,,Not a Pedestrian,No priority to pedestrian,Slight Injury
13:00:00,Sunday,31-50,Male,Employee,5-10yr,Automobile,Owner,Other,Undivided Two way,Tangent road with flat terrain,Y Shape,Asphalt roads,Dry,Daylight,Normal,Stationary Object Collision,3,2,Moving forward,na,na,na,Unknown,Normal,Not a Pedestrian,No distancing,Slight Injury
13:00:00,Sunday,Over 51,Male,Employee,2-5yr,Bicycle,Owner,Office areas,Undivided Two way,Tangent road with flat terrain,Y Shape,Asphalt roads,Dry,Daylight,Normal,Stationary Object Collision,3,2,Moving backward,Male,Under 18,3,Driver,Normal,Not a Pedestrian,No distancing,Slight Injury
13:00:00,Sunday,31-50,Male,Employee,Above 10yr,Automobile,Owner,Office areas,One way,Tangent road with flat terrain,Y Shape,Asphalt roads,Dry,Daylight,Normal,Vehicle Collision,3,2,Exiting,na,na,na,,,Not a Pedestrian,Overturning,Slight Injury
04:00:00,Saturday,18-30,Male,Employee,5-10yr,Lorry (41 - 100 Quintal),Owner,Office areas,Undivided Two way,Tangent road with flat terrain,Crossing,Asphalt roads,Dry,Darkness - lights lit,Normal,Vehicle Collision,2,2,Moving forward,Male,18-30,3,Driver,Normal,Not a Pedestrian,No distancing,Slight Injury
04:00:00,Saturday,Over 51,Male,Employee,Above 10yr,Automobile,Owner,Other,Undivided Two way,Tangent road with flat terrain,Crossing,Asphalt roads,Dry,Darkness - lights lit,Normal,Vehicle Collision,2,2,Moving forward,na,na,na,Other,Normal,Not a Pedestrian,Drunk driving,Slight Injury
02:00:00,Thursday,18-30,Male,Employee,2-5yr,Public (13 - 45 seats),Governmental,Other,Double carriageway (median),Tangent road with flat terrain,Y Shape,Asphalt roads,Dry,Darkness - lights lit,Normal,Vehicle Collision,1,2,Moving forward,na,na,na,Other,Normal,Not a Pedestrian,Moving Backward,Serious Injury
02:00:00,Thursday,18-30,Male,Employee,2-5yr,Special vehicle,Owner,Office areas,Two-way (divided with solid lines road marking),Tangent road with flat terrain,Y Shape,Asphalt roads,Dry,Darkness - lights lit,Normal,Vehicle Collision,1,2,Moving backward,Male,18-30,3,Self-employed,Normal,Not a Pedestrian,No priority to pedestrian,Serious Injury
19:00:00,Tuesday,Unknown,Female,Employee,2-5yr,Automobile,Owner,Residential areas,other,Tangent road with flat terrain,No junction,Asphalt roads,Wet or damp,Darkness - lights lit,Other,Vehicle Collision,2,1,Moving forward,Male,Under 18,3,Driver,Normal,Not a Pedestrian,Changing lane to the left,Slight Injury
19:00:00,Tuesday,Under 18,Male,Employee,1-2yr,Public (13 - 45 seats),Governmental,  Recreational areas,Undivided Two way,Tangent road with flat terrain,No junction,Asphalt roads,Wet or damp,Darkness - lights lit,Other,Vehicle Collision,2,1,Stopping,Male,31-50,3,Driver,Normal,Not a Pedestrian,Changing lane to the left,Slight Injury
13:00:00,Friday,Over 51,Male,Employee,5-10yr,Automobile,Owner,Other,other,Tangent road with flat terrain,No junction,Asphalt roads,Dry,Daylight,Normal,Vehicle Collision,1,1,Moving forward,na,na,na,Driver,Normal,Not a Pedestrian,Getting off the vehicle improperly,Slight Injury
07:00:00,Thursday,18-30,Male,Employee,2-5yr,Lorry (41 - 100 Quintal),Owner,Residential areas,other,Tangent road with flat terrain,Crossing,Asphalt roads,Wet or damp,Daylight,Raining,Vehicle Collision,2,3,Moving forward,Female,18-30,3,,,Not a Pedestrian,No distancing,Slight Injury
07:00:00,Thursday,18-30,Male,Employee,1-2yr,Lorry (41 - 100 Quintal),Owner,Other,other,Tangent road with flat terrain,Crossing,Asphalt roads,Wet or damp,Daylight,Raining,Vehicle Collision,2,3,Moving backward,na,na,na,,,Not a Pedestrian,Changing lane to the right,Slight Injury
07:00:00,Thursday,Over 51,Male,Employee,1-2yr,Public (12 seats),Owner,Other,other,Tangent road with flat terrain,Crossing,Asphalt roads,Wet or damp,Daylight,Raining,Vehicle Collision,2,3,Moving forward,Male,Under 18,3,Driver,Normal,Not a Pedestrian,Changing lane to the right,Slight Injury
20:00:00,Tuesday,31-50,Male,Employee,No Licence,Lorry (41 - 100 Quintal),Owner,Other,One way,Tangent road with flat terrain,No junction,Asphalt roads,Wet or damp,Darkness - lights lit,Raining,Vehicle Collision,1,1,Moving forward,na,na,na,Other,Normal,Not a Pedestrian,Moving Backward,Serious Injury
16:00:00,Tuesday,Over 51,Male,Owner,5-10yr,Lorry (41 - 100 Quintal),Owner,Other,Two-way (divided with broken lines road marking),Tangent road with flat terrain,No junction,Earth roads,Wet or damp,Daylight,Raining,Vehicle Collision,3,1,Moving backward,Male,18-30,3,Driver,Normal,Not a Pedestrian,Driving at high speed,Slight Injury
16:00:00,Tuesday,Under 18,Male,Employee,1-2yr,Public (12 seats),Owner,Other,other,Tangent road with flat terrain,No junction,Asphalt roads,Wet or damp,Daylight,Raining,Vehicle Collision,3,1,Moving forward,na,na,na,,,Not a Pedestrian,Changing lane to the left,Slight Injury
16:00:00,Tuesday,Unknown,Male,Employee,2-5yr,Public (> 45 seats),Owner,School areas,Undivided Two way,Tangent road with flat terrain,No junction,Asphalt roads,Wet or damp,Daylight,Raining,Vehicle Collision,3,1,Stopping,Male,31-50,3,Driver,Normal,Not a Pedestrian,Changing lane to the right,Slight Injury
00:00:00,Saturday,18-30,Male,Employee,5-10yr,Automobile,Owner,Office areas,Two-way (divided with broken lines road marking),Tangent road with flat terrain,Y Shape,Asphalt roads,Dry,Darkness - lights lit,Normal,Vehicle Collision,1,3,Moving forward,na,na,na,Driver,Normal,Not a Pedestrian,No distancing,Serious Injury
00:00:00,Saturday,18-30,Male,Employee,5-10yr,Pick up upto 10 Quintal,Owner,Office areas,Two-way (divided with broken lines road marking),Tangent road with flat terrain,Y Shape,Asphalt roads,Dry,Darkness - lights lit,Normal,Vehicle Collision,1,3,Moving forward,Male,18-30,3,Employee,Normal,Not a Pedestrian,Changing lane to the right,Serious Injury
00:00:00,Saturday,18-30,Male,Employee,5-10yr,Stationwagen,Owner,Office areas,Two-way (divided with broken lines road marking),Tangent road with flat terrain,Y Shape,Asphalt roads,Dry,Darkness - lights lit,Normal,Vehicle Collision,1,3,Moving forward,Female,31-50,3,,,Not a Pedestrian,Changing lane to the right,Serious Injury
18:00:00,Monday,18-30,Male,Employee,2-5yr,Other,Owner,School areas,,Tangent road with flat terrain,No junction,Asphalt roads,Dry,Darkness - lights lit,Normal,Stationary Object Collision,2,2,Moving forward,na,na,na,Student,Normal,Not a Pedestrian,No distancing,Serious Injury
18:00:00,Monday,18-30,Male,Employee,Above 10yr,Automobile,Governmental,School areas,Undivided Two way,Tangent road with flat terrain,No junction,Asphalt roads,Dry,Darkness - lights lit,Normal,Vehicle Collision,2,2,Exiting,Male,18-30,3,Driver,Normal,Not a Pedestrian,Changing lane to the right,Serious Injury
18:00:00,Monday,31-50,Male,Owner,Above 10yr,Automobile,Owner,Office areas,Two-way (divided with broken lines road marking),Tangent road with flat terrain,No junction,Asphalt roads,Dry,Darkness - lights lit,Normal,Pedestrian Collision,2,2,Moving forward,Male,31-50,3,Self-employed,Normal,Unknown or other,Driving carelessly,Serious Injury
08:00:00,Tuesday,31-50,Male,Employee,5-10yr,Stationwagen,Owner,Office areas,Two-way (divided with broken lines road marking),Tangent road with flat terrain,No junction,Asphalt roads,Dry,Daylight,Normal,Vehicle Collision,2,1,Moving forward,Male,18-30,3,Self-employed,Normal,Not a Pedestrian,Driving carelessly,Serious Injury
08:00:00,Tuesday,31-50,Male,Owner,Above 10yr,Pick up upto 10 Quintal,Governmental,School areas,Two-way (divided with broken lines road marking),Tangent road with flat terrain,No junction,Asphalt roads,Dry,Daylight,Normal,Stationary Object Collision,2,1,Moving forward,Male,5,3,Driver,Normal,Not a Pedestrian,Changing lane to the right,Serious Injury
18:00:00,Monday,18-30,Unknown,Employee,5-10yr,Lorry (41 - 100 Quintal),Owner,Other,Two-way (divided with broken lines road marking),Tangent road with flat terrain,Crossing,Earth roads,Dry,Darkness - lights lit,Normal,Vehicle Collision,2,3,Moving backward,na,na,na,,,Not a Pedestrian,Overturning,Slight Injury
18:00:00,Monday,18-30,Male,Owner,5-10yr,Automobile,Owner,Other,Two-way (divided with broken lines road marking),Tangent road with flat terrain,Crossing,Asphalt roads,Dry,Darkness - lights lit,Normal,Vehicle Collision,2,3,Turning,na,na,na,Driver,Normal,Not a Pedestrian,Changing lane to the right,Slight Injury
18:00:00,Monday,31-50,Male,Owner,Above 10yr,Automobile,Owner,Other,Undivided Two way,Tangent road with flat terrain,Crossing,Asphalt roads,Dry,Darkness - lights lit,Normal,Vehicle Collision,2,3,Moving forward,Female,18-30,2,Driver,Normal,Not a Pedestrian,Moving Backward,Slight Injury
00:00:00,Saturday,18-30,Male,Owner,Above 10yr,Lorry (41 - 100 Quintal),Owner,Other,Two-way (divided with broken lines road marking),Tangent road with flat terrain,No junction,Asphalt roads,Dry,Darkness - lights lit,Normal,Vehicle Collision,3,3,Moving forward,na,na,na,Self-employed,Normal,Not a Pedestrian,No distancing,Serious Injury
00:00:00,Saturday,18-30,Male,Employee,5-10yr,Lorry (41 - 100 Quintal),Owner,Residential areas,Undivided Two way,Tangent road with flat terrain,No junction,Asphalt roads,Dry,Darkness - lights lit,Normal,Vehicle Collision,3,3,Moving forward,Male,18-30,3,Driver,Normal,Not a Pedestrian,Overturning,Serious Injury
00:00:00,Saturday,31-50,Male,Employee,5-10yr,Lorry (41 - 100 Quintal),Governmental,Other,Undivided Two way,Tangent road with flat terrain,No junction,Asphalt roads,Dry,Darkness - lights lit,Normal,Self-accident,3,3,Moving forward,na,na,na,,Normal,Not a Pedestrian,Driving carelessly,Serious Injury
00:00:00,Saturday,Over 51,Male,Owner,Above 10yr,Pick up upto 10 Quintal,Owner,Other,Undivided Two way,Tangent road with flat terrain,No junction,Asphalt roads,Dry,Darkness - lights lit,Normal,Stationary Object Collision,3,3,Exiting,Male,31-50,3,Driver,Normal,Not a Pedestrian,Changing lane to the right,Serious Injury
00:00:00,Saturday,Over 51,Male,Owner,Below 1yr,Pick up upto 10 Quintal,Owner, Industrial areas,Undivided Two way,Tangent road with flat terrain,No junction,Asphalt roads,Dry,Darkness - lights lit,Normal,Vehicle Collision,3,3,Moving forward,Male,Under 18,3,,,Not a Pedestrian,Driving at high speed,Serious Injury
00:00:00,Saturday,Unknown,Male,Owner,2-5yr,Automobile,Owner,  Recreational areas,Undivided Two way,Tangent road with flat terrain,No junction,Asphalt roads,Dry,Darkness - lights lit,Normal,Stationary Object Collision,3,3,Moving forward,Male,18-30,3,Driver,Normal,Not a Pedestrian,Changing lane to the left,Serious Injury
08:00:00,Wednesday,31-50,Male,Owner,2-5yr,Other,Owner, Church areas,Two-way (divided with broken lines road marking),Tangent road with flat terrain,Y Shape,Gravel roads,Wet or damp,Daylight,Raining and Windy,Vehicle Collision,2,2,Moving forward,na,na,na,,,Not a Pedestrian,Driving carelessly,Slight Injury
08:00:00,Wednesday,31-50,Male,Owner,5-10yr,Automobile,Owner,Office areas,Two-way (divided with broken lines road marking),Tangent road with flat terrain,Y Shape,Asphalt roads,Wet or damp,Daylight,Raining and Windy,Vehicle Collision,2,2,Moving forward,Male,Under 18,3,Self-employed,NormalNormal,Not a Pedestrian,No distancing,Slight Injury
08:00:00,Wednesday,31-50,Male,Owner,5-10yr,Automobile,Owner,Other,Two-way (divided with broken lines road marking),Tangent road with flat terrain,Y Shape,Asphalt roads,Wet or damp,Daylight,Raining and Windy,Vehicle Collision,2,2,Moving forward,Female,18-30,3,Driver,Normal,Not a Pedestrian,Moving Backward,Slight Injury
17:00:00,Monday,18-30,Male,Owner,Below 1yr,Motorcycle,Owner,Office areas,Undivided Two way,Tangent road with flat terrain,Y Shape,Asphalt roads,Wet or damp,Darkness - lights lit,Raining and Windy,Vehicle Collision,2,1,Moving forward,na,na,na,Driver,Normal,Not a Pedestrian,No priority to pedestrian,Slight Injury
17:00:00,Monday,31-50,Male,Owner,Above 10yr,Automobile,Owner,Office areas,Two-way (divided with broken lines road marking),Tangent road with flat terrain,Y Shape,Asphalt roads,Wet or damp,Darkness - lights lit,Raining and Windy,Vehicle Collision,2,1,Moving forward,Male,18-30,2,Other,Normal,Not a Pedestrian,Moving Backward,Slight Injury
02:00:00,Saturday,Unknown,Female,Owner,Below 1yr,Automobile,Owner,Other,Two-way (divided with broken lines road marking),Tangent road with flat terrain,No junction,Asphalt roads,Dry,Darkness - lights lit,Normal,Stationary Object Collision,1,2,Moving forward,Male,Over 51,3,,,Not a Pedestrian,Changing lane to the right,Slight Injury
02:00:00,Saturday,Unknown,Female,Owner,5-10yr,Public (12 seats),Owner,Residential areas,Undivided Two way,Tangent road with flat terrain,No junction,Asphalt roads,Dry,Darkness - lights lit,Normal,Vehicle Collision,1,2,Moving forward,Male,18-30,3,,,Not a Pedestrian,No distancing,Slight Injury
13:00:00,Saturday,31-50,Male,Owner,5-10yr,Long lorry,Owner,Office areas,other,Tangent road with mountainous terrain and,Y Shape,Asphalt roads,Wet or damp,Daylight,Normal,Stationary Object Collision,3,5,Moving forward,na,na,na,Other,Normal,Not a Pedestrian,Drunk driving,Slight Injury
13:00:00,Saturday,31-50,Male,Owner,5-10yr,Automobile,Owner,Residential areas,other,Tangent road with flat terrain,Y Shape,Asphalt roads,Wet or damp,Daylight,Normal,Vehicle Collision,3,5,Moving backward,na,na,na,Driver,Normal,Not a Pedestrian,Changing lane to the right,Slight Injury
13:00:00,Saturday,31-50,Male,Employee,1-2yr,Automobile,Owner,School areas,Two-way (divided with broken lines road marking),Tangent road with flat terrain,Y Shape,Asphalt roads,Wet or damp,Daylight,Normal,Vehicle Collision,3,5,Moving forward,Female,31-50,3,Driver,Normal,Not a Pedestrian,Driving carelessly,Slight Injury
13:00:00,Saturday,31-50,Male,Owner,5-10yr,Public (> 45 seats),Owner,Office areas,Two-way (divided with broken lines road marking),Sharp reverse curve,Y Shape,Asphalt roads,Wet or damp,Daylight,Normal,Vehicle Collision,3,5,Turning,na,na,na,,,Not a Pedestrian,Driving to the left,Slight Injury
13:00:00,Saturday,31-50,Male,Employee,5-10yr,Pick up upto 10 Quintal,Owner,Other,other,Tangent road with flat terrain,Y Shape,Asphalt roads,Wet or damp,Daylight,Normal,Vehicle Collision,3,5,Moving forward,Male,18-30,2,Driver,Normal,Not a Pedestrian,Changing lane to the right,Slight Injury
13:00:00,Saturday,31-50,Male,Employee,5-10yr,Lorry (41 - 100 Quintal),Owner,Other,Undivided Two way,Tangent road with flat terrain,Y Shape,Asphalt roads,Wet or damp,Daylight,Normal,Vehicle Collision,3,5,Moving forward,Male,18-30,3,,,Not a Pedestrian,Changing lane to the right,Slight Injury
13:00:00,Saturday,Over 51,Male,Employee,5-10yr,Automobile,Owner, Church areas,other,Tangent road with flat terrain,Y Shape,Asphalt roads,Wet or damp,Daylight,Normal,Vehicle Collision,3,5,Moving forward,Female,Over 51,3,Driver,Normal,Not a Pedestrian,Driving carelessly,Slight Injury
22:00:00,Saturday,18-30,Male,Employee,Above 10yr,Public (13 - 45 seats),Owner,Office areas,Two-way (divided with broken lines road marking),Tangent road with flat terrain,No junction,Asphalt roads,Dry,Darkness - lights lit,Normal,Vehicle Collision,2,1,Moving forward,Male,31-50,3,Driver,Normal,Not a Pedestrian,Changing lane to the left,Slight Injury
22:00:00,Saturday,Unknown,Male,Employee,5-10yr,Automobile,Owner,Other,Two-way (divided with broken lines road marking),Tangent road with flat terrain,No junction,Asphalt roads,Dry,Darkness - lights lit,Normal,Vehicle Collision,2,1,Moving backward,na,na,na,,,Not a Pedestrian,No priority to vehicle,Slight Injury
17:00:00,Saturday,31-50,Male,Employee,No Licence,Public (> 45 seats),Owner,Office areas,Two-way (divided with broken lines road marking),Tangent road with mild grade and flat terrain,Y Shape,Asphalt roads,Dry,Darkness - lights lit,Normal,Vehicle Collision,3,2,Moving forward,Female,31-50,3,,,Not a Pedestrian,Driving carelessly,Serious Injury
17:00:00,Saturday,31-50,Male,Employee,Below 1yr,Public (12 seats),Owner,Office areas,Two-way (divided with broken lines road marking),Tangent road with flat terrain,Y Shape,Asphalt roads,Dry,Darkness - lights lit,Normal,Vehicle Collision,3,2,Turning,Female,31-50,3,,,Not a Pedestrian,Changing lane to the right,Serious Injury
17:00:00,Saturday,Unknown,Female,Employee,5-10yr,Automobile,Owner,Office areas,Two-way (divided with broken lines road marking),Sharp reverse curve,Y Shape,Asphalt roads,Dry,Darkness - lights lit,Normal,Vehicle Collision,3,2,Moving forward,na,na,na,,,Not a Pedestrian,Driving carelessly,Serious Injury
12:00:00,Thursday,18-30,Male,Employee,5-10yr,Lorry (41 - 100 Quintal),Owner, Church areas,Undivided Two way,Sharp reverse curve,No junction,Asphalt roads,Dry,Daylight,Normal,Self-accident,2,1,Moving forward,Male,5,3,Other,Normal,Not a Pedestrian,Driving under the influence of drugs,Slight Injury
12:00:00,Thursday,Unknown,Female,Employee,5-10yr,Automobile,Owner,Office areas,Undivided Two way,Gentle horizontal curve,No junction,Asphalt roads,Dry,Daylight,Normal,Stationary Object Collision,2,1,Moving forward,na,na,na,Self-employed,Normal,Not a Pedestrian,No distancing,Slight Injury
09:00:00,Wednesday,Unknown,Male,Employee,5-10yr,Pick up upto 10 Quintal,Owner,Other,Double carriageway (median),Gentle horizontal curve,No junction,Earth roads,Dry,Daylight,Normal,Vehicle Collision,1,1,Moving forward,Male,18-30,3,,,Not a Pedestrian,Changing lane to the left,Slight Injury
16:00:00,Friday,18-30,Male,Employee,5-10yr,Public (12 seats),Owner,Other,Two-way (divided with broken lines road marking),Tangent road with flat terrain,Y Shape,Asphalt roads,Dry,Daylight,Normal,Vehicle Collision,1,1,Moving forward,na,na,na,Student,Normal,Not a Pedestrian,No priority to vehicle,Serious Injury
22:00:00,Tuesday,31-50,Male,Employee,2-5yr,Automobile,Owner, Church areas,Unknown,Tangent road with mountainous terrain and,No junction,Asphalt roads,Wet or damp,Darkness - lights lit,Normal,Stationary Object Collision,2,1,Exiting,Male,18-30,3,Other,Normal,Not a Pedestrian,Moving Backward,Slight Injury