Time,Day,Age_band_of_driver,Sex_of_driver,Vehicle_driver_relation,Driving_experience,Type_of_vehicle,Owner_of_vehicle,Area_accident_occured,Lanes_or_Medians,Road_allignment,Types_of_Junction,Road_surface_type,Road_surface_conditions,Light_conditions,Weather_conditions,Type_of_collision,Number_of_vehicles_involved,Number_of_casualties,Vehicle_movement,Sex_of_casualty,Age_band_of_casualty,Casualty_severity,Work_of_casuality,Fitness_of_casuality,Pedestrian_movement,Cause_of_accident,Accident_severity
18:00:00,Wednesday,18-30,Male,Employee,Below 1yr,Automobile,Governmental,Other,Two-way (divided with broken lines road marking),Tangent road with mild grade and flat terrain,No junction,Asphalt roads,Wet or damp,Darkness - lights lit,Other,Vehicle Collision,3,1,Moving forward,Male,18-30,3,Driver,Normal,Not a Pedestrian,Changing lane to the right,Slight Injury
18:00:00,Wednesday,Over 51,Male,Employee,2-5yr,Pick up upto 10 Quintal,Owner, Hospital areas,Two-way (divided with broken lines road marking),Tangent road with flat terrain,No junction,Gravel roads,Wet or damp,Darkness - lights lit,Other,Vehicle Collision,3,1,Moving forward,Female,18-30,3,Driver,Normal,Not a Pedestrian,Moving Backward,Slight Injury
18:00:00,Wednesday,31-50,Male,Employee,5-10yr,Automobile,Owner,Other,Two-way (divided with broken lines road marking),Tangent road with flat terrain,No junction,Asphalt roads,Wet or damp,Darkness - lights lit,Other,Vehicle Collision,3,1,Moving forward,Male,18-30,3,Driver,Normal,Not a Pedestrian,No distancing,Slight Injury
18:00:00,Tuesday,Over 51,Male,Employee,5-10yr,Lorry (41 - 100 Quintal),Owner,Other,One way,Tangent road with flat terrain,Crossing,Asphalt roads,Wet or damp,Darkness - lights lit,Snow,Pedestrian Collision,1,1,Moving forward,na,na,na,Driver,Normal,Not a Pedestrian,Driving to the left,Serious Injury
10:00:00,Sunday,Unknown,Male,Owner,1-2yr,Automobile,Owner,Other,Two-way (divided with broken lines road marking),Tangent road with mild grade and flat terrain,Other,Asphalt roads,Dry,Daylight,Normal,Stationary Object Collision,2,1,Moving forward,Male,5,3,Student,Normal,Not a Pedestrian,Driving to the left,Slight Injury
10:00:00,Sunday,31-50,Male,Employee,5-10yr,Lorry (41 - 100 Quintal),Owner,Office areas,Two-way (divided with broken lines road marking),Tangent road with flat terrain,Other,Asphalt roads,Dry,Daylight,Normal,Pedestrian Collision,2,1,Moving forward,na,na,na,,,Not a Pedestrian,Moving Backward,Slight Injury
13:00:00,Saturday,Over 51,Male,Other,5-10yr,Lorry (41 - 100 Quintal),Owner,Residential areas,Two-way (divided with broken lines road marking),Tangent road with flat terrain,Y Shape,Asphalt roads,Wet or damp,Daylight,Normal,Vehicle Collision,3,3,Moving forward,Female,18-30,3,,,Not a Pedestrian,Moving Backward,Slight Injury
13:00:00,Saturday,31-50,Male,Employee,2-5yr,Lorry (41 - 100 Quintal),Owner,Other,Two-way (divided with broken lines road marking),Tangent road with flat terrain,Y Shape,Asphalt roads,Wet or damp,Daylight,Normal,Vehicle Collision,3,3,Moving backward,Female,31-50,3,,Normal,Not a Pedestrian,Overtaking,Slight Injury
13:00:00,Saturday,31-50,Male,Employee,1-2yr,Public (13 - 45 seats),Owner,Residential areas,Two-way (divided with broken lines road marking),Tangent road with flat terrain,Y Shape,Asphalt roads,Wet or damp,Daylight,Normal,Vehicle Collision,3,3,Moving forward,Female,Over 51,3,Driver,Normal,Not a Pedestrian,Driving carelessly,Slight Injury
13:00:00,Saturday,31-50,Male,Employee,5-10yr,Automobile,Owner,Other,Undivided Two way,Tangent road with flat terrain,Y Shape,Asphalt roads,Wet or damp,Daylight,Normal,Vehicle Collision,3,3,Moving forward,Female,18-30,3,Driver,Normal,Not a Pedestrian,Changing lane to the left,Slight Injury
13:00:00,Friday,31-50,Male,Employee,2-5yr,Other,Owner,Residential areas,Double carriageway (median),Tangent road with flat terrain,No junction,Asphalt roads,Wet or damp,Daylight,Normal,Vehicle Collision,2,2,Moving forward,na,na,na,,,Not a Pedestrian,Driving under the influence of drugs,Slight Injury
13:00:00,Friday,18-30,Male,Employee,No Licence,Other,Owner,Office areas,Two-way (divided with broken lines road marking),Tangent road with flat terrain,No junction,Asphalt roads,Wet or damp,Daylight,Normal,Stationary Object Collision,2,2,Moving forward,na,na,na,,,Not a Pedestrian,No distancing,Slight Injury
13:00:00,Friday,18-30,Male,Employee,Above 10yr,Other,Owner,Office areas,Two-way (divided with broken lines road marking),Tangent road with mild grade and flat terrain,No junction,Asphalt roads,Wet or damp,Daylight,Normal,Stationary Object Collision,2,2,Moving backward,Male,31-50,3,,,Not a Pedestrian,Moving Backward,Slight Injury
18:00:00,Friday,Under 18,Male,Employee,Above 10yr,Automobile,Owner,Office areas,Double carriageway (median),Tangent road with flat terrain,No junction,Asphalt roads,Wet or damp,Darkness - lights lit,Raining,Vehicle Collision,2,1,Moving forward,na,na,na,,,Not a Pedestrian,Changing lane to the left,Slight Injury
18:00:00,Friday,18-30,Male,Employee,5-10yr,Other,Owner,  Recreational areas,Two-way (divided with broken lines road marking),Tangent road with flat terrain,No junction,Asphalt roads,Wet or damp,Darkness - lights lit,Raining,Vehicle Collision,2,1,Other,Male,18-30,3,Driver,Normal,Not a Pedestrian,Changing lane to the right,Slight Injury
20:00:00,Tuesday,Unknown,Male,Employee,2-5yr,Lorry (41 - 100 Quintal),Owner,Other,Two-way (divided with broken lines road marking),Tangent road with flat terrain,Y Shape,Asphalt roads,Wet or damp,Darkness - lights unlit,Normal,Vehicle Collision,3,1,Other,Male,Over 51,3,Driver,Normal,Not a Pedestrian,No distancing,Serious Injury
20:00:00,Tuesday,18-30,Male,Owner,2-5yr,Public (12 seats),Owner,Other,other,Tangent road with flat terrain,Y Shape,Gravel roads,Wet or damp,Darkness - lights unlit,Normal,Vehicle Collision,3,1,Moving forward,Male,31-50,3,Driver,Normal,Not a Pedestrian,Driving at high speed,Serious Injury
20:00:00,Tuesday,18-30,Male,Employee,Below 1yr,Lorry (41 - 100 Quintal),Owner,Other,Two-way (divided with broken lines road marking),Tangent road with flat terrain,Y Shape,Asphalt roads,Wet or damp,Darkness - lights unlit,Normal,Vehicle Collision,3,1,Moving forward,na,na,na,Other,Normal,Not a Pedestrian,Changing lane to the right,Serious Injury
15:00:00,Thursday,31-50,Male,Owner,Above 10yr,Public (12 seats),Owner,Other,Double carriageway (median),Tangent road with flat terrain,No junction,Asphalt roads,Dry,Daylight,Normal,Vehicle Collision,1,1,Moving forward,Male,18-30,3,Driver,Normal,Not a Pedestrian,No priority to vehicle,Slight Injury
19:00:00,Saturday,Over 51,Male,Employee,Above 10yr,Lorry (41 - 100 Quintal),Owner,Other,Undivided Two way,Tangent road with mountainous terrain and,Other,Asphalt roads,Wet or damp,Darkness - lights lit,Normal,Vehicle Collision,2,1,Moving forward,Male,18-30,3,,,Not a Pedestrian,No distancing,Slight Injury
19:00:00,Saturday,Under 18,Male,Employee,2-5yr,Other,Owner,Office areas,Two-way (divided with broken lines road marking),Tangent road with flat terrain,Other,Asphalt roads,Wet or damp,Darkness - lights lit,Normal,Vehicle Collision,2,1,Other,na,na,na,Driver,Normal,Not a Pedestrian,Turnover,Slight Injury
18:00:00,Saturday,Unknown,Female,Employee,2-5yr,Lorry (41 - 100 Quintal),Owner,Office areas,Two-way (divided with broken lines road marking),Tangent road with flat terrain,Y Shape,Earth roads,Wet or damp,Darkness - lights lit,Normal,Vehicle Collision,2,1,Moving forward,Female,18-30,2,Driver,Normal,Unknown or other,No distancing,Slight Injury
18:00:00,Saturday,31-50,Male,Employee,Above 10yr,Automobile,Owner,Office areas,One way,Tangent road with flat terrain,Y Shape,Asphalt roads,Wet or damp,Darkness - lights lit,Normal,Vehicle Collision,2,1,Exiting,Male,31-50,2,Unemployed,Normal,Unknown or other,Changing lane to the right,Slight Injury
16:00:00,Thursday,Under 18,Male,Employee,5-10yr,Public (> 45 seats),Owner,Residential areas,Double carriageway (median),Tangent road with flat terrain,Other,Asphalt roads,Dry,Daylight,Normal,Other,2,1,Moving forward,Male,31-50,3,Driver,Normal,Not a Pedestrian,No distancing,Slight Injury
16:00:00,Thursday,31-50,Male,Employee,Below 1yr,Lorry (41 - 100 Quintal),Governmental,  Recreational areas,Two-way (divided with broken lines road marking),Tangent road with flat terrain,Other,Asphalt roads,Dry,Daylight,Normal,Vehicle Collision,2,1,Moving forward,na,na,na,Driver,Normal,Not a Pedestrian,Changing lane to the left,Slight Injury
16:00:00,Thursday,31-50,Male,Employee,Below 1yr,Other,Owner, Church areas,Double carriageway (median),Tangent road with flat terrain,Y Shape,Gravel roads,Dry,Daylight,Normal,Stationary Object Collision,2,1,Moving forward,Male,5,3,Driver,Normal,Not a Pedestrian,Driving carelessly,Slight Injury
16:00:00,Thursday,Over 51,Male,Employee,Below 1yr,Other,Owner,Office areas,Undivided Two way,Tangent road with flat terrain,Y Shape,Asphalt roads,Dry,Daylight,Normal,Vehicle Collision,2,1,Moving forward,na,na,na,Driver,Normal,Not a Pedestrian,Changing lane to the right,Slight Injury
13:00:00,Saturday,18-30,Male,Employee,5-10yr,Automobile,Owner,Other,Two-way (divided with broken lines road marking),Tangent road with flat terrain,Y Shape,Asphalt roads,Dry,Daylight,Cloudy,Vehicle Collision,1,1,Moving forward,Male,18-30,2,Employee,Normal,Not a Pedestrian,No priority to vehicle,Slight Injury
12:00:00,Tuesday,Unknown,Female,Owner,5-10yr,Lorry (41 - 100 Quintal),Owner,Residential areas,other,Steep grade downward with mountainous terrain,Y Shape,Asphalt roads,Wet or damp,Daylight,Raining,Vehicle Collision,1,1,Moving forward,na,na,na,Driver,Normal,Not a Pedestrian,No distancing,Slight Injury
11:00:00,Sunday,18-30,Male,Owner,5-10yr,Pick up upto 10 Quintal,Owner,School areas,other,Tangent road with flat terrain,No junction,Earth roads,Dry,Daylight,Normal,Vehicle Collision,4,1,Moving backward,Male,18-30,3,Self-employed,Normal,Not a Pedestrian,No priority to pedestrian,Slight Injury
11:00:00,Sunday,Over 51,Male,Employee,5-10yr,Automobile,Owner,Office areas,Two-way (divided with broken lines road marking),Tangent road with flat terrain,No junction,Asphalt roads,Dry,Daylight,Normal,Vehicle Collision,4,1,Moving forward,na,na,na,Driver,Normal,Not a Pedestrian,No priority to pedestrian,Slight Injury
11:00:00,Sunday,Unknown,Male,Employee,2-5yr,Automobile,Owner,Other,other,Tangent road with flat terrain,No junction,Asphalt roads,Dry,Daylight,Normal,Vehicle Collision,4,1,Other,Female,18-30,3,Driver,Normal,Not a Pedestrian,No priority to vehicle,Slight Injury
11:00:00,Sunday,Unknown,Male,Employee,5-10yr,Other,Owner,Other,Two-way (divided with broken lines road marking),Tangent road with flat terrain,No junction,Asphalt roads,Dry,Daylight,Normal,Stationary Object Collision,4,1,Moving forward,na,na,na,,,Not a Pedestrian,Changing lane to the left,Slight Injury
17:00:00,Wednesday,Unknown,Male,Employee,2-5yr,Automobile,Organization,Office areas,Two-way (divided with broken lines road marking),Tangent road with mountainous terrain and,No junction,Asphalt roads,Dry,Darkness - lights lit,Normal,Stationary Object Collision,2,1,Moving forward,na,na,na,Driver,Normal,Not a Pedestrian,Changing lane to the left,Slight Injury
17:00:00,Wednesday,31-50,Unknown,Employee,Below 1yr,Stationwagen,Owner,Office areas,Two-way (divided with broken lines road marking),Tangent road with flat terrain,No junction,Asphalt roads,Dry,Darkness - lights lit,Normal,Vehicle Collision,2,1,Moving forward,Male,31-50,3,,,Not a Pedestrian,No distancing,Slight Injury
13:00:00,Friday,31-50,Male,Employee,2-5yr,Other,Owner,Other,Undivided Two way,Tangent road with flat terrain,No junction,Earth roads,Wet or damp,Daylight,Normal,Stationary Object Collision,1,2,Moving forward,na,na,na,,,Not a Pedestrian,No priority to vehicle,Slight Injury
13:00:00,Friday,31-50,Male,Employee,2-5yr,Automobile,Owner,Office areas,Two-way (divided with broken lines road marking),Tangent road with flat terrain,No junction,Asphalt roads,Wet or damp,Daylight,Normal,Stationary Object Collision,1,2,Moving forward,Male,31-50,3,,Normal,Not a Pedestrian,No distancing,Slight Injury
08:00:00,Wednesday,Unknown,Male,Employee,2-5yr,Ridden horse,Owner, Industrial areas,Two-way (divided with broken lines road marking),Tangent road with flat terrain,Crossing,Asphalt roads,Wet or damp,Daylight,Normal,Vehicle Collision,1,1,Moving backward,na,na,na,Driver,Normal,Not a Pedestrian,No distancing,Slight Injury
08:00:00,Monday,Under 18,Male,Employee,5-10yr,Automobile,Owner,Office areas,Undivided Two way,Tangent road with flat terrain,No junction,Asphalt roads,Dry,Daylight,Normal,Vehicle Collision,2,1,Moving forward,Male,18-30,3,Driver,Normal,Not a Pedestrian,Changing lane to the right,Slight Injury
08:00:00,Monday,Unknown,Male,Employee,5-10yr,Other,Owner,Other,Undivided Two way,Tangent road with flat terrain,No junction,Asphalt roads,Dry,Daylight,Normal,Stationary Object Collision,2,1,Moving forward,na,na,na,Driver,Normal,Not a Pedestrian,Changing lane to the left,Slight Injury
09:00:00,Friday,18-30,Male,Employee,5-10yr,Lorry (41 - 100 Quintal),Owner,Other,Two-way (divided with broken lines road marking),Tangent road with flat terrain,Y Shape,Asphalt roads,Dry,Daylight,Normal,Vehicle Collision,2,1,Moving forward,Male,31-50,3,Driver,Normal,Not a Pedestrian,No distancing,Slight Injury
09:00:00,Friday,31-50,Male,Owner,5-10yr,Lorry (41 - 100 Quintal),Owner,Office areas,Two-way (divided with broken lines road marking),Tangent road with flat terrain,Y Shape,Asphalt roads,Dry,Daylight,Normal,Vehicle Collision,2,1,Moving forward,Male,5,2,Driver,Normal,Not a Pedestrian,Overturning,Slight Injury
13:00:00,Thursday,Over 51,Male,Employee,2-5yr,Lorry (41 - 100 Quintal),Owner, Church areas,,Tangent road with flat terrain,Unknown,Asphalt roads,Dry,Daylight,Normal,Vehicle Collision,2,1,Moving forward,Male,18-30,3,Driver,Normal,Unknown or other,No priority to vehicle,Slight Injury
13:00:00,Thursday,Unknown,Female,Employee,Below 1yr,Stationwagen,Owner,Office areas,other,Tangent road with flat terrain,Unknown,Asphalt roads,Dry,Daylight,Normal,Vehicle Collision,2,1,Moving forward,Male,18-30,3,Employee,Normal,Not a Pedestrian,Moving Backward,Slight Injury
13:00:00,Wednesday,31-50,Male,Employee,1-2yr,Lorry (41 - 100 Quintal),Owner,Residential areas,other,Tangent road with flat terrain,T Shape,Asphalt roads,Dry,Daylight,Normal,Vehicle Collision,2,2,Moving forward,Male,18-30,3,,Normal,Unknown or other,Driving under the influence of drugs,Slight Injury
13:00:00,Wednesday,18-30,Male,Employee,Below 1yr,Automobile,Owner,  Recreational areas,Two-way (divided with broken lines road marking),Tangent road with flat terrain,T Shape,Asphalt roads,Dry,Daylight,Normal,Vehicle Collision,2,2,Moving forward,Male,31-50,3,Driver,Normal,Unknown or other,Moving Backward,Slight Injury
13:00:00,Wednesday,18-30,Male,Employee,Above 10yr,Automobile,Governmental,Other,other,Tangent road with flat terrain,T Shape,Asphalt roads,Dry,Daylight,Normal,Pedestrian Collision,2,2,Moving forward,Female,31-50,3,,,Unknown or other,Changing lane to the right,Slight Injury
12:00:00,Thursday,Under 18,Male,Employee,Below 1yr,Pick up upto 10 Quintal,Owner, Church areas,Undivided Two way,Tangent road with flat terrain,Other,Earth roads,Wet or damp,Daylight,Snow,Vehicle Collision,2,2,Moving forward,na,na,na,Self-employed,Normal,Not a Pedestrian,Overspeed,Slight Injury
12:00:00,Thursday,31-50,Male,Employee,2-5yr,Taxi,Owner,Other,One way,Tangent road with flat terrain,Other,Asphalt roads,Wet or damp,Daylight,Snow,Stationary Object Collision,2,2,Moving forward,Male,31-50,2,,,Not a Pedestrian,Driving under the influence of drugs,Slight Injury
08:00:00,Thursday,Over 51,Male,Employee,1-2yr,Automobile,Owner,Other,Two-way (divided with broken lines road marking),Tangent road with flat terrain,Crossing,Asphalt roads,Wet or damp,Daylight,Other,Vehicle Collision,3,2,Other,Male,18-30,3,Self-employed,Normal,Not a Pedestrian,Driving carelessly,Slight Injury
08:00:00,Thursday,31-50,Male,Employee,5-10yr,Automobile,Owner, Church areas,Undivided Two way,Tangent road with flat terrain,Crossing,Asphalt roads,Wet or damp,Daylight,Other,Vehicle Collision,3,2,Moving forward,na,na,na,,,Not a Pedestrian,No distancing,Slight Injury
08:00:00,Thursday,31-50,Male,Owner,Below 1yr,Automobile,Owner,Office areas,Two-way (divided with broken lines road marking),Tangent road with mild grade and flat terrain,Crossing,Asphalt roads,Wet or damp,Daylight,Other,Vehicle Collision,3,2,Moving forward,Male,18-30,3,Self-employed,Normal,Not a Pedestrian,No priority to vehicle,Slight Injury
08:00:00,Friday,Unknown,Male,Employee,Below 1yr,Long lorry,Owner,Office areas,Double carriageway (median),Tangent road with flat terrain,Crossing,Other,Dry,Daylight,Normal,Vehicle Collision,2,1,Moving forward,na,na,na,,,Not a Pedestrian,Overspeed,Slight Injury
08:00:00,Friday,31-50,Male,Employee,Below 1yr,Public (12 seats),Organization, Church areas,Two-way (divided with broken lines road marking),Tangent road with flat terrain,Crossing,Gravel roads,Dry,Daylight,Normal,Vehicle Collision,2,1,Moving forward,Male,31-50,3,,,Not a Pedestrian,Driving under the influence of drugs,Slight Injury
18:00:00,Thursday,Unknown,Male,Employee,1-2yr,Pick up upto 10 Quintal,Organization,Other,Undivided Two way,Tangent road with mountainous terrain and,No junction,Gravel roads,Dry,Daylight,Other,Vehicle Collision,2,1,Moving forward,na,na,na,Self-employed,Normal,Not a Pedestrian,Changing lane to the right,Slight Injury
18:00:00,Thursday,Over 51,Male,Owner,5-10yr,Automobile,Owner,Other,Undivided Two way,Tangent road with flat terrain,No junction,Asphalt roads,Dry,Daylight,Other,Vehicle Collision,2,1,Moving forward,na,na,na,Employee,Normal,Not a Pedestrian,Changing lane to the right,Slight Injury
08:00:00,Friday,Unknown,Male,Employee,2-5yr,Other,Owner, Church areas,Undivided Two way,Tangent road with flat terrain,No junction,Asphalt roads,Dry,Daylight,Snow,Vehicle Collision,1,1,Moving backward,Male,31-50,3,Other,Normal,Not a Pedestrian,Changing lane to the right,Slight Injury
18:00:00,Saturday,18-30,Male,Owner,Below 1yr,Lorry (41 - 100 Quintal),Owner, Industrial areas,Two-way (divided with broken lines road marking),Tangent road with mild grade and flat terrain,Y Shape,Earth roads,Dry,Darkness - lights lit,Unknown,Vehicle Collision,2,1,Moving forward,Female,18-30,3,Employee,Normal,Not a Pedestrian,Changing lane to the right,Serious Injury
18:00:00,Saturday,18-30,Male,Employee,5-10yr,Automobile,Owner,Office areas,Undivided Two way,Tangent road with flat terrain,Y Shape,Asphalt roads,Dry,Darkness - lights lit,Unknown,Stationary Object Collision,2,1,Moving forward,na,na,na,,,Not a Pedestrian,Moving Backward,Serious Injury
06:00:00,Wednesday,31-50,Male,Employee,5-10yr,Pick up upto 10 Quintal,Owner,School areas,Undivided Two way,Tangent road with flat terrain,No junction,Asphalt roads,Dry,Darkness - lights lit,Normal,Vehicle Collision,2,1,Moving forward,Female,18-30,3,Employee,Normal,Not a Pedestrian,No distancing,Serious Injury
06:00:00,Wednesday,Over 51,Male,Employee,5-10yr,Lorry (41 - 100 Quintal),Owner,Other,Undivided Two way,Tangent road with flat terrain,No junction,Asphalt roads,Dry,Darkness - lights lit,Normal,Stationary Object Collision,2,1,Moving forward,na,na,na,,,Not a Pedestrian,Overspeed,Serious Injury
17:00:00,Tuesday,Unknown,Male,Employee,2-5yr,Lorry (41 - 100 Quintal),Owner, Church areas,One way,Tangent road with flat terrain,No junction,Asphalt roads,Dry,Daylight,Normal,Vehicle Collision,2,1,Moving forward,Male,18-30,3,Employee,Normal,Not a Pedestrian,No distancing,Slight Injury
17:00:00,Tuesday,18-30,Male,Employee,Above 10yr,Long lorry,Owner,Office areas,Undivided Two way,Tangent road with flat terrain,No junction,Earth roads,Dry,Daylight,Normal,Vehicle Collision,2,1,Moving forward,Male,18-30,2,Employee,Normal,Not a Pedestrian,Driving carelessly,Slight Injury
22:00:00,Wednesday,Unknown,Female,Employee,5-10yr,Public (> 45 seats),Owner,Other,other,Steep grade downward with mountainous terrain,No junction,Asphalt roads,Dry,Darkness - lights lit,Unknown,Vehicle Collision,2,1,Moving forward,na,na,na,Employee,Normal,Not a Pedestrian,No distancing,Serious Injury
22:00:00,Wednesday,Under 18,Male,Employee,Above 10yr,Public (> 45 seats),Owner,Other,other,Tangent road with flat terrain,No junction,Asphalt roads,Dry,Darkness - lights lit,Unknown,Pedestrian Collision,2,1,Exiting,Male,18-30,3,Driver,Normal,"Walking along in carriageway, back to traffic",No distancing,Serious Injury
21:00:00,Thursday,Unknown,Female,Employee,2-5yr,Automobile,Owner,Other,Two-way (divided with broken lines road marking),Tangent road with flat terrain,Other,Asphalt roads,Wet or damp,Darkness - lights lit,Normal,Vehicle Collision,2,1,Moving forward,Male,31-50,3,Driver,Normal,Unknown or other,No distancing,Serious Injury
21:00:00,Thursday,18-30,Male,Employee,Below 1yr,Automobile,Owner,Other,One way,Tangent road with flat terrain,Other,Asphalt roads,Wet or damp,Darkness - lights lit,Normal,Vehicle Collision,2,1,Moving forward,Male,18-30,3,Student,Normal,Not a Pedestrian,Changing lane to the right,Serious Injury
19:00:00,Monday,18-30,Male,Employee,Below 1yr,Automobile,Owner, Church areas,Two-way (divided with broken lines road marking),Tangent road with mild grade and flat terrain,Crossing,Asphalt roads,Dry,Darkness - lights lit,Unknown,Vehicle Collision,2,1,Turning,na,na,na,Driver,Normal,Not a Pedestrian,No distancing,Slight Injury
19:00:00,Monday,31-50,Male,Owner,5-10yr,Other,Governmental,Residential areas,Two-way (divided with broken lines road marking),Tangent road with flat terrain,Crossing,Asphalt roads,Dry,Darkness - lights lit,Unknown,Pedestrian Collision,2,1,Moving backward,Male,31-50,3,Self-employed,Normal,Not a Pedestrian,No priority to vehicle,Slight Injury
10:00:00,Thursday,Unknown,Male,Employee,2-5yr,Public (12 seats),Owner,Office areas,Two-way (divided with broken lines road marking),Tangent road with mild grade and flat terrain,No junction,Asphalt roads,Dry,Daylight,Normal,Stationary Object Collision,2,1,Moving forward,Male,31-50,3,,,Not a Pedestrian,Changing lane to the left,Slight Injury
10:00:00,Thursday,18-30,Male,Employee,Below 1yr,Automobile,Owner,Other,Two-way (divided with broken lines road marking),Tangent road with flat terrain,No junction,Asphalt roads,Dry,Daylight,Normal,Vehicle Collision,2,1,Moving backward,Male,31-50,3,,,Not a Pedestrian,Moving Backward,Slight Injury
07:00:00,Wednesday,18-30,Male,Employee,2-5yr,Stationwagen,Owner,Office areas,Two-way (divided with broken lines road marking),Tangent road with mild grade and flat terrain,No junction,Asphalt roads,Dry,Daylight,Normal,Vehicle Collision,2,1,Moving forward,Male,31-50,3,Driver,Normal,Not a Pedestrian,Driving carelessly,Slight Injury
07:00:00,Wednesday,Unknown,Female,Employee,5-10yr,Automobile,Owner,Other,Two-way (divided with broken lines road marking),Tangent road with flat terrain,No junction,Asphalt roads,Dry,Daylight,Normal,Vehicle Collision,2,1,Moving forward,na,na,na,Driver,Normal,Not a Pedestrian,Changing lane to the left,Slight Injury
08:00:00,Tuesday,18-30,Male,Employee,Above 10yr,Automobile,Owner, Church areas,Undivided Two way,Tangent road with flat terrain,No junction,Earth roads,Dry,Daylight,Normal,Vehicle Collision,1,1,Moving forward,na,na,na,Driver,Normal,Not a Pedestrian,No priority to pedestrian,Slight Injury
06:00:00,Tuesday,31-50,Male,Employee,Above 10yr,Automobile,Owner,Office areas,Two-way (divided with broken lines road marking),Tangent road with flat terrain,Y Shape,Asphalt roads,Dry,Darkness - lights lit,Normal,Vehicle Collision,1,1,Moving forward,Female,18-30,3,Driver,Normal,Not a Pedestrian,No distancing,Slight Injury
08:00:00,Monday,Over 51,Male,Employee,5-10yr,Automobile,Owner,Other,Two-way (divided with broken lines road marking),Tangent road with flat terrain,No junction,Asphalt roads,Dry,Daylight,Normal,Vehicle Collision,1,1,Moving forward,Male,31-50,3,,,Unknown or other,No distancing,Slight Injury
08:00:00,Monday,31-50,Male,Employee,1-2yr,Automobile,Owner,Other,Two-way (divided with broken lines road marking),Tangent road with flat terrain,Crossing,Asphalt roads,Dry,Daylight,Normal,Vehicle Collision,2,2,Moving forward,Male,5,3,Driver,Normal,Unknown or other,Overturning,Slight Injury
08:00:00,Monday,31-50,Male,Employee,5-10yr,Pick up upto 10 Quintal,Owner,School areas,Two-way (divided with broken lines road marking),Tangent road with flat terrain,Crossing,Asphalt roads,Dry,Daylight,Normal,Stationary Object Collision,2,2,Moving forward,na,na,na,Self-employed,Normal,Not a Pedestrian,No distancing,Slight Injury
09:00:00,Tuesday,Unknown,Male,Employee,5-10yr,Turbo,Owner, Church areas,Double carriageway (median),Tangent road with mild grade and flat terrain,No junction,Earth roads,Dry,Daylight,Normal,Stationary Object Collision,2,4,Moving forward,Male,31-50,3,Self-employed,Normal,Not a Pedestrian,Drunk driving,Slight Injury
09:00:00,Tuesday,18-30,Male,Employee,1-2yr,Pick up upto 10 Quintal,Owner,School areas,Undivided Two way,Tangent road with flat terrain,No junction,Asphalt roads,Dry,Daylight,Normal,Vehicle Collision,2,4,Moving forward,Female,18-30,2,Self-employed,Normal,Not a Pedestrian,Moving Backward,Slight Injury
09:00:00,Tuesday,18-30,Male,Owner,5-10yr,Other,Owner,Residential areas,Double carriageway (median),Tangent road with flat terrain,No junction,Asphalt roads,Dry,Daylight,Normal,Vehicle Collision,2,4,Moving forward,na,na,na,Driver,Normal,Not a Pedestrian,No priority to pedestrian,Slight Injury
09:00:00,Tuesday,18-30,Male,Owner,Above 10yr,Stationwagen,Owner,Office areas,Two-way (divided with broken lines road marking),Tangent road with flat terrain,No junction,Asphalt roads,Dry,Daylight,Normal,Vehicle Collision,2,4,Moving forward,na,na,na,Other,Normal,Not a Pedestrian,Changing lane to the left,Slight Injury
09:00:00,Tuesday,18-30,Male,Owner,Below 1yr,Pick up upto 10 Quintal,Owner,Office areas,Undivided Two way,Tangent road with flat terrain,No junction,Asphalt roads,Dry,Daylight,Normal,Vehicle Collision,2,4,Other,Male,18-30,3,,,Not a Pedestrian,Changing lane to the left,Slight Injury
19:00:00,Saturday,Unknown,Female,Owner,5-10yr,Lorry (41 - 100 Quintal),Governmental, Church areas,Two-way (divided with broken lines road marking),Tangent road with flat terrain,No junction,Asphalt roads,Dry,Darkness - lights lit,Unknown,Vehicle Collision,1,1,Other,Female,Under 18,2,Self-employed,Normal,Crossing from offside - masked by  parked or statioNot a Pedestrianry vehicle,Getting off the vehicle improperly,Slight Injury
22:00:00,Tuesday,18-30,Male,Employee,Above 10yr,Lorry (41 - 100 Quintal),Owner,Residential areas,Undivided Two way,Tangent road with flat terrain,Y Shape,Asphalt roads,Dry,Darkness - lights lit,Normal,Self-accident,2,1,Moving forward,na,na,na,Other,Normal,Not a Pedestrian,No distancing,Slight Injury
22:00:00,Tuesday,Over 51,Male,Employee,Below 1yr,Automobile,Owner,Office areas,other,Tangent road with flat terrain,Y Shape,Asphalt roads,Dry,Darkness - lights lit,Normal,Vehicle Collision,2,1,Moving forward,Male,31-50,2,,,Unknown or other,Changing lane to the right,Slight Injury
13:00:00,Sunday,Unknown,Female,Employee,1-2yr,Automobile,Owner,Residential areas,One way,Tangent road with flat terrain,Y Shape,Asphalt roads,Dry,Daylight,Normal,Stationary Object Collision,2,1,Exiting,Male,Over 51,3,,,Not a Pedestrian,Changing lane to the right,Slight Injury