Time,Day,Age_band_of_driver,Sex_of_driver,Vehicle_driver_relation,Driving_experience,Type_of_vehicle,Owner_of_vehicle,Area_accident_occured,Lanes_or_Medians,Road_allignment,Types_of_Junction,Road_surface_type,Road_surface_conditions,Light_conditions,Weather_conditions,Type_of_collision,Number_of_vehicles_involved,Number_of_casualties,Vehicle_movement,Sex_of_casualty,Age_band_of_casualty,Casualty_severity,Work_of_casuality,Fitness_of_casuality,Pedestrian_movement,Cause_of_accident,Accident_severity
13:00:00,Sunday,18-30,Male,Employee,Above 10yr,Pick up upto 10 Quintal,Owner,Other,Two-way (divided with broken lines road marking),Tangent road with flat terrain,Y Shape,Other,Dry,Daylight,Normal,Pedestrian Collision,2,1,Moving forward,Male,18-30,3,Driver,Normal,Not a Pedestrian,Moving Backward,Slight Injury
08:00:00,Wednesday,31-50,Male,Owner,Above 10yr,Pick up upto 10 Quintal,Governmental,Other,Two-way (divided with broken lines road marking),Tangent road with flat terrain,No junction,Asphalt roads,Wet or damp,Daylight,Normal,Vehicle Collision,1,1,Moving forward,Male,18-30,3,,,Unknown or other,Driving at high speed,Slight Injury
16:00:00,Friday,18-30,Male,Employee,Above 10yr,Lorry (41 - 100 Quintal),Owner,Residential areas,Two-way (divided with broken lines road marking),Tangent road with flat terrain,No junction,Asphalt roads,Wet or damp,Daylight,Normal,Vehicle Collision,2,4,Moving forward,Male,31-50,3,Driver,Normal,Crossing from nearside - masked by parked or statioNot a Pedestrianry vehicle,Changing lane to the left,Slight Injury
16:00:00,Friday,18-30,Male,Employee,No Licence,Public (12 seats),Owner, Industrial areas,Undivided Two way,Tangent road with flat terrain,No junction,Asphalt roads,Wet or damp,Daylight,Normal,Vehicle Collision,2,4,Moving forward,na,na,na,Driver,Normal,Not a Pedestrian,Changing lane to the right,Slight Injury
16:00:00,Friday,Unknown,Male,Employee,1-2yr,Other,Owner,Other,Undivided Two way,Steep grade downward with mountainous terrain,No junction,Asphalt roads,Wet or damp,Daylight,Normal,Vehicle Collision,2,4,Moving forward,Male,18-30,3,Driver,Normal,Not a Pedestrian,No distancing,Slight Injury
16:00:00,Friday,Unknown,Male,Owner,1-2yr,Stationwagen,Owner,Office areas,Undivided Two way,Tangent road with flat terrain,No junction,Asphalt roads,Wet or damp,Daylight,Normal,Vehicle Collision,2,4,Exiting,na,na,na,Driver,Normal,Not a Pedestrian,Changing lane to the right,Slight Injury
11:00:00,Monday,Over 51,Male,Owner,Below 1yr,Automobile,Organization,Other,Two-way (divided with broken lines road marking),Tangent road with mountainous terrain and,Y Shape,Asphalt roads,Wet or damp,Daylight,Cloudy,Vehicle Collision,1,1,Moving forward,Male,31-50,3,Self-employed,Normal,Not a Pedestrian,Changing lane to the right,Slight Injury
16:00:00,Thursday,Under 18,Male,Owner,1-2yr,Automobile,Governmental,Other,Undivided Two way,Tangent road with flat terrain,Y Shape,Asphalt roads,Wet or damp,Darkness - lights lit,Other,Vehicle Collision,3,2,Moving forward,Male,Under 18,3,Self-employed,Normal,Unknown or other,No distancing,Serious Injury
16:00:00,Thursday,31-50,Male,Owner,2-5yr,Lorry (41 - 100 Quintal),Owner,Other,Two-way (divided with broken lines road marking),Tangent road with flat terrain,Y Shape,Earth roads,Wet or damp,Darkness - lights lit,Other,Stationary Object Collision,3,2,Other,na,na,na,Driver,Normal,Not a Pedestrian,Changing lane to the right,Serious Injury
16:00:00,Thursday,Under 18,Male,Owner,5-10yr,Stationwagen,Owner,Other,Double carriageway (median),Tangent road with flat terrain,Y Shape,Asphalt roads,Wet or damp,Darkness - lights lit,Other,Self-accident,3,2,Moving forward,Female,Over 51,3,Driver,Normal,Not a Pedestrian,Driving carelessly,Serious Injury
19:00:00,Thursday,18-30,Male,Owner,Above 10yr,Lorry (41 - 100 Quintal),Owner,Office areas,Undivided Two way,Tangent road with flat terrain,Y Shape,Asphalt roads,Dry,Darkness - lights lit,Unknown,Vehicle Collision,2,1,Moving forward,Male,31-50,3,,,Not a Pedestrian,Driving carelessly,Slight Injury
19:00:00,Thursday,18-30,Male,Owner,2-5yr,Public (> 45 seats),Governmental,Other,Two-way (divided with broken lines road marking),Tangent road with flat terrain,Y Shape,Asphalt roads,Dry,Darkness - lights lit,Unknown,Pedestrian Collision,2,1,Moving forward,Female,31-50,3,Driver,Normal,Unknown or other,Changing lane to the right,Slight Injury
14:00:00,Saturday,Unknown,Female,Owner,Above 10yr,Automobile,Owner,Other,other,Tangent road with flat terrain,Y Shape,Asphalt roads,Dry,Daylight,Unknown,Vehicle Collision,1,1,Moving forward,Female,5,3,Driver,Normal,Not a Pedestrian,Overturning,Slight Injury
02:00:00,Saturday,Unknown,Male,Owner,5-10yr,Automobile,Organization,Other,Two-way (divided with broken lines road marking),Tangent road with flat terrain,Y Shape,Asphalt roads,Snow,Darkness - lights lit,Snow,Vehicle Collision,2,1,Moving forward,Male,18-30,3,Driver,Normal,Not a Pedestrian,Changing lane to the right,Slight Injury
02:00:00,Saturday,Unknown,Male,Owner,5-10yr,Automobile,Owner,Other,other,Steep grade downward with mountainous terrain,Y Shape,Asphalt roads,Snow,Darkness - lights lit,Snow,Pedestrian Collision,2,1,Moving backward,na,na,na,,Normal,Not a Pedestrian,Moving Backward,Slight Injury
08:00:00,Tuesday,Unknown,Female,Owner,5-10yr,Automobile,Owner,Office areas,Undivided Two way,Tangent road with flat terrain,Y Shape,Asphalt roads,Dry,Daylight,Normal,Pedestrian Collision,2,1,Other,Male,18-30,3,,,Not a Pedestrian,No distancing,Slight Injury
08:00:00,Tuesday,31-50,Male,Owner,Below 1yr,Lorry (41 - 100 Quintal),Owner,Office areas,One way,Tangent road with flat terrain,Y Shape,Asphalt roads,Dry,Daylight,Normal,Vehicle Collision,2,1,Moving forward,Male,18-30,3,Driver,Normal,Unknown or other,Overturning,Slight Injury
07:00:00,Thursday,Unknown,Male,Owner,2-5yr,Lorry (41 - 100 Quintal),Owner, Church areas,other,Tangent road with flat terrain,Y Shape,Asphalt roads,Dry,Daylight,Other,Vehicle Collision,2,1,Moving forward,Male,18-30,2,Driver,Normal,Unknown or other,Driving carelessly,Slight Injury
07:00:00,Thursday,31-50,Male,Employee,2-5yr,Automobile,Owner,Office areas,Double carriageway (median),Tangent road with flat terrain,Y Shape,Asphalt roads,Dry,Daylight,Other,Vehicle Collision,2,1,Moving forward,Male,18-30,3,Self-employed,Normal,Crossing from nearside - masked by parked or statioNot a Pedestrianry vehicle,Changing lane to the right,Slight Injury
22:00:00,Saturday,31-50,Male,Employee,2-5yr,Stationwagen,Owner,Office areas,other,Tangent road with flat terrain,No junction,Asphalt roads,Dry,Darkness - lights lit,Normal,Vehicle Collision,4,1,Moving forward,na,na,na,Driver,Normal,Not a Pedestrian,Driving at high speed,Slight Injury
22:00:00,Saturday,Unknown,Male,Employee,2-5yr,Public (12 seats),Owner,Office areas,Two-way (divided with broken lines road marking),Tangent road with flat terrain,No junction,Asphalt roads,Dry,Darkness - lights lit,Normal,Vehicle Collision,4,1,Moving forward,Female,31-50,3,Driver,Normal,Not a Pedestrian,Changing lane to the left,Slight Injury
22:00:00,Saturday,Unknown,Male,Employee,5-10yr,Public (12 seats),Owner,Office areas,One way,Tangent road with flat terrain,No junction,Asphalt roads,Dry,Darkness - lights lit,Normal,Stationary Object Collision,4,1,Moving forward,na,na,na,Driver,Normal,Not a Pedestrian,Driving carelessly,Slight Injury
22:00:00,Saturday,Unknown,Male,Employee,5-10yr,Automobile,Owner,Residential areas,Undivided Two way,Tangent road with flat terrain,No junction,Asphalt roads,Dry,Darkness - lights lit,Normal,Vehicle Collision,4,1,Moving forward,Male,31-50,3,,,Not a Pedestrian,No distancing,Slight Injury
08:00:00,Wednesday,18-30,Male,Employee,Above 10yr,Public (12 seats),Owner,Residential areas,other,Tangent road with flat terrain,No junction,Asphalt roads,Wet or damp,Daylight,Raining,Vehicle Collision,2,1,Moving forward,Male,Over 51,3,Driver,Normal,Not a Pedestrian,Moving Backward,Slight Injury
08:00:00,Wednesday,18-30,Male,Employee,5-10yr,Public (12 seats),Owner,Residential areas,Undivided Two way,Tangent road with flat terrain,No junction,Earth roads,Wet or damp,Daylight,Raining,Vehicle Collision,2,1,Moving forward,Male,18-30,3,Driver,Normal,Not a Pedestrian,No priority to pedestrian,Slight Injury
18:00:00,Tuesday,31-50,Male,Employee,5-10yr,Lorry (41 - 100 Quintal),Owner,Office areas,Double carriageway (median),Tangent road with flat terrain,Other,Asphalt roads,Snow,Darkness - lights lit,Snow,Vehicle Collision,1,1,Moving backward,Female,Under 18,3,Self-employed,Normal,Not a Pedestrian,Moving Backward,Slight Injury
15:00:00,Friday,31-50,Male,Employee,Above 10yr,Automobile,Owner,Residential areas,Two-way (divided with broken lines road marking),Steep grade downward with mountainous terrain,No junction,Asphalt roads,Dry,Daylight,Normal,Vehicle Collision,1,1,Moving backward,na,na,na,,Normal,Not a Pedestrian,Changing lane to the right,Serious Injury
16:00:00,Monday,18-30,Male,Owner,5-10yr,Lorry (41 - 100 Quintal),Governmental,Other,Two-way (divided with broken lines road marking),Tangent road with flat terrain,No junction,Asphalt roads,Dry,Daylight,Normal,Vehicle Collision,1,1,Turning,na,na,na,,,Not a Pedestrian,No distancing,Slight Injury
08:00:00,Thursday,Over 51,Male,Owner,5-10yr,Automobile,Governmental,Other,Two-way (divided with broken lines road marking),Tangent road with flat terrain,No junction,Asphalt roads,Wet or damp,Daylight,Raining,Vehicle Collision,1,1,Other,Male,31-50,3,Student,Normal,Not a Pedestrian,Drunk driving,Slight Injury
11:00:00,Friday,31-50,Male,Employee,5-10yr,Automobile,Owner,Other,Two-way (divided with broken lines road marking),,Other,Asphalt roads,Dry,Daylight,Normal,Vehicle Collision,2,2,Other,Male,18-30,3,,,Not a Pedestrian,Changing lane to the right,Slight Injury
11:00:00,Friday,31-50,Male,Employee,Below 1yr,Stationwagen,Owner,School areas,Double carriageway (median),Tangent road with flat terrain,Other,Asphalt roads,Dry,Daylight,Normal,Vehicle Collision,2,2,Moving forward,na,na,na,,,Not a Pedestrian,Driving carelessly,Slight Injury
11:00:00,Friday,Unknown,Male,Employee,5-10yr,Automobile,Owner,School areas,Double carriageway (median),Tangent road with flat terrain,Other,Asphalt roads,Dry,Daylight,Normal,Vehicle Collision,2,2,Moving forward,Female,31-50,3,,Normal,Unknown or other,Driving to the left,Slight Injury
12:00:00,Saturday,31-50,Male,Employee,5-10yr,Automobile,Owner,School areas,Undivided Two way,Tangent road with flat terrain,No junction,Asphalt roads,Dry,Daylight,Normal,Vehicle Collision,2,1,Other,na,na,na,Driver,Normal,Not a Pedestrian,Changing lane to the right,Slight Injury
12:00:00,Saturday,Unknown,Male,Employee,5-10yr,Automobile,Owner,Residential areas,One way,Tangent road with flat terrain,No junction,Asphalt roads,Dry,Daylight,Normal,Vehicle Collision,2,1,Other,Male,18-30,3,Driver,Normal,Not a Pedestrian,Changing lane to the right,Slight Injury
12:00:00,Sunday,Over 51,Male,Employee,Above 10yr,Stationwagen,Owner,Other,Undivided Two way,Tangent road with flat terrain,No junction,Asphalt roads,Wet or damp,Daylight,Normal,Vehicle Collision,1,1,Moving forward,na,na,na,,,Not a Pedestrian,Driving carelessly,Slight Injury
10:00:00,Wednesday,Unknown,Male,Employee,Above 10yr,Automobile,Owner,Office areas,Two-way (divided with broken lines road marking),Tangent road with flat terrain,Crossing,Asphalt roads,Dry,Daylight,Normal,Vehicle Collision,1,1,Moving backward,Female,31-50,3,,,Not a Pedestrian,Changing lane to the left,Slight Injury
08:00:00,Wednesday,18-30,Male,Employee,Above 10yr,Other,Owner,Other,Two-way (divided with broken lines road marking),Tangent road with flat terrain,Y Shape,Gravel roads,Dry,Daylight,Normal,Vehicle Collision,2,1,Other,Male,18-30,3,,,Not a Pedestrian,No priority to vehicle,Slight Injury
08:00:00,Wednesday,31-50,Male,Employee,Above 10yr,Other,Owner,School areas,Undivided Two way,Tangent road with flat terrain,Y Shape,Asphalt roads,Dry,Daylight,Normal,Stationary Object Collision,2,1,Turning,na,na,na,,,Not a Pedestrian,Driving carelessly,Slight Injury
07:00:00,Thursday,31-50,Male,Employee,Above 10yr,Automobile,Owner,Other,Double carriageway (median),Tangent road with flat terrain,Y Shape,Asphalt roads,Dry,Daylight,Normal,Vehicle Collision,1,1,Moving forward,Female,31-50,3,Driver,Normal,Not a Pedestrian,Changing lane to the right,Serious Injury
00:00:00,Thursday,31-50,Male,Employee,Above 10yr,Lorry (41 - 100 Quintal),Owner, Industrial areas,Two-way (divided with broken lines road marking),Tangent road with flat terrain,Y Shape,Asphalt roads,Dry,Darkness - lights lit,Normal,Vehicle Collision,1,1,Moving forward,Male,18-30,3,Driver,Normal,Not a Pedestrian,Driving carelessly,Slight Injury
22:00:00,Tuesday,31-50,Male,Employee,5-10yr,Lorry (41 - 100 Quintal),Owner,Other,Two-way (divided with broken lines road marking),Tangent road with flat terrain,T Shape,Asphalt roads,Dry,Darkness - lights lit,Normal,Vehicle Collision,2,1,Moving forward,na,na,na,Driver,Normal,Not a Pedestrian,Driving under the influence of drugs,Slight Injury
22:00:00,Tuesday,31-50,Male,Employee,2-5yr,Lorry (41 - 100 Quintal),Owner,Office areas,Two-way (divided with broken lines road marking),Tangent road with flat terrain,T Shape,Asphalt roads,Dry,Darkness - lights lit,Normal,Vehicle Collision,2,1,Moving forward,Female,18-30,2,Other,Normal,Not a Pedestrian,No distancing,Slight Injury
17:00:00,Saturday,18-30,Male,Employee,Below 1yr,Automobile,Owner,Other,Two-way (divided with broken lines road marking),Tangent road with flat terrain,Y Shape,Asphalt roads,Dry,Darkness - lights lit,Normal,Pedestrian Collision,2,1,Moving forward,na,na,na,Driver,Normal,Not a Pedestrian,Changing lane to the left,Serious Injury
17:00:00,Saturday,31-50,Male,Employee,Below 1yr,Automobile,Owner,Other,Two-way (divided with broken lines road marking),Tangent road with flat terrain,Y Shape,Asphalt roads,Dry,Darkness - lights lit,Normal,Vehicle Collision,2,1,Moving forward,na,na,na,,,Not a Pedestrian,No priority to vehicle,Serious Injury
14:00:00,Wednesday,Unknown,Female,Employee,2-5yr,Public (13 - 45 seats),Organization, Outside rural areas,Undivided Two way,Tangent road with flat terrain,Y Shape,Asphalt roads,Dry,Daylight,Normal,Vehicle Collision,1,1,Moving forward,Male,18-30,3,Driver,Normal,"In carriageway, statioNot a Pedestrianry - not crossing  (standing or playing)",Moving Backward,Slight Injury
12:00:00,Monday,31-50,Male,Employee,Below 1yr,Public (13 - 45 seats),Owner,Other,other,Tangent road with flat terrain,Y Shape,Asphalt roads,Dry,Daylight,Cloudy,Vehicle Collision,2,1,Moving forward,Male,31-50,3,Driver,Normal,Crossing from nearside - masked by parked or statioNot a Pedestrianry vehicle,Moving Backward,Serious Injury
12:00:00,Monday,18-30,Male,Employee,Below 1yr,Lorry (41 - 100 Quintal),Owner,Residential areas,Two-way (divided with broken lines road marking),Tangent road with flat terrain,Y Shape,Asphalt roads,Dry,Daylight,Cloudy,Vehicle Collision,2,1,Moving forward,na,na,na,Unemployed,Normal,Not a Pedestrian,No distancing,Serious Injury
18:00:00,Friday,Unknown,Male,Employee,5-10yr,Lorry (41 - 100 Quintal),Owner,Office areas,Two-way (divided with broken lines road marking),Tangent road with flat terrain,Y Shape,Asphalt roads,Dry,Darkness - lights unlit,Normal,Vehicle Collision,2,1,Other,Male,31-50,3,Driver,Normal,Not a Pedestrian,Changing lane to the right,Slight Injury
18:00:00,Friday,31-50,Male,Employee,5-10yr,Public (12 seats),Owner,Office areas,Double carriageway (median),Tangent road with flat terrain,Y Shape,Asphalt roads,Dry,Darkness - lights unlit,Normal,Vehicle Collision,2,1,Moving forward,Male,18-30,3,Driver,Normal,Unknown or other,Changing lane to the right,Slight Injury
22:00:00,Sunday,Unknown,Male,Employee,Below 1yr,Other,Owner, Hospital areas,One way,,No junction,Asphalt roads,Dry,Darkness - lights lit,Normal,Vehicle Collision,1,1,Moving forward,na,na,na,Driver,Normal,Not a Pedestrian,Moving Backward,Slight Injury
08:00:00,Wednesday,31-50,Male,Employee,Below 1yr,Lorry (41 - 100 Quintal),Owner, Industrial areas,Two-way (divided with broken lines road marking),Tangent road with flat terrain,Y Shape,Asphalt roads,Dry,Daylight,Unknown,Vehicle Collision,2,1,Moving backward,Female,31-50,3,Driver,Normal,Not a Pedestrian,Driving carelessly,Slight Injury
08:00:00,Wednesday,18-30,Male,Employee,1-2yr,Automobile,Owner,Other,Undivided Two way,Tangent road with flat terrain,Y Shape,Asphalt roads,Dry,Daylight,Unknown,Pedestrian Collision,2,1,Moving forward,Female,31-50,3,Employee,Normal,Unknown or other,Driving under the influence of drugs,Slight Injury
17:00:00,Tuesday,Unknown,Male,Employee,Above 10yr,Other,Owner,Office areas,Undivided Two way,Tangent road with flat terrain,No junction,Asphalt roads,Dry,Daylight,Other,Vehicle Collision,1,1,Moving backward,Male,18-30,3,Driver,Normal,Unknown or other,No distancing,Serious Injury
19:00:00,Sunday,31-50,Male,Employee,Above 10yr,Motorcycle,Owner,Office areas,other,Tangent road with flat terrain,No junction,Asphalt roads,Wet or damp,Darkness - lights lit,Normal,Vehicle Collision,2,2,Other,Male,31-50,3,Self-employed,Normal,Not a Pedestrian,No distancing,Slight Injury
19:00:00,Sunday,18-30,Male,Employee,Below 1yr,Automobile,Owner,Residential areas,Two-way (divided with broken lines road marking),Tangent road with flat terrain,No junction,Other,Wet or damp,Darkness - lights lit,Normal,Vehicle Collision,2,2,Moving forward,na,na,na,Driver,Normal,Not a Pedestrian,No priority to vehicle,Slight Injury
20:00:00,Friday,Unknown,Female,Employee,2-5yr,Automobile,Owner,Residential areas,,Tangent road with flat terrain,Crossing,Asphalt roads,Dry,Darkness - lights lit,Normal,Vehicle Collision,4,1,Moving backward,Male,18-30,3,Driver,Normal,Not a Pedestrian,Driving to the left,Slight Injury
20:00:00,Friday,18-30,Male,Employee,2-5yr,Lorry (41 - 100 Quintal),Owner,School areas,Two-way (divided with broken lines road marking),Tangent road with flat terrain,Crossing,Asphalt roads,Dry,Darkness - lights lit,Normal,Stationary Object Collision,4,1,Moving forward,na,na,na,,,Not a Pedestrian,No priority to vehicle,Slight Injury
20:00:00,Friday,31-50,Male,Employee,Above 10yr,Automobile,Governmental,Other,Two-way (divided with broken lines road marking),Tangent road with flat terrain,Crossing,Asphalt roads,Dry,Darkness - lights lit,Normal,Vehicle Collision,4,1,Other,Male,31-50,3,Driver,Normal,Not a Pedestrian,No priority to vehicle,Slight Injury
20:00:00,Friday,18-30,Male,Employee,2-5yr,Public (> 45 seats),Governmental,  Market areas,Undivided Two way,Tangent road with flat terrain,Crossing,Asphalt roads,Dry,Darkness - lights lit,Normal,Vehicle Collision,4,1,Other,na,na,na,,,Not a Pedestrian,No priority to vehicle,Slight Injury
15:00:00,Saturday,Unknown,Male,Employee,2-5yr,Lorry (41 - 100 Quintal),Owner,Office areas,other,Tangent road with flat terrain,No junction,Asphalt roads,Dry,Daylight,Normal,Vehicle Collision,1,1,Other,Male,31-50,3,,,Not a Pedestrian,No distancing,Slight Injury
12:00:00,Monday,Over 51,Male,Employee,1-2yr,Public (> 45 seats),Owner, Church areas,Two-way (divided with broken lines road marking),Tangent road with flat terrain,Y Shape,Asphalt roads,Wet or damp,Daylight,Normal,Vehicle Collision,1,1,Stopping,na,na,na,,Normal,Not a Pedestrian,Moving Backward,Slight Injury
10:00:00,Wednesday,Over 51,Male,Employee,5-10yr,Lorry (41 - 100 Quintal),Governmental, Church areas,Two-way (divided with broken lines road marking),Tangent road with flat terrain,Crossing,Asphalt roads,Dry,Daylight,Normal,Vehicle Collision,3,1,Other,Male,Over 51,2,Driver,Normal,Not a Pedestrian,Changing lane to the right,Slight Injury
10:00:00,Wednesday,18-30,Male,Employee,Below 1yr,Lorry (41 - 100 Quintal),Owner,Residential areas,Double carriageway (median),Tangent road with flat terrain,Crossing,Other,Dry,Daylight,Normal,Vehicle Collision,3,1,Other,Male,5,3,Driver,Normal,Not a Pedestrian,Driving carelessly,Slight Injury
10:00:00,Wednesday,Unknown,Male,Employee,Below 1yr,Lorry (41 - 100 Quintal),Owner,Residential areas,Two-way (divided with broken lines road marking),Tangent road with flat terrain,Crossing,Asphalt roads,Dry,Daylight,Normal,Vehicle Collision,3,1,Other,Male,31-50,3,Driver,Normal,Not a Pedestrian,Changing lane to the left,Slight Injury
18:00:00,Saturday,Unknown,Female,Employee,5-10yr,Public (12 seats),Owner,Residential areas,Double carriageway (median),Tangent road with flat terrain,No junction,Asphalt roads,Dry,Darkness - lights lit,Normal,Stationary Object Collision,1,1,Moving forward,Male,18-30,3,Driver,Normal,Crossing from driver's nearside,No distancing,Serious Injury
16:00:00,Thursday,Unknown,Male,Employee,Below 1yr,Public (12 seats),Owner,Residential areas,Two-way (divided with broken lines road marking),Tangent road with flat terrain,No junction,Asphalt roads,Dry,Daylight,Normal,Vehicle Collision,2,1,Moving forward,Male,18-30,3,Driver,Normal,Crossing from nearside - masked by parked or statioNot a Pedestrianry vehicle,Changing lane to the right,Slight Injury
16:00:00,Thursday,31-50,Male,Employee,1-2yr,Stationwagen,Owner,Other,Double carriageway (median),Tangent road with flat terrain,No junction,Asphalt roads,Dry,Daylight,Normal,Vehicle Collision,2,1,Moving forward,na,na,na,Driver,Normal,Not a Pedestrian,Driving under the influence of drugs,Slight Injury
13:00:00,Tuesday,18-30,Male,Employee,2-5yr,Lorry (41 - 100 Quintal),Owner,Other,Two-way (divided with broken lines road marking),Tangent road with flat terrain,Y Shape,Asphalt roads,Dry,Daylight,Normal,Vehicle Collision,2,1,Moving forward,Male,31-50,3,Employee,Normal,Not a Pedestrian,No distancing,Slight Injury
13:00:00,Tuesday,31-50,Male,Employee,1-2yr,Automobile,Owner,Residential areas,Two-way (divided with broken lines road marking),Tangent road with flat terrain,Y Shape,Asphalt roads,Dry,Daylight,Normal,Vehicle Collision,2,1,Moving forward,Male,31-50,3,,Normal,Not a Pedestrian,Overturning,Slight Injury
03:00:00,Friday,Under 18,Male,Employee,5-10yr,Pick up upto 10 Quintal,Owner,Other,other,Tangent road with flat terrain,No junction,Asphalt roads,Dry,Darkness - lights lit,Normal,Self-accident,4,1,Moving forward,Male,5,3,Driver,Normal,Not a Pedestrian,No distancing,Serious Injury
03:00:00,Friday,Unknown,Female,Employee,Below 1yr,Automobile,Owner, Church areas,Undivided Two way,Tangent road with flat terrain,No junction,Asphalt roads,Dry,Darkness - lights lit,Normal,Vehicle Collision,4,1,Moving forward,na,na,na,,,Not a Pedestrian,Changing lane to the right,Serious Injury
03:00:00,Friday,Unknown,Female,Employee,Above 10yr,Public (13 - 45 seats),Owner,Other,Undivided Two way,Tangent road with flat terrain,No junction,Asphalt roads,Dry,Darkness - lights lit,Normal,Vehicle Collision,4,1,Moving forward,Female,Over 51,3,Self-employed,Normal,Not a Pedestrian,No priority to vehicle,Serious Injury
03:00:00,Friday,Unknown,Female,Owner,5-10yr,Public (> 45 seats),Owner,Office areas,Undivided Two way,Tangent road with flat terrain,No junction,Other,Dry,Darkness - lights lit,Normal,Stationary Object Collision,4,1,Moving forward,Male,31-50,3,,,Unknown or other,Changing lane to the right,Serious Injury
14:00:00,Monday,18-30,Male,Employee,Below 1yr,Stationwagen,Owner,Office areas,Two-way (divided with broken lines road marking),Tangent road with flat terrain,Y Shape,Asphalt roads,Wet or damp,Daylight,Raining,Vehicle Collision,3,1,Moving forward,na,na,na,Self-employed,Normal,Not a Pedestrian,Changing lane to the left,Slight Injury
14:00:00,Monday,Over 51,Male,Employee,5-10yr,Automobile,Owner,Residential areas,Undivided Two way,Tangent road with flat terrain,Y Shape,Asphalt roads,Wet or damp,Daylight,Raining,Vehicle Collision,3,1,Moving forward,Male,31-50,3,,,Not a Pedestrian,No distancing,Slight Injury
14:00:00,Monday,18-30,Male,Owner,5-10yr,Lorry (41 - 100 Quintal),Owner,Other,Two-way (divided with broken lines road marking),Tangent road with flat terrain,Y Shape,Asphalt roads,Wet or damp,Daylight,Raining,Vehicle Collision,3,1,Moving backward,Male,18-30,2,Self-employed,Normal,Not a Pedestrian,No priority to pedestrian,Slight Injury
02:00:00,Tuesday,Unknown,Male,Employee,2-5yr,Stationwagen,Owner, Industrial areas,Undivided Two way,Tangent road with flat terrain,No junction,Asphalt roads,Dry,Darkness - lights lit,Normal,Stationary Object Collision,1,2,Moving forward,na,na,na,,,Not a Pedestrian,Driving carelessly,Slight Injury
02:00:00,Tuesday,Unknown,Male,Employee,Above 10yr,Lorry (41 - 100 Quintal),Owner,Office areas,Two-way (divided with broken lines road marking),Tangent road with flat terrain,No junction,Asphalt roads with some distress,Dry,Darkness - lights lit,Normal,Stationary Object Collision,1,2,Other,Male,31-50,3,,,Not a Pedestrian,No distancing,Slight Injury
12:00:00,Saturday,18-30,Male,Employee,5-10yr,Public (12 seats),Organization,  Recreational areas,Two-way (divided with broken lines road marking),Tangent road with flat terrain,Y Shape,Asphalt roads,Dry,Daylight,Normal,Vehicle Collision,2,1,Moving forward,na,na,na,Self-employed,Normal,Not a Pedestrian,Driving carelessly,Slight Injury
12:00:00,Saturday,31-50,Male,Employee,1-2yr,Lorry (41 - 100 Quintal),Owner,Residential areas,Two-way (divided with broken lines road marking),Tangent road with flat terrain,Y Shape,Asphalt roads,Dry,Daylight,Normal,Vehicle Collision,2,1,Exiting,Male,18-30,3,Employee,Normal,Not a Pedestrian,Driving carelessly,Slight Injury
14:00:00,Wednesday,Unknown,Male,Employee,5-10yr,Other,Owner,Residential areas,Undivided Two way,Tangent road with flat terrain,Y Shape,Asphalt roads,Dry,Daylight,Normal,Stationary Object Collision,1,1,Moving forward,na,na,na,Other,Normal,Not a Pedestrian,Moving Backward,Slight Injury
20:00:00,Friday,Unknown,Female,Employee,2-5yr,Stationwagen,Owner, Church areas,Undivided Two way,Steep grade downward with mountainous terrain,No junction,Asphalt roads,Dry,Darkness - lights lit,Normal,Stationary Object Collision,2,2,Moving forward,Male,31-50,3,Employee,Normal,Not a Pedestrian,Overtaking,Slight Injury
20:00:00,Friday,18-30,Male,Employee,Below 1yr,Automobile,Owner,Residential areas,Undivided Two way,Tangent road with flat terrain,No junction,Asphalt roads,Dry,Darkness - lights lit,Normal,Vehicle Collision,2,2,Moving forward,Male,31-50,3,,,Not a Pedestrian,No priority to vehicle,Slight Injury
20:00:00,Friday,18-30,Male,Employee,Below 1yr,Public (> 45 seats),Owner,Other,other,Tangent road with flat terrain,No junction,Earth roads,Dry,Darkness - lights lit,Normal,Vehicle Collision,2,2,Moving forward,na,na,na,Employee,Normal,Not a Pedestrian,No priority to vehicle,Slight Injury
16:00:00,Sunday,Unknown,Female,Employee,5-10yr,Other,Owner,Other,Undivided Two way,Tangent road with flat terrain,No junction,Asphalt roads,Dry,Daylight,Normal,Vehicle Collision,2,1,Turning,Female,18-30,3,,,Not a Pedestrian,Changing lane to the left,Slight Injury
16:00:00,Sunday,31-50,Male,Owner,5-10yr,Lorry (41 - 100 Quintal),Owner,Other,Two-way (divided with solid lines road marking),Tangent road with flat terrain,No junction,Asphalt roads,Dry,Daylight,Normal,Stationary Object Collision,2,1,Moving forward,na,na,na,Employee,Normal,Not a Pedestrian,No priority to vehicle,Slight Injury
19:00:00,Wednesday,31-50,Male,Employee,1-2yr,Automobile,Owner, Church areas,Two-way (divided with solid lines road marking),Tangent road with flat terrain,Y Shape,Asphalt roads,Dry,Darkness - lights lit,Normal,Vehicle Collision,3,1,Moving forward,na,na,na,Employee,Normal,Not a Pedestrian,No distancing,Slight Injury
19:00:00,Wednesday,Under 18,Male,Employee,5-10yr,Public (> 45 seats),Governmental,Other,Two-way (divided with solid lines road marking),Tangent road with flat terrain,Y Shape,Asphalt roads,Dry,Darkness - lights lit,Normal,Vehicle Collision,3,1,Moving forward,Male,31-50,3,Employee,Normal,Not a Pedestrian,Moving Backward,Slight Injury