Time,Day,Age_band_of_driver,Sex_of_driver,Vehicle_driver_relation,Driving_experience,Type_of_vehicle,Owner_of_vehicle,Area_accident_occured,Lanes_or_Medians,Road_allignment,Types_of_Junction,Road_surface_type,Road_surface_conditions,Light_conditions,Weather_conditions,Type_of_collision,Number_of_vehicles_involved,Number_of_casualties,Vehicle_movement,Sex_of_casualty,Age_band_of_casualty,Casualty_severity,Work_of_casuality,Fitness_of_casuality,Pedestrian_movement,Cause_of_accident,Accident_severity
19:00:00,Wednesday,31-50,Male,Employee,Above 10yr,Automobile,Owner, Church areas,Two-way (divided with solid lines road marking),Tangent road with flat terrain,Y Shape,Asphalt roads,Dry,Darkness - lights lit,Normal,Vehicle Collision,3,1,Moving forward,Female,5,3,Driver,Normal,Not a Pedestrian,Changing lane to the right,Slight Injury
18:00:00,Monday,18-30,Male,Owner,1-2yr,Automobile,Owner, Church areas,Two-way (divided with broken lines road marking),Tangent road with flat terrain,Y Shape,Asphalt roads,Wet or damp,Darkness - lights lit,Normal,Self-accident,2,1,Other,Male,18-30,2,Driver,Normal,Not a Pedestrian,No distancing,Slight Injury
18:00:00,Monday,31-50,Male,Employee,5-10yr,Pick up upto 10 Quintal,Owner,Other,Undivided Two way,Tangent road with flat terrain,Y Shape,Asphalt roads,Wet or damp,Darkness - lights lit,Normal,Vehicle Collision,2,1,Moving forward,na,na,na,Student,Normal,Not a Pedestrian,Overtaking,Slight Injury
18:00:00,Sunday,Unknown,Female,Employee,Above 10yr,Public (12 seats),Governmental,Other,Undivided Two way,Tangent road with flat terrain,Y Shape,Asphalt roads,Wet or damp,Daylight,Raining,Vehicle Collision,2,1,Turning,Female,Under 18,3,Driver,Normal,Not a Pedestrian,No distancing,Slight Injury
18:00:00,Sunday,Unknown,Female,Owner,2-5yr,Lorry (41 - 100 Quintal),Owner,School areas,other,Tangent road with flat terrain,Y Shape,Asphalt roads,Wet or damp,Daylight,Raining,Pedestrian Collision,2,1,Moving forward,na,na,na,Self-employed,Normal,Not a Pedestrian,Changing lane to the left,Slight Injury
22:00:00,Monday,Unknown,Female,Employee,5-10yr,Lorry (41 - 100 Quintal),Owner,Residential areas,Undivided Two way,Tangent road with flat terrain,Y Shape,Asphalt roads,Wet or damp,Darkness - lights lit,Raining,Vehicle Collision,3,1,Moving forward,Male,18-30,3,,,Not a Pedestrian,Driving under the influence of drugs,Slight Injury
22:00:00,Monday,31-50,Male,Employee,Below 1yr,Lorry (41 - 100 Quintal),Owner,Other,Two-way (divided with broken lines road marking),Tangent road with flat terrain,Y Shape,Asphalt roads,Wet or damp,Darkness - lights lit,Raining,Vehicle Collision,3,1,Moving forward,na,na,na,,,Not a Pedestrian,No distancing,Slight Injury
22:00:00,Monday,18-30,Male,Employee,5-10yr,Public (13 - 45 seats),Owner,Office areas,Undivided Two way,Tangent road with flat terrain,Y Shape,Gravel roads,Wet or damp,Darkness - lights lit,Raining,Vehicle Collision,3,1,Moving forward,Male,31-50,3,Driver,Normal,Crossing from nearside - masked by parked or statioNot a Pedestrianry vehicle,No distancing,Slight Injury
08:00:00,Tuesday,18-30,Male,Employee,Above 10yr,Lorry (41 - 100 Quintal),Owner,Residential areas,Undivided Two way,Tangent road with flat terrain,Y Shape,Asphalt roads,Dry,Daylight,Normal,Vehicle Collision,1,1,Moving forward,Male,Over 51,3,Driver,Normal,Not a Pedestrian,Changing lane to the right,Slight Injury
22:00:00,Friday,18-30,Male,Employee,5-10yr,Lorry (41 - 100 Quintal),Owner,Other,One way,Steep grade downward with mountainous terrain,Y Shape,Asphalt roads,Dry,Darkness - lights lit,Normal,Stationary Object Collision,1,1,Other,Male,Over 51,3,Driver,Normal,Not a Pedestrian,Changing lane to the left,Serious Injury
16:00:00,Saturday,18-30,Male,Employee,1-2yr,Motorcycle,Owner,Residential areas,Two-way (divided with broken lines road marking),Tangent road with flat terrain,No junction,Asphalt roads,Dry,Daylight,Normal,Vehicle Collision,1,1,Moving forward,Female,31-50,3,Driver,Normal,Crossing from nearside - masked by parked or statioNot a Pedestrianry vehicle,Moving Backward,Serious Injury
08:00:00,Friday,Over 51,Male,Employee,5-10yr,Lorry (41 - 100 Quintal),Owner,Residential areas,Undivided Two way,Tangent road with flat terrain,No junction,Asphalt roads,Dry,Daylight,Normal,Vehicle Collision,1,1,Moving forward,Male,Under 18,3,,,Not a Pedestrian,No distancing,Slight Injury
20:00:00,Friday,18-30,Male,Employee,1-2yr,Ridden horse,Owner,Residential areas,Two-way (divided with broken lines road marking),Tangent road with flat terrain,No junction,Asphalt roads,Dry,Darkness - lights lit,Normal,Vehicle Collision,1,1,Other,na,na,na,Driver,Normal,Not a Pedestrian,No distancing,Slight Injury
19:00:00,Thursday,Under 18,Male,Owner,1-2yr,Automobile,Owner,Other,other,Tangent road with flat terrain,Y Shape,Asphalt roads,Wet or damp,Darkness - lights lit,Normal,Vehicle Collision,3,1,Moving forward,Male,18-30,3,Self-employed,Normal,Not a Pedestrian,Driving carelessly,Fatal injury
19:00:00,Thursday,Unknown,Female,Owner,1-2yr,Lorry (41 - 100 Quintal),Owner,Other,Undivided Two way,Tangent road with flat terrain,Y Shape,Asphalt roads,Wet or damp,Darkness - lights lit,Normal,Stationary Object Collision,3,1,Moving forward,Male,5,3,Self-employed,Normal,Not a Pedestrian,Moving Backward,Fatal injury
19:00:00,Thursday,18-30,Male,Owner,5-10yr,Pick up upto 10 Quintal,Owner,Other,One way,Tangent road with flat terrain,Y Shape,Asphalt roads,Wet or damp,Darkness - lights lit,Normal,Vehicle Collision,3,1,Moving forward,Female,18-30,3,Self-employed,Normal,Not a Pedestrian,No distancing,Fatal injury
13:00:00,Sunday,18-30,Male,Employee,5-10yr,Public (> 45 seats),Owner, Hospital areas,Undivided Two way,Tangent road with flat terrain,Crossing,Asphalt roads,Wet or damp,Daylight,Raining,Stationary Object Collision,2,1,Moving forward,na,na,na,Driver,Normal,Not a Pedestrian,Changing lane to the right,Slight Injury
13:00:00,Sunday,31-50,Male,Employee,5-10yr,Stationwagen,Owner,Residential areas,Undivided Two way,Tangent road with flat terrain,Crossing,Asphalt roads,Wet or damp,Daylight,Raining,Vehicle Collision,2,1,Moving forward,Female,Under 18,3,Other,Normal,Crossing from nearside - masked by parked or statioNot a Pedestrianry vehicle,Driving carelessly,Slight Injury
19:00:00,Saturday,18-30,Male,Owner,Below 1yr,Automobile,Owner,Residential areas,One way,Tangent road with flat terrain,No junction,Asphalt roads,Dry,Darkness - lights unlit,Normal,Self-accident,1,1,Moving backward,na,na,na,,,Not a Pedestrian,Driving to the left,Slight Injury
16:00:00,Friday,Unknown,Female,Employee,Above 10yr,Public (12 seats),Owner,Residential areas,Undivided Two way,Tangent road with flat terrain,Y Shape,Asphalt roads,Dry,Darkness - lights lit,Normal,Vehicle Collision,1,1,Moving backward,Female,5,3,Self-employed,Normal,Not a Pedestrian,Changing lane to the right,Slight Injury
15:00:00,Monday,18-30,Male,Employee,5-10yr,Automobile,Owner,Other,Two-way (divided with broken lines road marking),Tangent road with flat terrain,Y Shape,Asphalt roads,Dry,Daylight,Unknown,Vehicle Collision,2,1,Moving forward,Male,31-50,3,Other,Normal,Crossing from nearside - masked by parked or statioNot a Pedestrianry vehicle,Driving carelessly,Serious Injury
15:00:00,Monday,31-50,Male,Employee,Below 1yr,Automobile,Owner,Office areas,Two-way (divided with broken lines road marking),Tangent road with flat terrain,Y Shape,Asphalt roads,Dry,Daylight,Unknown,Vehicle Collision,2,1,Moving forward,na,na,na,,,Not a Pedestrian,Changing lane to the right,Serious Injury
03:00:00,Sunday,18-30,Male,Employee,Above 10yr,Automobile,Owner,Other,other,Tangent road with flat terrain,Y Shape,Asphalt roads,Dry,Darkness - lights lit,Normal,Vehicle Collision,2,1,Moving forward,Male,31-50,3,,,Not a Pedestrian,No priority to vehicle,Serious Injury
03:00:00,Sunday,18-30,Male,Employee,5-10yr,Lorry (41 - 100 Quintal),Owner,Office areas,Double carriageway (median),Tangent road with flat terrain,Y Shape,Asphalt roads,Dry,Darkness - lights lit,Normal,Vehicle Collision,2,1,Moving forward,Male,31-50,3,Driver,Normal,"In carriageway, statioNot a Pedestrianry - not crossing  (standing or playing)",Changing lane to the right,Serious Injury
16:00:00,Monday,Unknown,Female,Owner,Above 10yr,Automobile,Owner,Residential areas,Two-way (divided with broken lines road marking),Tangent road with flat terrain,Y Shape,Asphalt roads,Dry,Daylight,Unknown,Pedestrian Collision,1,1,Moving forward,Female,Over 51,3,,,Crossing from nearside - masked by parked or statioNot a Pedestrianry vehicle,Turnover,Slight Injury
08:00:00,Friday,Unknown,Male,Employee,5-10yr,Automobile,Owner,Office areas,Double carriageway (median),Gentle horizontal curve,No junction,Asphalt roads,Dry,Daylight,Unknown,Self-accident,2,1,Moving forward,Male,18-30,3,Driver,Normal,Not a Pedestrian,No priority to vehicle,Slight Injury
08:00:00,Friday,31-50,Male,Employee,1-2yr,Public (12 seats),Owner,Office areas,Double carriageway (median),Tangent road with flat terrain,No junction,Asphalt roads,Dry,Daylight,Unknown,Vehicle Collision,2,1,Moving forward,Male,18-30,2,Driver,Normal,Not a Pedestrian,Driving at high speed,Slight Injury
12:00:00,Wednesday,31-50,Male,Employee,1-2yr,Taxi,Organization,Other,Double carriageway (median),Tangent road with flat terrain,No junction,Asphalt roads,Dry,Daylight,Normal,Self-accident,2,1,Moving forward,na,na,na,Driver,Normal,Not a Pedestrian,No distancing,Slight Injury
12:00:00,Wednesday,18-30,Male,Employee,1-2yr,Automobile,Owner,Office areas,Two-way (divided with broken lines road marking),Tangent road with flat terrain,No junction,Asphalt roads,Dry,Daylight,Normal,Vehicle Collision,2,1,Moving backward,na,na,na,Driver,Normal,Not a Pedestrian,No distancing,Slight Injury
19:00:00,Friday,Unknown,Male,Employee,2-5yr,Public (12 seats),Owner,Office areas,,Tangent road with flat terrain,Crossing,Other,Dry,Darkness - lights lit,Normal,Vehicle Collision,3,2,Moving forward,Male,31-50,3,Self-employed,Normal,Not a Pedestrian,Driving carelessly,Slight Injury
19:00:00,Friday,Under 18,Male,Owner,Above 10yr,Stationwagen,Governmental,Office areas,One way,Tangent road with flat terrain,Crossing,Asphalt roads,Dry,Darkness - lights lit,Normal,Vehicle Collision,3,2,Moving forward,Male,18-30,3,Self-employed,Normal,Not a Pedestrian,Driving carelessly,Slight Injury
19:00:00,Friday,Under 18,Male,Employee,2-5yr,Stationwagen,Owner,Other,Undivided Two way,Tangent road with flat terrain,Crossing,Asphalt roads,Dry,Darkness - lights lit,Normal,Self-accident,3,2,Other,na,na,na,Driver,Normal,Not a Pedestrian,Moving Backward,Slight Injury
19:00:00,Friday,18-30,Male,Employee,Above 10yr,Automobile,Owner,Residential areas,,Tangent road with flat terrain,Crossing,Asphalt roads,Dry,Darkness - lights lit,Normal,Vehicle Collision,3,2,Moving forward,Male,18-30,3,Driver,Normal,Not a Pedestrian,No distancing,Slight Injury
19:00:00,Friday,Unknown,Female,Employee,2-5yr,Lorry (41 - 100 Quintal),Owner,Residential areas,Two-way (divided with broken lines road marking),Gentle horizontal curve,No junction,Asphalt roads,Dry,Daylight,Normal,Stationary Object Collision,2,1,Turning,Male,31-50,3,,,Not a Pedestrian,Changing lane to the right,Slight Injury
19:00:00,Friday,Under 18,Male,Other,No Licence,Automobile,Owner, Church areas,Two-way (divided with broken lines road marking),Tangent road with flat terrain,No junction,Asphalt roads,Dry,Daylight,Normal,Vehicle Collision,2,1,Moving forward,na,na,na,Driver,Normal,Not a Pedestrian,Overtaking,Slight Injury
08:00:00,Thursday,Under 18,Male,Employee,1-2yr,Public (12 seats),Owner,Other,Two-way (divided with broken lines road marking),Tangent road with flat terrain,No junction,Asphalt roads,Dry,Daylight,Normal,Vehicle Collision,2,1,Moving forward,Female,18-30,2,Driver,Normal,Crossing from nearside - masked by parked or statioNot a Pedestrianry vehicle,No distancing,Slight Injury
08:00:00,Thursday,18-30,Male,Owner,5-10yr,Automobile,Owner,Residential areas,Two-way (divided with broken lines road marking),Tangent road with flat terrain,No junction,Asphalt roads,Dry,Daylight,Normal,Vehicle Collision,2,1,Moving forward,Male,31-50,3,Driver,Normal,Not a Pedestrian,Overtaking,Slight Injury
04:00:00,Saturday,Unknown,Female,Employee,1-2yr,Automobile,Owner,Other,Undivided Two way,Tangent road with flat terrain,Y Shape,Asphalt roads,Wet or damp,Darkness - lights lit,Raining,Pedestrian Collision,2,1,Moving forward,na,na,na,,Normal,Not a Pedestrian,Moving Backward,Serious Injury
04:00:00,Saturday,18-30,Male,Employee,Above 10yr,Lorry (41 - 100 Quintal),Owner,Residential areas,Undivided Two way,Tangent road with flat terrain,Y Shape,Asphalt roads,Wet or damp,Darkness - lights lit,Raining,Vehicle Collision,2,1,Moving forward,na,na,na,,,Not a Pedestrian,No distancing,Serious Injury
14:00:00,Friday,18-30,Male,Employee,1-2yr,Automobile,Owner,Residential areas,Two-way (divided with broken lines road marking),Tangent road with flat terrain,Y Shape,Asphalt roads,Wet or damp,Daylight,Normal,Vehicle Collision,2,1,Moving forward,Male,18-30,3,Driver,Normal,Not a Pedestrian,No distancing,Slight Injury
14:00:00,Friday,Unknown,Male,Employee,1-2yr,Motorcycle,Owner,Other,Two-way (divided with broken lines road marking),Tangent road with flat terrain,Y Shape,Asphalt roads,Wet or damp,Daylight,Normal,Vehicle Collision,2,1,Moving forward,Male,18-30,3,Driver,Normal,Not a Pedestrian,No priority to vehicle,Slight Injury
07:00:00,Wednesday,Over 51,Male,Employee,2-5yr,Automobile,Owner,Other,Two-way (divided with broken lines road marking),Tangent road with flat terrain,No junction,Asphalt roads,Dry,Daylight,Normal,Self-accident,2,1,Moving forward,Male,18-30,3,Self-employed,Normal,Not a Pedestrian,No priority to vehicle,Slight Injury
07:00:00,Wednesday,31-50,Male,Employee,1-2yr,Automobile,Owner,Other,Undivided Two way,Tangent road with flat terrain,No junction,Asphalt roads,Dry,Daylight,Normal,Stationary Object Collision,2,1,Exiting,Female,31-50,3,Driver,Normal,Not a Pedestrian,Changing lane to the left,Slight Injury
08:00:00,Tuesday,Over 51,Male,Employee,1-2yr,Automobile,Owner,Other,Double carriageway (median),Tangent road with flat terrain,Y Shape,Other,Dry,Daylight,Normal,Vehicle Collision,1,1,Exiting,Male,18-30,3,Driver,Normal,Not a Pedestrian,No distancing,Slight Injury
11:00:00,Monday,31-50,Male,Employee,Above 10yr,Automobile,Owner,Residential areas,Two-way (divided with broken lines road marking),Tangent road with flat terrain,Y Shape,Asphalt roads,Dry,Daylight,Normal,Vehicle Collision,3,3,Exiting,na,na,na,Driver,Normal,Not a Pedestrian,Driving under the influence of drugs,Slight Injury
11:00:00,Monday,18-30,Male,Employee,Above 10yr,Public (> 45 seats),Owner,  Recreational areas,Undivided Two way,Tangent road with flat terrain,Y Shape,Asphalt roads,Dry,Daylight,Normal,Stationary Object Collision,3,3,Moving backward,Male,18-30,3,,,Not a Pedestrian,Changing lane to the left,Slight Injury
11:00:00,Monday,18-30,Male,Employee,Above 10yr,Automobile,Owner,Other,other,Tangent road with flat terrain,Y Shape,Asphalt roads,Dry,Daylight,Normal,Vehicle Collision,3,3,Moving forward,Male,Over 51,3,Driver,Normal,Crossing from nearside - masked by parked or statioNot a Pedestrianry vehicle,Changing lane to the right,Slight Injury
11:00:00,Monday,18-30,Male,Employee,Above 10yr,Automobile,Owner,Office areas,Undivided Two way,Tangent road with flat terrain,Y Shape,Asphalt roads,Dry,Daylight,Normal,Vehicle Collision,3,3,Moving forward,na,na,na,Driver,Normal,Not a Pedestrian,Driving to the left,Slight Injury
11:00:00,Monday,31-50,Male,Employee,1-2yr,Automobile,Owner,Other,Undivided Two way,Tangent road with flat terrain,Y Shape,Asphalt roads,Dry,Daylight,Normal,Vehicle Collision,3,3,Stopping,Male,31-50,3,Self-employed,Normal,Not a Pedestrian,Driving at high speed,Slight Injury
09:00:00,Wednesday,Unknown,Male,Employee,5-10yr,Other,Owner,Office areas,Undivided Two way,Tangent road with flat terrain,Crossing,Asphalt roads,Dry,Daylight,Normal,Self-accident,1,1,Moving forward,na,na,na,,Normal,Not a Pedestrian,Overtaking,Slight Injury
16:00:00,Sunday,31-50,Male,Owner,2-5yr,Stationwagen,Owner,Office areas,One way,Tangent road with flat terrain,No junction,Asphalt roads,Dry,Daylight,Cloudy,Self-accident,1,1,Other,Male,31-50,3,,,Not a Pedestrian,Changing lane to the right,Slight Injury
15:00:00,Friday,Unknown,Male,Employee,2-5yr,Lorry (41 - 100 Quintal),Owner,Office areas,Undivided Two way,Tangent road with flat terrain,Crossing,Asphalt roads,Dry,Daylight,Normal,Pedestrian Collision,1,1,Moving forward,na,na,na,Driver,Normal,Not a Pedestrian,Changing lane to the right,Slight Injury
15:00:00,Monday,Unknown,Male,Employee,5-10yr,Taxi,Owner,Other,Undivided Two way,Tangent road with flat terrain,No junction,Asphalt roads,Dry,Daylight,Normal,Vehicle Collision,2,1,Moving forward,Male,31-50,3,Driver,Normal,Not a Pedestrian,Moving Backward,Slight Injury
15:00:00,Monday,18-30,Male,Employee,5-10yr,Other,Governmental,Other,Double carriageway (median),Tangent road with flat terrain,No junction,Other,Dry,Daylight,Normal,Vehicle Collision,2,1,Moving forward,Female,5,3,Driver,Normal,Not a Pedestrian,Moving Backward,Slight Injury
12:00:00,Friday,Under 18,Male,Employee,2-5yr,Public (12 seats),Owner,Office areas,Two-way (divided with solid lines road marking),Tangent road with flat terrain,No junction,Asphalt roads,Dry,Daylight,Unknown,Vehicle Collision,2,1,Moving forward,Male,Over 51,3,,,Unknown or other,Changing lane to the left,Slight Injury
12:00:00,Friday,Unknown,Female,Employee,Above 10yr,Automobile,Owner,Residential areas,other,Tangent road with flat terrain,No junction,Asphalt roads,Dry,Daylight,Unknown,Pedestrian Collision,2,1,Moving forward,na,na,na,Driver,Normal,Not a Pedestrian,Moving Backward,Slight Injury
20:00:00,Monday,Unknown,Male,Employee,5-10yr,Automobile,Governmental,  Recreational areas,Undivided Two way,Tangent road with flat terrain,Y Shape,Asphalt roads,Wet or damp,Daylight,Other,Pedestrian Collision,1,1,Moving forward,Male,31-50,3,Self-employed,Normal,Not a Pedestrian,No distancing,Slight Injury
07:00:00,Monday,18-30,Male,Employee,Above 10yr,Public (13 - 45 seats),Owner,Other,other,Tangent road with flat terrain,No junction,Asphalt roads,Dry,Daylight,Normal,Vehicle Collision,1,1,Moving forward,Male,18-30,3,Self-employed,Normal,Crossing from nearside - masked by parked or statioNot a Pedestrianry vehicle,Moving Backward,Serious Injury
22:00:00,Sunday,18-30,Male,Employee,2-5yr,Lorry (41 - 100 Quintal),Owner,Residential areas,other,Tangent road with flat terrain,No junction,Asphalt roads,Dry,Darkness - lights unlit,Normal,Vehicle Collision,1,2,Moving forward,na,na,na,,,Not a Pedestrian,Changing lane to the right,Serious Injury
22:00:00,Sunday,18-30,Male,Employee,2-5yr,Lorry (41 - 100 Quintal),Owner,Other,other,Tangent road with flat terrain,No junction,Asphalt roads,Dry,Darkness - lights unlit,Normal,Vehicle Collision,1,2,Turning,Male,18-30,3,,Normal,Not a Pedestrian,Changing lane to the left,Serious Injury
21:00:00,Friday,Under 18,Male,Employee,2-5yr,Lorry (11 - 40 Quintal),Owner,Other,other,Tangent road with flat terrain,Crossing,Earth roads,Dry,Darkness - lights lit,Other,Stationary Object Collision,2,3,Moving forward,Male,18-30,3,Driver,Normal,Crossing from nearside - masked by parked or statioNot a Pedestrianry vehicle,No priority to vehicle,Slight Injury
21:00:00,Friday,18-30,Male,Employee,1-2yr,Motorcycle,Owner,Other,One way,Tangent road with flat terrain,Crossing,Asphalt roads,Dry,Darkness - lights lit,Other,Vehicle Collision,2,3,Moving forward,Male,31-50,3,Driver,Normal,Crossing from driver's nearside,No distancing,Slight Injury
21:00:00,Friday,18-30,Male,Employee,5-10yr,Lorry (41 - 100 Quintal),Owner,Other,Two-way (divided with broken lines road marking),Tangent road with flat terrain,Crossing,Asphalt roads,Dry,Darkness - lights lit,Other,Stationary Object Collision,2,3,Exiting,na,na,na,,,Not a Pedestrian,No priority to vehicle,Slight Injury
19:00:00,Wednesday,Unknown,Male,Employee,2-5yr,Stationwagen,Owner,Other,other,Tangent road with flat terrain,No junction,Asphalt roads,Dry,Daylight,Normal,Vehicle Collision,3,2,Moving backward,Male,Over 51,3,Driver,Normal,Not a Pedestrian,Driving under the influence of drugs,Slight Injury
19:00:00,Wednesday,31-50,Male,Employee,1-2yr,Automobile,Owner,School areas,Undivided Two way,Tangent road with flat terrain,No junction,Asphalt roads,Dry,Daylight,Normal,Vehicle Collision,3,2,Exiting,Male,5,3,Self-employed,Normal,Not a Pedestrian,Changing lane to the right,Slight Injury
19:00:00,Wednesday,31-50,Male,Employee,1-2yr,Other,Owner,Office areas,Two-way (divided with broken lines road marking),Tangent road with flat terrain,No junction,Asphalt roads,Dry,Daylight,Normal,Stationary Object Collision,3,2,Moving forward,na,na,na,Self-employed,Normal,Not a Pedestrian,No distancing,Slight Injury
19:00:00,Wednesday,Over 51,Female,Employee,No Licence,Other,Owner,Office areas,Two-way (divided with broken lines road marking),Tangent road with flat terrain,No junction,Asphalt roads,Dry,Daylight,Normal,Vehicle Collision,3,2,Moving forward,Male,31-50,3,Self-employed,Normal,Not a Pedestrian,No distancing,Slight Injury
12:00:00,Saturday,18-30,Male,Owner,5-10yr,Taxi,Owner,Office areas,Two-way (divided with broken lines road marking),Tangent road with flat terrain,Y Shape,Asphalt roads,Dry,Daylight,Other,Vehicle Collision,1,1,Moving forward,Female,Under 18,3,,,Not a Pedestrian,Changing lane to the left,Slight Injury
09:00:00,Sunday,31-50,Male,Employee,1-2yr,Automobile,Owner,School areas,,Tangent road with flat terrain,No junction,Asphalt roads,Dry,Daylight,Unknown,Stationary Object Collision,2,1,Moving forward,Male,18-30,3,Self-employed,Normal,Not a Pedestrian,Changing lane to the right,Slight Injury
09:00:00,Sunday,Unknown,Female,Employee,2-5yr,Long lorry,Governmental,School areas,Undivided Two way,Tangent road with flat terrain,No junction,Asphalt roads,Dry,Daylight,Unknown,Stationary Object Collision,2,1,Moving backward,na,na,na,Self-employed,Normal,Not a Pedestrian,Changing lane to the right,Slight Injury
12:00:00,Tuesday,Over 51,Male,Employee,5-10yr,Long lorry,Owner,Office areas,Two-way (divided with broken lines road marking),Tangent road with flat terrain,Crossing,Asphalt roads,Dry,Daylight,Normal,Vehicle Collision,1,1,Exiting,na,na,na,Driver,Deaf,Not a Pedestrian,Driving under the influence of drugs,Slight Injury
17:00:00,Wednesday,31-50,Male,Employee,5-10yr,Lorry (41 - 100 Quintal),Owner,Office areas,Two-way (divided with broken lines road marking),Tangent road with flat terrain,Crossing,Asphalt roads,Dry,Daylight,Normal,Vehicle Collision,2,1,Moving forward,Male,18-30,3,Driver,Normal,Not a Pedestrian,Moving Backward,Slight Injury
17:00:00,Wednesday,31-50,Male,Employee,5-10yr,Lorry (41 - 100 Quintal),Governmental,School areas,Two-way (divided with broken lines road marking),Tangent road with flat terrain,Crossing,Asphalt roads,Dry,Daylight,Normal,Vehicle Collision,2,1,Moving forward,Female,18-30,2,Self-employed,Normal,Not a Pedestrian,Changing lane to the left,Slight Injury
11:00:00,Friday,Over 51,Male,Employee,2-5yr,Lorry (11 - 40 Quintal),Owner,Other,Two-way (divided with broken lines road marking),Tangent road with flat terrain,Y Shape,Asphalt roads,Dry,Daylight,Normal,Vehicle Collision,2,1,Moving forward,Female,5,3,Self-employed,Normal,Not a Pedestrian,No priority to pedestrian,Serious Injury
11:00:00,Friday,Over 51,Male,Employee,Above 10yr,Automobile,Owner,Other,Two-way (divided with broken lines road marking),Tangent road with flat terrain,Y Shape,Asphalt roads,Dry,Daylight,Normal,Vehicle Collision,2,1,Moving backward,Male,31-50,3,Driver,Normal,Not a Pedestrian,No distancing,Serious Injury
19:00:00,Wednesday,18-30,Male,Owner,Above 10yr,Taxi,Owner,Other,Undivided Two way,Tangent road with flat terrain,Crossing,Asphalt roads,Dry,Daylight,Normal,Vehicle Collision,3,1,Moving forward,Male,18-30,3,Driver,Normal,Not a Pedestrian,No distancing,Slight Injury
19:00:00,Wednesday,18-30,Male,Employee,5-10yr,Other,Owner,Other,Two-way (divided with broken lines road marking),Tangent road with flat terrain,Crossing,Asphalt roads,Dry,Daylight,Normal,Vehicle Collision,3,1,Stopping,Male,18-30,3,,,Not a Pedestrian,Changing lane to the left,Slight Injury
19:00:00,Wednesday,Over 51,Male,Owner,Above 10yr,Automobile,Owner,Residential areas,Undivided Two way,Tangent road with flat terrain,Crossing,Asphalt roads,Dry,Daylight,Normal,Vehicle Collision,3,1,Moving forward,Male,Under 18,3,Driver,Normal,Not a Pedestrian,Changing lane to the right,Slight Injury
18:00:00,Thursday,Unknown,Male,Employee,5-10yr,Automobile,Governmental,Other,Undivided Two way,Tangent road with flat terrain,Y Shape,Earth roads,Wet or damp,Darkness - lights unlit,Raining,Vehicle Collision,1,1,Moving forward,na,na,na,Driver,Normal,Not a Pedestrian,Driving carelessly,Slight Injury
17:00:00,Sunday,18-30,Male,Owner,5-10yr,Automobile,Owner,Other,Undivided Two way,Tangent road with flat terrain,Crossing,Asphalt roads,Dry,Daylight,Normal,Vehicle Collision,2,2,Moving backward,Male,18-30,3,Student,Normal,Not a Pedestrian,No distancing,Serious Injury
17:00:00,Sunday,18-30,Male,Owner,Above 10yr,Automobile,Owner, Industrial areas,Undivided Two way,Tangent road with flat terrain,Crossing,Asphalt roads,Dry,Daylight,Normal,Vehicle Collision,2,2,Moving forward,Female,Over 51,3,Employee,Normal,Not a Pedestrian,Changing lane to the left,Serious Injury
17:00:00,Sunday,Over 51,Male,Owner,Above 10yr,Public (> 45 seats),Owner,  Recreational areas,Undivided Two way,Tangent road with flat terrain,Crossing,Asphalt roads,Dry,Daylight,Normal,Vehicle Collision,2,2,Moving forward,na,na,na,Driver,Normal,Not a Pedestrian,Moving Backward,Serious Injury
14:00:00,Saturday,Under 18,Male,Employee,5-10yr,Lorry (11 - 40 Quintal),Owner, Church areas,Two-way (divided with broken lines road marking),Tangent road with flat terrain,No junction,Asphalt roads,Dry,Daylight,Normal,Vehicle Collision,2,1,Moving backward,Male,5,3,Other,Normal,Not a Pedestrian,No distancing,Slight Injury
14:00:00,Saturday,Unknown,Male,Employee,5-10yr,Lorry (41 - 100 Quintal),Owner,Office areas,Two-way (divided with broken lines road marking),Tangent road with flat terrain,No junction,Asphalt roads,Dry,Daylight,Normal,Vehicle Collision,2,1,Moving forward,Female,31-50,3,,Normal,Crossing from driver's nearside,No priority to pedestrian,Slight Injury
08:00:00,Monday,18-30,Male,Owner,Above 10yr,Lorry (41 - 100 Quintal),Owner,Other,Two-way (divided with broken lines road marking),Tangent road with flat terrain,Y Shape,Asphalt roads,Dry,Daylight,Normal,Vehicle Collision,1,1,Stopping,Male,31-50,3,,,Not a Pedestrian,Changing lane to the left,Slight Injury
19:00:00,Tuesday,18-30,Male,Owner,Below 1yr,Stationwagen,Owner,Office areas,Undivided Two way,Tangent road with flat terrain,Y Shape,Asphalt roads,Dry,Daylight,Normal,Vehicle Collision,2,1,Moving forward,Male,18-30,3,,,Not a Pedestrian,No distancing,Slight Injury
19:00:00,Tuesday,Unknown,Male,Owner,2-5yr,Other,Owner,Office areas,Two-way (divided with broken lines road marking),Tangent road with flat terrain,Y Shape,Asphalt roads,Dry,Daylight,Normal,Vehicle Collision,2,1,Moving forward,Male,18-30,3,Employee,,Not a Pedestrian,Driving carelessly,Slight Injury
17:00:00,Sunday,31-50,Male,Owner,2-5yr,Automobile,Owner,Other,Two-way (divided with broken lines road marking),Tangent road with flat terrain,Y Shape,Asphalt roads,Wet or damp,Daylight,Normal,Vehicle Collision,2,2,Moving forward,Female,18-30,3,Driver,,Not a Pedestrian,No priority to vehicle,Slight Injury