Time,Day,Age_band_of_driver,Sex_of_driver,Vehicle_driver_relation,Driving_experience,Type_of_vehicle,Owner_of_vehicle,Area_accident_occured,Lanes_or_Medians,Road_allignment,Types_of_Junction,Road_surface_type,Road_surface_conditions,Light_conditions,Weather_conditions,Type_of_collision,Number_of_vehicles_involved,Number_of_casualties,Vehicle_movement,Sex_of_casualty,Age_band_of_casualty,Casualty_severity,Work_of_casuality,Fitness_of_casuality,Pedestrian_movement,Cause_of_accident,Accident_severity
16:00:00,Saturday,31-50,Male,Employee,1-2yr,Other,Owner,Other,Two-way (divided with broken lines road marking),Tangent road with flat terrain,No junction,Asphalt roads,Dry,Daylight,Normal,Vehicle Collision,2,1,Moving forward,na,na,na,,,Not a Pedestrian,Changing lane to the left,Slight Injury
16:00:00,Saturday,Unknown,Female,Owner,5-10yr,Automobile,Owner,Other,Two-way (divided with broken lines road marking),Tangent road with flat terrain,No junction,Asphalt roads,Dry,Daylight,Normal,Vehicle Collision,2,1,Moving forward,na,na,na,,,Not a Pedestrian,Changing lane to the left,Slight Injury
10:00:00,Thursday,31-50,Male,Employee,5-10yr,Automobile,Owner,Office areas,Undivided Two way,Tangent road with flat terrain,No junction,Asphalt roads,Dry,Daylight,Normal,Self-accident,2,1,Moving forward,Male,18-30,3,Driver,Normal,Not a Pedestrian,Driving to the left,Slight Injury
10:00:00,Thursday,31-50,Male,Employee,5-10yr,Stationwagen,Owner, Outside rural areas,Two-way (divided with broken lines road marking),Tangent road with mountainous terrain and,No junction,Asphalt roads,Dry,Daylight,Normal,Stationary Object Collision,2,1,Moving backward,Male,31-50,3,Driver,Normal,Not a Pedestrian,Changing lane to the left,Slight Injury
14:00:00,Monday,18-30,Male,Employee,5-10yr,Pick up upto 10 Quintal,Owner, Church areas,Two-way (divided with broken lines road marking),Steep grade downward with mountainous terrain,Unknown,Asphalt roads,Dry,Daylight,Normal,Vehicle Collision,2,1,Moving backward,na,na,na,Driver,Normal,Not a Pedestrian,Driving under the influence of drugs,Slight Injury
14:00:00,Monday,31-50,Male,Employee,Above 10yr,Lorry (41 - 100 Quintal),Owner,Office areas,other,Tangent road with mountainous terrain and,Unknown,Asphalt roads,Dry,Daylight,Normal,Vehicle Collision,2,1,Moving backward,Female,Under 18,3,Driver,Normal,Crossing from nearside - masked by parked or statioNot a Pedestrianry vehicle,No priority to pedestrian,Slight Injury
18:00:00,Monday,Unknown,Male,Employee,5-10yr,Automobile,Owner, Church areas,Two-way (divided with broken lines road marking),Steep grade downward with mountainous terrain,Y Shape,Asphalt roads,Wet or damp,Darkness - lights lit,Raining,Stationary Object Collision,2,1,Other,na,na,na,,,Not a Pedestrian,Changing lane to the left,Slight Injury
18:00:00,Monday,18-30,Male,Employee,No Licence,Automobile,Owner,Office areas,other,Tangent road with mountainous terrain and,Y Shape,Asphalt roads,Wet or damp,Darkness - lights lit,Raining,Vehicle Collision,2,1,Moving forward,Male,31-50,3,Driver,Normal,Not a Pedestrian,Moving Backward,Slight Injury
20:00:00,Tuesday,18-30,Male,Employee,Below 1yr,Lorry (41 - 100 Quintal),Governmental,Office areas,Undivided Two way,Tangent road with flat terrain,Crossing,Asphalt roads,Wet or damp,Darkness - lights lit,Raining,Vehicle Collision,2,1,Unknown,Female,18-30,3,,,Not a Pedestrian,No distancing,Slight Injury
20:00:00,Tuesday,Under 18,Male,Employee,5-10yr,Lorry (41 - 100 Quintal),Owner,School areas,Two-way (divided with broken lines road marking),Tangent road with flat terrain,Crossing,Gravel roads,Wet or damp,Darkness - lights lit,Raining,Vehicle Collision,2,1,Turning,na,na,na,,,Not a Pedestrian,Changing lane to the right,Slight Injury
18:00:00,Monday,Unknown,Female,Employee,5-10yr,Lorry (41 - 100 Quintal),Owner,Residential areas,Two-way (divided with broken lines road marking),Tangent road with flat terrain,Y Shape,Asphalt roads,Dry,Darkness - lights lit,Unknown,Vehicle Collision,2,2,Exiting,na,na,na,,,Not a Pedestrian,No priority to vehicle,Slight Injury
18:00:00,Monday,Under 18,Male,Employee,5-10yr,Pick up upto 10 Quintal,Owner,Office areas,other,Tangent road with mountainous terrain and,Y Shape,Earth roads,Dry,Darkness - lights lit,Unknown,Vehicle Collision,2,2,Moving forward,Female,18-30,2,,,Not a Pedestrian,Moving Backward,Slight Injury
18:00:00,Monday,Under 18,Male,Employee,5-10yr,Pick up upto 10 Quintal,Owner,Rural village areasOffice areas,other,Tangent road with flat terrain,Y Shape,Asphalt roads,Dry,Darkness - lights lit,Unknown,Vehicle Collision,2,2,Moving forward,Male,31-50,3,,,Not a Pedestrian,Overtaking,Slight Injury
11:00:00,Monday,Unknown,Female,Employee,5-10yr,Automobile,Owner,Other,Two-way (divided with broken lines road marking),Tangent road with flat terrain,No junction,Asphalt roads,Dry,Daylight,Normal,Pedestrian Collision,2,1,Moving forward,na,na,na,Driver,Normal,Not a Pedestrian,Changing lane to the left,Slight Injury
11:00:00,Monday,Over 51,Male,Employee,2-5yr,Other,Owner,Residential areas,Undivided Two way,Tangent road with flat terrain,No junction,Asphalt roads,Dry,Daylight,Normal,Vehicle Collision,2,1,Turning,Female,31-50,3,Driver,Normal,Not a Pedestrian,Changing lane to the right,Slight Injury
11:00:00,Friday,Unknown,Male,Employee,5-10yr,Automobile,Owner,Office areas,Undivided Two way,Tangent road with flat terrain,Y Shape,Earth roads,Dry,Daylight,Normal,Stationary Object Collision,2,1,Moving backward,na,na,na,Driver,Normal,Not a Pedestrian,Overtaking,Slight Injury
11:00:00,Friday,18-30,Male,Employee,Above 10yr,Automobile,Owner,Office areas,Undivided Two way,Tangent road with flat terrain,Y Shape,Asphalt roads,Dry,Daylight,Normal,Vehicle Collision,2,1,Moving backward,na,na,na,Driver,Normal,Not a Pedestrian,Overloading,Slight Injury
09:00:00,Monday,Over 51,Male,Employee,1-2yr,Motorcycle,Owner,Residential areas,Undivided Two way,Tangent road with flat terrain,Y Shape,Asphalt roads,Dry,Daylight,Other,Vehicle Collision,2,1,Other,Male,18-30,3,Driver,Normal,Not a Pedestrian,Other,Slight Injury
09:00:00,Monday,31-50,Male,Employee,Below 1yr,Automobile,Owner,Office areas,Undivided Two way,Tangent road with flat terrain,Y Shape,Asphalt roads,Dry,Daylight,Other,Vehicle Collision,2,1,Moving forward,Male,31-50,3,Driver,Normal,Not a Pedestrian,No priority to vehicle,Slight Injury
18:00:00,Friday,Unknown,Female,Employee,1-2yr,Automobile,Owner,Office areas,Undivided Two way,Tangent road with flat terrain,Y Shape,Asphalt roads,Dry,Daylight,Unknown,Vehicle Collision,2,1,Moving forward,Male,18-30,3,,,Not a Pedestrian,Changing lane to the right,Slight Injury
18:00:00,Friday,Under 18,Male,Employee,5-10yr,Public (12 seats),Owner,Office areas,,Tangent road with flat terrain,Y Shape,Asphalt roads,Dry,Daylight,Unknown,Vehicle Collision,2,1,Moving forward,na,na,na,Driver,Normal,Not a Pedestrian,Moving Backward,Slight Injury
19:00:00,Wednesday,18-30,Male,Employee,1-2yr,Long lorry,Owner,Office areas,Two-way (divided with broken lines road marking),Tangent road with flat terrain,Y Shape,Asphalt roads,Dry,Daylight,Normal,Vehicle Collision,2,1,Moving forward,na,na,na,,,Not a Pedestrian,Changing lane to the left,Slight Injury
19:00:00,Wednesday,Unknown,Male,Owner,5-10yr,Automobile,Owner,Other,Undivided Two way,Tangent road with flat terrain,Y Shape,Asphalt roads,Dry,Daylight,Normal,Vehicle Collision,2,1,Moving forward,na,na,na,Driver,Normal,Not a Pedestrian,No priority to pedestrian,Slight Injury
15:00:00,Monday,Unknown,Female,Employee,2-5yr,Automobile,Owner,Other,Two-way (divided with broken lines road marking),Tangent road with flat terrain,No junction,Asphalt roads,Dry,Daylight,Normal,Vehicle Collision,1,1,Moving forward,Male,18-30,3,Driver,Normal,Not a Pedestrian,No distancing,Slight Injury
20:00:00,Friday,Unknown,Male,Owner,Below 1yr,Public (> 45 seats),Owner,Other,Two-way (divided with broken lines road marking),Tangent road with flat terrain,No junction,Asphalt roads,Dry,Darkness - lights lit,Normal,Vehicle Collision,2,1,Moving forward,Male,5,3,Driver,Normal,Not a Pedestrian,No priority to vehicle,Slight Injury
20:00:00,Friday,Under 18,Male,Employee,5-10yr,Pick up upto 10 Quintal,Owner,Residential areas,One way,Tangent road with flat terrain,No junction,Asphalt roads,Dry,Darkness - lights lit,Normal,Stationary Object Collision,2,1,Moving forward,na,na,na,,,Not a Pedestrian,No distancing,Slight Injury
16:00:00,Tuesday,18-30,Male,Employee,5-10yr,Lorry (41 - 100 Quintal),Owner,School areas,Undivided Two way,Tangent road with mild grade and flat terrain,Y Shape,Asphalt roads,Dry,Daylight,Unknown,Vehicle Collision,2,3,Moving forward,Female,31-50,3,,,Not a Pedestrian,No distancing,Slight Injury
16:00:00,Tuesday,18-30,Male,Employee,5-10yr,Automobile,Owner,Residential areas,Undivided Two way,Tangent road with mild grade and flat terrain,Y Shape,Asphalt roads,Dry,Daylight,Unknown,Stationary Object Collision,2,3,Other,na,na,na,Driver,Normal,Not a Pedestrian,Moving Backward,Slight Injury
16:00:00,Tuesday,18-30,Male,Employee,2-5yr,Public (13 - 45 seats),Owner,Office areas,Two-way (divided with broken lines road marking),Tangent road with flat terrain,Y Shape,Asphalt roads,Dry,Daylight,Unknown,Vehicle Collision,2,3,Moving backward,Male,18-30,3,Driver,Normal,Unknown or other,Changing lane to the right,Slight Injury
16:00:00,Tuesday,31-50,Male,Employee,Above 10yr,Automobile,Owner, Church areas,One way,Tangent road with flat terrain,Y Shape,Asphalt roads,Dry,Daylight,Unknown,Vehicle Collision,2,3,Moving forward,Female,18-30,3,Driver,Normal,Crossing from nearside - masked by parked or statioNot a Pedestrianry vehicle,No priority to pedestrian,Slight Injury
15:00:00,Friday,18-30,Male,Employee,5-10yr,Public (> 45 seats),Owner,Other,Undivided Two way,Tangent road with flat terrain,Y Shape,Asphalt roads,Dry,Daylight,Normal,Vehicle Collision,1,1,Moving backward,Female,5,3,Driver,Normal,Crossing from nearside - masked by parked or statioNot a Pedestrianry vehicle,Moving Backward,Serious Injury
08:00:00,Thursday,31-50,Male,Employee,Above 10yr,Public (12 seats),Owner,Other,One way,Tangent road with flat terrain,No junction,Asphalt roads,Dry,Daylight,Normal,Pedestrian Collision,2,1,Moving forward,Male,Under 18,3,Self-employed,Normal,Not a Pedestrian,Getting off the vehicle improperly,Slight Injury
08:00:00,Thursday,31-50,Male,Employee,2-5yr,Automobile,Owner,Other,Two-way (divided with broken lines road marking),Tangent road with flat terrain,No junction,Asphalt roads,Dry,Daylight,Normal,Vehicle Collision,2,1,Moving backward,Male,18-30,3,Self-employed,Normal,Not a Pedestrian,Overtaking,Slight Injury
18:00:00,Wednesday,31-50,Male,Employee,Below 1yr,Lorry (41 - 100 Quintal),Owner,Other,Two-way (divided with broken lines road marking),Tangent road with flat terrain,No junction,Asphalt roads,Dry,Daylight,Normal,Vehicle Collision,2,1,Moving forward,Male,31-50,3,Driver,Normal,Crossing from nearside - masked by parked or statioNot a Pedestrianry vehicle,Overloading,Slight Injury
18:00:00,Wednesday,Unknown,Male,Employee,Below 1yr,Automobile,Owner,Office areas,Undivided Two way,Tangent road with flat terrain,No junction,Asphalt roads,Dry,Daylight,Normal,Vehicle Collision,2,1,Moving forward,Male,Over 51,3,,,Crossing from nearside - masked by parked or statioNot a Pedestrianry vehicle,Changing lane to the right,Slight Injury
09:00:00,Monday,31-50,Male,Owner,5-10yr,Pick up upto 10 Quintal,Owner,Office areas,Two-way (divided with solid lines road marking),Tangent road with flat terrain,Y Shape,Asphalt roads,Dry,Daylight,Raining,Pedestrian Collision,4,3,Moving forward,Male,31-50,3,,,"Walking along in carriageway, back to traffic",Improper parking,Slight Injury
09:00:00,Monday,Over 51,Male,Employee,2-5yr,Public (12 seats),Owner,Residential areas,Undivided Two way,Tangent road with flat terrain,Y Shape,Earth roads,Dry,Daylight,Raining,Stationary Object Collision,4,3,Moving forward,Male,31-50,3,,,Not a Pedestrian,Other,Slight Injury
09:00:00,Monday,18-30,Male,Employee,Below 1yr,Automobile,Owner,Office areas,One way,Tangent road with flat terrain,Y Shape,Asphalt roads,Dry,Daylight,Raining,Vehicle Collision,4,3,Moving forward,na,na,na,Driver,Normal,Not a Pedestrian,Changing lane to the left,Slight Injury
09:00:00,Monday,18-30,Female,Employee,2-5yr,Automobile,Owner,Residential areas,Two-way (divided with broken lines road marking),Tangent road with flat terrain,Y Shape,Asphalt roads,Dry,Daylight,Raining,Vehicle Collision,4,3,Other,Male,18-30,3,,Normal,Not a Pedestrian,Changing lane to the right,Slight Injury
09:00:00,Tuesday,31-50,Male,Employee,5-10yr,Automobile,Owner,Office areas,Undivided Two way,Tangent road with flat terrain,Y Shape,Other,Wet or damp,Daylight,Raining,Vehicle Collision,2,1,Moving forward,Female,Under 18,3,Driver,Normal,Not a Pedestrian,No priority to pedestrian,Slight Injury
09:00:00,Tuesday,31-50,Male,Employee,Above 10yr,Stationwagen,Owner,Other,Two-way (divided with broken lines road marking),Tangent road with flat terrain,Y Shape,Asphalt roads,Wet or damp,Daylight,Raining,Vehicle Collision,2,1,Moving backward,na,na,na,Driver,Normal,Not a Pedestrian,Overspeed,Slight Injury
15:00:00,Monday,Unknown,Male,Employee,Above 10yr,Other,Owner,Office areas,One way,Tangent road with flat terrain,Y Shape,Asphalt roads,Dry,Daylight,Normal,Vehicle Collision,2,2,Moving backward,Female,31-50,3,,,Not a Pedestrian,Changing lane to the left,Slight Injury
15:00:00,Monday,Unknown,Male,Employee,5-10yr,Other,Owner,School areas,Undivided Two way,Tangent road with flat terrain,Y Shape,Asphalt roads,Dry,Daylight,Normal,Vehicle Collision,2,2,Moving backward,na,na,na,Self-employed,Normal,Not a Pedestrian,No priority to vehicle,Slight Injury
15:00:00,Monday,Unknown,Male,Employee,1-2yr,Other,Owner,Residential areas,One way,Tangent road with flat terrain,Y Shape,Asphalt roads,Dry,Daylight,Normal,Vehicle Collision,2,2,Moving forward,Male,18-30,3,Driver,Normal,Not a Pedestrian,Changing lane to the right,Slight Injury
12:00:00,Sunday,31-50,Male,Employee,5-10yr,Public (13 - 45 seats),Owner,Office areas,Undivided Two way,Tangent road with flat terrain,Y Shape,Asphalt roads,Dry,Daylight,Normal,Stationary Object Collision,2,2,Moving forward,na,na,na,Driver,Normal,Not a Pedestrian,No distancing,Slight Injury
12:00:00,Sunday,31-50,Male,Employee,5-10yr,Lorry (41 - 100 Quintal),Owner,Residential areas,Undivided Two way,Tangent road with flat terrain,Y Shape,Asphalt roads,Dry,Daylight,Normal,Stationary Object Collision,2,2,Moving forward,Male,18-30,3,Driver,Normal,Not a Pedestrian,No priority to pedestrian,Slight Injury
14:00:00,Thursday,18-30,Male,Employee,1-2yr,Public (12 seats),Owner,Office areas,Undivided Two way,Tangent road with flat terrain,Y Shape,Asphalt roads,Dry,Daylight,Normal,Vehicle Collision,3,4,Moving forward,na,na,na,Driver,Normal,Not a Pedestrian,No distancing,Slight Injury
14:00:00,Thursday,Under 18,Male,Owner,5-10yr,Automobile,Owner,Residential areas,One way,Tangent road with flat terrain,Y Shape,Asphalt roads,Dry,Daylight,Normal,Vehicle Collision,3,4,Other,Male,18-30,3,Driver,Normal,Not a Pedestrian,No priority to vehicle,Slight Injury
14:00:00,Thursday,Under 18,Male,Owner,Above 10yr,Automobile,Owner,Other,other,Tangent road with flat terrain,Y Shape,Asphalt roads,Dry,Daylight,Normal,Vehicle Collision,3,4,Moving forward,Male,18-30,3,Driver,Normal,Not a Pedestrian,Other,Slight Injury
14:00:00,Thursday,18-30,Male,Owner,Below 1yr,Stationwagen,Other,Other,Two-way (divided with broken lines road marking),Tangent road with flat terrain,Y Shape,Asphalt roads,Dry,Daylight,Normal,Vehicle Collision,3,4,Moving forward,na,na,na,Driver,Normal,Not a Pedestrian,Driving carelessly,Slight Injury
14:00:00,Tuesday,Unknown,Female,Owner,5-10yr,Lorry (41 - 100 Quintal),Owner,Office areas,Two-way (divided with broken lines road marking),Tangent road with flat terrain,Crossing,Asphalt roads,Dry,Daylight,Normal,Vehicle Collision,2,1,Moving forward,na,na,na,Driver,Normal,Not a Pedestrian,Changing lane to the left,Serious Injury
14:00:00,Tuesday,Over 51,Male,Employee,Above 10yr,Lorry (41 - 100 Quintal),Owner,Office areas,Two-way (divided with broken lines road marking),Tangent road with flat terrain,Crossing,Asphalt roads,Dry,Daylight,Normal,Self-accident,2,1,Moving backward,Male,5,3,Driver,Normal,Not a Pedestrian,Driving carelessly,Serious Injury
18:00:00,Wednesday,Unknown,Male,Employee,Below 1yr,Lorry (41 - 100 Quintal),Owner,Residential areas,Two-way (divided with broken lines road marking),Tangent road with flat terrain,Y Shape,Asphalt roads,Dry,Daylight,Unknown,Vehicle Collision,2,1,Moving backward,Female,31-50,3,Driver,Normal,Not a Pedestrian,Changing lane to the left,Slight Injury
18:00:00,Wednesday,31-50,Male,Employee,1-2yr,Public (> 45 seats),Owner,Other,Two-way (divided with broken lines road marking),Tangent road with flat terrain,Y Shape,Asphalt roads,Dry,Daylight,Unknown,Stationary Object Collision,2,1,Moving forward,na,na,na,,,Not a Pedestrian,No priority to vehicle,Slight Injury
08:00:00,Thursday,18-30,Male,Employee,Above 10yr,Public (12 seats),Governmental,Other,Undivided Two way,Tangent road with flat terrain,No junction,Asphalt roads,Dry,Daylight,Normal,Pedestrian Collision,1,1,Moving forward,na,na,na,Self-employed,Normal,Not a Pedestrian,No distancing,Slight Injury
07:00:00,Thursday,Unknown,Male,Owner,Above 10yr,Other,Owner,Office areas,Two-way (divided with broken lines road marking),Tangent road with flat terrain,Unknown,Asphalt roads,Dry,Daylight,Normal,Vehicle Collision,2,1,Moving backward,Male,18-30,3,Self-employed,Normal,Not a Pedestrian,Changing lane to the right,Slight Injury
07:00:00,Thursday,18-30,Male,Employee,Above 10yr,Public (12 seats),Owner,Office areas,Two-way (divided with broken lines road marking),Tangent road with flat terrain,Unknown,Asphalt roads,Dry,Daylight,Normal,Vehicle Collision,2,1,Moving forward,na,na,na,Driver,Normal,Not a Pedestrian,Changing lane to the right,Slight Injury
13:00:00,Tuesday,18-30,Unknown,Employee,No Licence,Other,Owner, Church areas,Undivided Two way,Tangent road with flat terrain,No junction,Asphalt roads,Dry,Daylight,Normal,Vehicle Collision,1,1,Moving backward,Male,Over 51,3,Driver,Normal,Not a Pedestrian,Driving at high speed,Slight Injury
19:00:00,Wednesday,Unknown,Male,Employee,1-2yr,Public (12 seats),Governmental,Other,One way,Tangent road with flat terrain,No junction,Asphalt roads,Dry,Daylight,Normal,Vehicle Collision,2,2,Other,Male,Under 18,3,Self-employed,Normal,Crossing from driver's nearside,No distancing,Slight Injury
19:00:00,Wednesday,31-50,Male,Owner,1-2yr,Stationwagen,Owner,Office areas,Undivided Two way,Tangent road with flat terrain,No junction,Asphalt roads,Dry,Daylight,Normal,Vehicle Collision,2,2,Moving forward,Female,Under 18,3,Self-employed,Normal,Not a Pedestrian,Changing lane to the right,Slight Injury
19:00:00,Wednesday,31-50,Male,Owner,Below 1yr,Automobile,Owner,Office areas,Two-way (divided with broken lines road marking),Tangent road with flat terrain,No junction,Gravel roads,Dry,Daylight,Normal,Vehicle Collision,2,2,Moving forward,Male,Under 18,3,,,Not a Pedestrian,Changing lane to the left,Slight Injury
11:00:00,Thursday,Over 51,Male,Owner,1-2yr,Lorry (41 - 100 Quintal),Owner,Residential areas,Two-way (divided with broken lines road marking),Tangent road with flat terrain,Y Shape,Asphalt roads,Dry,Daylight,Normal,Vehicle Collision,2,1,Moving forward,na,na,na,Employee,Normal,Not a Pedestrian,Getting off the vehicle improperly,Slight Injury
11:00:00,Thursday,Over 51,Male,Owner,2-5yr,Special vehicle,Owner,Other,Undivided Two way,Tangent road with flat terrain,Y Shape,Asphalt roads,Dry,Daylight,Normal,Stationary Object Collision,2,1,Moving forward,Male,31-50,3,,,Not a Pedestrian,Other,Slight Injury
17:00:00,Tuesday,Unknown,Male,Owner,5-10yr,Lorry (41 - 100 Quintal),Owner,Residential areas,Two-way (divided with broken lines road marking),Tangent road with flat terrain,Y Shape,Asphalt roads,Dry,Daylight,Normal,Self-accident,2,1,Moving forward,Female,Under 18,2,,,Not a Pedestrian,Other,Slight Injury
17:00:00,Tuesday,31-50,Male,Owner,Above 10yr,Lorry (41 - 100 Quintal),Governmental,Office areas,Two-way (divided with broken lines road marking),Tangent road with flat terrain,Y Shape,Asphalt roads,Dry,Daylight,Normal,Vehicle Collision,2,1,Moving forward,Male,31-50,3,,,"In carriageway, statioNot a Pedestrianry - not crossing  (standing or playing) - masked by parked or statioNot a Pedestrianry vehicle",No distancing,Slight Injury
07:00:00,Wednesday,18-30,Male,Owner,2-5yr,Public (> 45 seats),Owner,Office areas,Undivided Two way,Tangent road with flat terrain,Crossing,Asphalt roads,Dry,Daylight,Normal,Pedestrian Collision,1,1,Moving forward,na,na,na,Driver,Normal,Not a Pedestrian,No priority to vehicle,Slight Injury
18:00:00,Wednesday,31-50,Male,Owner,Above 10yr,Automobile,Owner,Other,Undivided Two way,Tangent road with flat terrain,Y Shape,Asphalt roads,Dry,Daylight,Cloudy,Vehicle Collision,1,1,Moving forward,na,na,na,Driver,Normal,Not a Pedestrian,Overtaking,Slight Injury
12:00:00,Wednesday,31-50,Male,Owner,5-10yr,Automobile,Owner,Other,other,Steep grade downward with mountainous terrain,No junction,Asphalt roads,Dry,Daylight,Cloudy,Vehicle Collision,4,2,Moving forward,Male,31-50,2,Driver,Normal,Not a Pedestrian,No priority to pedestrian,Slight Injury
12:00:00,Wednesday,31-50,Male,Owner,5-10yr,Automobile,Owner,Office areas,One way,Steep grade downward with mountainous terrain,No junction,Asphalt roads,Dry,Daylight,Cloudy,Pedestrian Collision,4,2,Moving forward,Female,Under 18,3,Driver,Normal,Not a Pedestrian,No distancing,Slight Injury
12:00:00,Wednesday,31-50,Male,Owner,5-10yr,Public (> 45 seats),Owner,Residential areas,Two-way (divided with broken lines road marking),Tangent road with flat terrain,No junction,Asphalt roads,Dry,Daylight,Cloudy,Pedestrian Collision,4,2,Moving forward,Female,18-30,3,Driver,Normal,Not a Pedestrian,Changing lane to the right,Slight Injury
12:00:00,Wednesday,Unknown,Male,Owner,Below 1yr,Lorry (11 - 40 Quintal),Owner,Other,Two-way (divided with broken lines road marking),Tangent road with flat terrain,No junction,Asphalt roads,Dry,Daylight,Cloudy,Vehicle Collision,4,2,Moving forward,Female,18-30,3,Self-employed,Normal,Not a Pedestrian,Driving carelessly,Slight Injury
08:00:00,Thursday,18-30,Male,Owner,2-5yr,Pick up upto 10 Quintal,Organization,Residential areas,Undivided Two way,Tangent road with flat terrain,No junction,Asphalt roads,Dry,Daylight,Normal,Vehicle Collision,2,1,Moving forward,Male,31-50,3,Self-employed,Normal,Not a Pedestrian,Changing lane to the right,Slight Injury
08:00:00,Thursday,Unknown,Female,Employee,2-5yr,Lorry (11 - 40 Quintal),Owner, Church areas,Two-way (divided with broken lines road marking),Tangent road with flat terrain,No junction,Asphalt roads,Dry,Daylight,Normal,Vehicle Collision,2,1,Moving forward,Male,18-30,2,Self-employed,Normal,Not a Pedestrian,Overtaking,Slight Injury
06:00:00,Tuesday,Over 51,Male,Employee,2-5yr,Pick up upto 10 Quintal,Governmental,Residential areas,Two-way (divided with broken lines road marking),Tangent road with flat terrain,Crossing,Asphalt roads,Wet or damp,Daylight,Raining,Vehicle Collision,2,1,Moving forward,na,na,na,Self-employed,Normal,Not a Pedestrian,Other,Slight Injury
06:00:00,Tuesday,31-50,Male,Employee,2-5yr,Special vehicle,Owner,Office areas,One way,Tangent road with flat terrain,Crossing,Asphalt roads,Wet or damp,Daylight,Raining,Vehicle Collision,2,1,Moving forward,Male,18-30,3,,,Not a Pedestrian,Driving to the left,Slight Injury
17:00:00,Thursday,Under 18,Male,Employee,5-10yr,Lorry (11 - 40 Quintal),Governmental,Residential areas,Two-way (divided with broken lines road marking),Tangent road with flat terrain,Y Shape,Asphalt roads,Dry,Daylight,Normal,Stationary Object Collision,2,1,Moving backward,Male,18-30,3,Self-employed,Normal,Not a Pedestrian,Driving at high speed,Slight Injury
17:00:00,Thursday,18-30,Male,Employee,5-10yr,Automobile,Owner,Other,One way,Tangent road with flat terrain,Y Shape,Asphalt roads,Dry,Daylight,Normal,Vehicle Collision,2,1,Moving forward,Male,18-30,3,Self-employed,Normal,Not a Pedestrian,Unknown,Slight Injury
06:00:00,Tuesday,31-50,Male,Employee,Above 10yr,Automobile,Owner, Industrial areas,Two-way (divided with broken lines road marking),Tangent road with flat terrain,Y Shape,Asphalt roads,Dry,Daylight,Normal,Vehicle Collision,1,1,Moving forward,Male,18-30,3,Self-employed,Normal,Not a Pedestrian,Changing lane to the right,Serious Injury
11:00:00,Tuesday,31-50,Male,Employee,5-10yr,Lorry (41 - 100 Quintal),Owner, Church areas,Two-way (divided with broken lines road marking),Tangent road with flat terrain,Y Shape,Gravel roads,Dry,Daylight,Normal,Vehicle Collision,1,1,Moving forward,Male,Over 51,3,Driver,Normal,Not a Pedestrian,No distancing,Slight Injury
14:00:00,Wednesday,31-50,Male,Employee,5-10yr,Other,Owner,Residential areas,Undivided Two way,Steep grade downward with mountainous terrain,Y Shape,Asphalt roads,Dry,Daylight,Unknown,Vehicle Collision,2,1,Moving forward,na,na,na,,,Not a Pedestrian,Other,Slight Injury
14:00:00,Wednesday,18-30,Male,Employee,Above 10yr,Other,Owner,Other,Two-way (divided with broken lines road marking),Tangent road with flat terrain,Y Shape,Gravel roads,Dry,Daylight,Unknown,Vehicle Collision,2,1,Turning,Male,18-30,3,Driver,Normal,Not a Pedestrian,No priority to vehicle,Slight Injury
15:00:00,Friday,Unknown,Female,Owner,5-10yr,Automobile,Owner,Other,Two-way (divided with broken lines road marking),Tangent road with flat terrain,No junction,Asphalt roads,Dry,Daylight,Unknown,Vehicle Collision,2,1,Moving forward,Female,18-30,3,Driver,Normal,Not a Pedestrian,Changing lane to the left,Slight Injury
15:00:00,Friday,Unknown,Female,Owner,5-10yr,Other,Owner,Office areas,Undivided Two way,Tangent road with flat terrain,No junction,Asphalt roads,Dry,Daylight,Unknown,Vehicle Collision,2,1,Moving forward,Female,Under 18,3,Self-employed,Normal,Not a Pedestrian,No priority to pedestrian,Slight Injury
08:00:00,Monday,Unknown,Male,Employee,5-10yr,Automobile,Owner, Outside rural areas,Two-way (divided with broken lines road marking),Tangent road with mountainous terrain and,No junction,Asphalt roads,Dry,Daylight,Normal,Vehicle Collision,1,1,Moving forward,na,na,na,Driver,Normal,Not a Pedestrian,Overtaking,Serious Injury
18:00:00,Friday,18-30,Male,Employee,Below 1yr,Public (13 - 45 seats),Owner, Church areas,Two-way (divided with broken lines road marking),Steep grade downward with mountainous terrain,Y Shape,Asphalt roads,Dry,Daylight,Normal,Vehicle Collision,2,1,Moving forward,Female,31-50,3,Driver,Normal,Crossing from nearside - masked by parked or statioNot a Pedestrianry vehicle,Driving carelessly,Slight Injury
18:00:00,Friday,Unknown,Male,Employee,5-10yr,Lorry (41 - 100 Quintal),Owner,Office areas,other,Tangent road with mountainous terrain and,Y Shape,Asphalt roads,Dry,Daylight,Normal,Vehicle Collision,2,1,Moving forward,na,na,na,,,Not a Pedestrian,No priority to vehicle,Slight Injury
22:00:00,Monday,18-30,Male,Employee,5-10yr,Automobile,Owner, Church areas,Two-way (divided with broken lines road marking),Steep grade downward with mountainous terrain,No junction,Asphalt roads,Dry,Darkness - lights lit,Normal,Vehicle Collision,1,2,Moving forward,Male,18-30,3,Driver,Normal,Not a Pedestrian,No priority to pedestrian,Slight Injury
22:00:00,Monday,18-30,Male,Employee,5-10yr,Automobile,Owner,Office areas,other,Tangent road with mountainous terrain and,No junction,Asphalt roads,Dry,Darkness - lights lit,Normal,Vehicle Collision,1,2,Moving forward,Female,18-30,2,Driver,Normal,Not a Pedestrian,Changing lane to the right,Slight Injury