Time,Day,Age_band_of_driver,Sex_of_driver,Vehicle_driver_relation,Driving_experience,Type_of_vehicle,Owner_of_vehicle,Area_accident_occured,Lanes_or_Medians,Road_allignment,Types_of_Junction,Road_surface_type,Road_surface_conditions,Light_conditions,Weather_conditions,Type_of_collision,Number_of_vehicles_involved,Number_of_casualties,Vehicle_movement,Sex_of_casualty,Age_band_of_casualty,Casualty_severity,Work_of_casuality,Fitness_of_casuality,Pedestrian_movement,Cause_of_accident,Accident_severity
17:00:00,Friday,31-50,Male,Employee,5-10yr,Public (12 seats),Governmental,Residential areas,Two-way (divided with broken lines road marking),Tangent road with flat terrain,No junction,Asphalt roads,Dry,Daylight,Unknown,Vehicle Collision,3,3,Moving forward,Male,31-50,2,Employee,Normal,Not a Pedestrian,No priority to pedestrian,Slight Injury
17:00:00,Friday,31-50,Male,Owner,Below 1yr,Lorry (41 - 100 Quintal),Owner, Industrial areas,Undivided Two way,Tangent road with flat terrain,No junction,Asphalt roads,Dry,Daylight,Unknown,Vehicle Collision,3,3,Moving forward,na,na,na,Self-employed,Normal,Not a Pedestrian,No priority to vehicle,Slight Injury
17:00:00,Friday,31-50,Male,Employee,5-10yr,Automobile,Owner,Office areas,Undivided Two way,Tangent road with flat terrain,No junction,Earth roads,Dry,Daylight,Unknown,Vehicle Collision,3,3,Moving forward,Male,Under 18,3,Driver,Normal,Not a Pedestrian,Driving carelessly,Slight Injury
07:00:00,Wednesday,31-50,Male,Employee,2-5yr,Lorry (41 - 100 Quintal),Owner,Other,Undivided Two way,Tangent road with flat terrain,No junction,Asphalt roads,Wet or damp,Daylight,Raining,Stationary Object Collision,3,1,Moving forward,Male,Over 51,3,Driver,Normal,Crossing from nearside - masked by parked or statioNot a Pedestrianry vehicle,Moving Backward,Slight Injury
07:00:00,Wednesday,31-50,Male,Owner,2-5yr,Stationwagen,Owner,Other,Two-way (divided with broken lines road marking),Tangent road with flat terrain,No junction,Asphalt roads,Wet or damp,Daylight,Raining,Stationary Object Collision,3,1,Moving forward,Male,18-30,3,Self-employed,Normal,Not a Pedestrian,Driving carelessly,Slight Injury
07:00:00,Wednesday,31-50,Male,Employee,2-5yr,Pick up upto 10 Quintal,Owner,Residential areas,Undivided Two way,Tangent road with flat terrain,No junction,Earth roads,Wet or damp,Daylight,Raining,Animal Collision,3,1,Moving forward,Female,18-30,3,Self-employed,Normal,Not a Pedestrian,No priority to vehicle,Slight Injury
15:00:00,Wednesday,Unknown,Male,Owner,2-5yr,Automobile,Owner,Office areas,Two-way (divided with broken lines road marking),Tangent road with flat terrain,No junction,Asphalt roads,Dry,Daylight,Normal,Animal Collision,1,1,Other,na,na,na,Driver,Normal,Not a Pedestrian,Changing lane to the right,Serious Injury
06:00:00,Thursday,31-50,Male,Employee,Above 10yr,Automobile,Organization,Residential areas,other,Tangent road with flat terrain,Crossing,Asphalt roads,Dry,Darkness - lights lit,Normal,Animal Collision,2,1,Moving forward,Male,18-30,3,Driver,Normal,Not a Pedestrian,Changing lane to the left,Slight Injury
06:00:00,Thursday,18-30,Male,Employee,2-5yr,Automobile,Owner,Office areas,Two-way (divided with broken lines road marking),Tangent road with flat terrain,Crossing,Asphalt roads,Dry,Darkness - lights lit,Normal,Animal Collision,2,1,Moving forward,Male,31-50,3,Self-employed,Normal,Not a Pedestrian,No priority to vehicle,Slight Injury
14:00:00,Sunday,31-50,Male,Employee,1-2yr,Other,Owner, Church areas,Two-way (divided with broken lines road marking),Tangent road with flat terrain,Y Shape,Asphalt roads,Dry,Daylight,Normal,Animal Collision,3,2,Moving forward,na,na,na,Self-employed,Normal,Not a Pedestrian,Driving carelessly,Slight Injury
14:00:00,Sunday,31-50,Male,Employee,2-5yr,Automobile,Organization,Residential areas,Two-way (divided with broken lines road marking),Tangent road with flat terrain,Y Shape,Asphalt roads,Dry,Daylight,Normal,Animal Collision,3,2,Moving forward,Female,Under 18,3,Driver,Normal,Not a Pedestrian,Moving Backward,Slight Injury
14:00:00,Sunday,Over 51,Male,Employee,1-2yr,Public (13 - 45 seats),Owner,School areas,other,Tangent road with flat terrain,Y Shape,Asphalt roads,Dry,Daylight,Normal,Animal Collision,3,2,Moving forward,Male,31-50,3,Driver,Normal,Not a Pedestrian,Overtaking,Slight Injury
14:00:00,Sunday,Over 51,Male,Employee,5-10yr,Public (13 - 45 seats),Owner, Hospital areas,other,Steep grade downward with mountainous terrain,Y Shape,Asphalt roads,Dry,Daylight,Normal,Animal Collision,3,2,Moving forward,na,na,na,Driver,Normal,Not a Pedestrian,Changing lane to the left,Slight Injury
14:00:00,Sunday,18-30,Male,Employee,5-10yr,Automobile,Owner,Other,Undivided Two way,Tangent road with flat terrain,Y Shape,Asphalt roads,Dry,Daylight,Normal,Animal Collision,3,2,Moving backward,Female,18-30,3,Driver,Normal,Not a Pedestrian,Changing lane to the right,Slight Injury
14:00:00,Sunday,Unknown,Male,Owner,2-5yr,Public (12 seats),Owner,School areas,Double carriageway (median),Tangent road with flat terrain,Y Shape,Asphalt roads,Dry,Daylight,Normal,Animal Collision,3,2,Moving forward,na,na,na,,,Not a Pedestrian,Overtaking,Slight Injury
07:00:00,Wednesday,18-30,Male,Employee,Below 1yr,Public (12 seats),Owner,Other,other,Tangent road with flat terrain,Y Shape,Asphalt roads,Wet or damp,Daylight,Normal,Animal Collision,1,1,Moving forward,Male,31-50,3,,Normal,Not a Pedestrian,Overloading,Serious Injury
10:00:00,Thursday,Over 51,Male,Employee,5-10yr,Lorry (41 - 100 Quintal),Owner, Industrial areas,Undivided Two way,Tangent road with flat terrain,Unknown,Asphalt roads,Dry,Daylight,Normal,Animal Collision,1,1,Moving forward,Female,18-30,3,Driver,Normal,Not a Pedestrian,Other,Serious Injury
14:00:00,Saturday,18-30,Male,Employee,Above 10yr,Automobile,Owner, Church areas,Two-way (divided with broken lines road marking),Tangent road with flat terrain,Other,Asphalt roads,Wet or damp,Daylight,Other,Other,2,1,Moving forward,Female,31-50,3,,,Not a Pedestrian,No priority to vehicle,Slight Injury
14:00:00,Saturday,Unknown,Female,Employee,1-2yr,Pick up upto 10 Quintal,Owner,Office areas,Two-way (divided with broken lines road marking),Tangent road with flat terrain,Other,Asphalt roads with some distress,Wet or damp,Daylight,Other,Self-accident,2,1,Moving forward,Male,18-30,3,,,Not a Pedestrian,Changing lane to the right,Slight Injury
19:00:00,Monday,Unknown,Female,Owner,5-10yr,Pick up upto 10 Quintal,Owner,Other,Two-way (divided with broken lines road marking),Tangent road with flat terrain,No junction,Asphalt roads,Wet or damp,Darkness - lights lit,Raining,Animal Collision,2,2,Moving forward,na,na,na,,,Not a Pedestrian,Moving Backward,Slight Injury
19:00:00,Monday,18-30,Male,Employee,1-2yr,Lorry (41 - 100 Quintal),Owner,Office areas,Double carriageway (median),Tangent road with flat terrain,No junction,Asphalt roads,Wet or damp,Darkness - lights lit,Raining,Self-accident,2,2,Moving forward,Male,Under 18,3,Driver,Normal,Not a Pedestrian,Changing lane to the left,Slight Injury
19:00:00,Monday,18-30,Male,Employee,Above 10yr,Automobile,Owner,Office areas,Double carriageway (median),Tangent road with flat terrain,No junction,Asphalt roads,Wet or damp,Darkness - lights lit,Raining,Animal Collision,2,2,Moving forward,na,na,na,,,Not a Pedestrian,No priority to pedestrian,Slight Injury
10:00:00,Tuesday,Unknown,Male,Employee,Below 1yr,Stationwagen,Governmental,Office areas,Double carriageway (median),Tangent road with flat terrain,No junction,Asphalt roads,Dry,Daylight,Normal,Animal Collision,2,1,Moving forward,Female,Over 51,3,,,Not a Pedestrian,No distancing,Slight Injury
10:00:00,Tuesday,18-30,Male,Employee,2-5yr,Motorcycle,Owner,Residential areas,Double carriageway (median),Tangent road with flat terrain,No junction,Asphalt roads,Dry,Daylight,Normal,Vehicle Collision,2,1,Moving forward,Female,18-30,3,Driver,Normal,Not a Pedestrian,No priority to vehicle,Slight Injury
15:00:00,Wednesday,31-50,Male,Employee,5-10yr,Automobile,Owner,Office areas,Double carriageway (median),Tangent road with flat terrain,No junction,Asphalt roads,Dry,Daylight,Normal,Self-accident,1,1,Moving forward,na,na,na,Driver,Normal,Not a Pedestrian,No distancing,Slight Injury
11:00:00,Saturday,18-30,Male,Employee,5-10yr,Other,Owner,Other,Undivided Two way,Tangent road with flat terrain,No junction,Asphalt roads,Dry,Daylight,Normal,Stationary Object Collision,1,1,Moving forward,Male,Over 51,3,Driver,Normal,Not a Pedestrian,No distancing,Slight Injury
06:00:00,Tuesday,18-30,Male,Owner,1-2yr,Automobile,Owner, Industrial areas,One way,,Other,Asphalt roads,Dry,Daylight,Normal,Stationary Object Collision,2,1,Other,na,na,na,Driver,Normal,Not a Pedestrian,Moving Backward,Slight Injury
06:00:00,Tuesday,31-50,Male,Employee,5-10yr,Automobile,Owner,Other,One way,Tangent road with flat terrain,Other,Asphalt roads,Dry,Daylight,Normal,Self-accident,2,1,Moving forward,Male,Under 18,3,,,Not a Pedestrian,Changing lane to the right,Slight Injury
01:00:00,Wednesday,31-50,Male,Other,5-10yr,Automobile,Owner,Office areas,Double carriageway (median),Tangent road with flat terrain,Y Shape,Asphalt roads,Wet or damp,Darkness - lights lit,Normal,Animal Collision,2,1,Moving forward,Male,18-30,3,Driver,Normal,Crossing from nearside - masked by parked or statioNot a Pedestrianry vehicle,No priority to pedestrian,Slight Injury
01:00:00,Wednesday,Unknown,Male,Employee,2-5yr,Public (> 45 seats),Governmental,Office areas,Two-way (divided with broken lines road marking),Tangent road with flat terrain,Y Shape,Asphalt roads,Wet or damp,Darkness - lights lit,Normal,Animal Collision,2,1,Moving forward,na,na,na,,,Not a Pedestrian,Moving Backward,Slight Injury
08:00:00,Monday,Under 18,Male,Employee,1-2yr,Automobile,Governmental,Other,Double carriageway (median),Tangent road with flat terrain,O Shape,Asphalt roads,Wet or damp,Daylight,Raining,Self-accident,2,1,Moving forward,Male,18-30,3,,,Not a Pedestrian,Getting off the vehicle improperly,Slight Injury
08:00:00,Monday,Unknown,Male,Employee,5-10yr,Other,Owner,Other,,Tangent road with flat terrain,O Shape,Asphalt roads,Wet or damp,Daylight,Raining,Stationary Object Collision,2,1,Moving forward,Male,18-30,3,,,Not a Pedestrian,Overtaking,Slight Injury
12:00:00,Thursday,Unknown,Male,Employee,2-5yr,Automobile,Owner,Office areas,Double carriageway (median),Tangent road with flat terrain,Crossing,Asphalt roads,Dry,Daylight,Normal,Animal Collision,2,2,Moving forward,na,na,na,,,Not a Pedestrian,Overloading,Slight Injury
12:00:00,Thursday,31-50,Male,Employee,No Licence,Other,Owner,Office areas,Two-way (divided with broken lines road marking),Tangent road with flat terrain,Crossing,Asphalt roads,Dry,Daylight,Normal,Animal Collision,2,2,Moving forward,Male,31-50,3,,,Unknown or other,Changing lane to the right,Slight Injury
12:00:00,Thursday,31-50,Male,Employee,Above 10yr,Lorry (41 - 100 Quintal),Owner,Office areas,Undivided Two way,Tangent road with flat terrain,Crossing,Asphalt roads,Dry,Daylight,Normal,Pedestrian Collision,2,2,Other,Male,18-30,3,Driver,Normal,Not a Pedestrian,Improper parking,Slight Injury
16:00:00,Thursday,31-50,Male,Employee,Above 10yr,Pick up upto 10 Quintal,Owner,Other,Undivided Two way,Tangent road with flat terrain,No junction,Asphalt roads,Wet or damp,Daylight,Raining,Vehicle Collision,2,2,Moving forward,na,na,na,Driver,Normal,Not a Pedestrian,Other,Fatal injury
16:00:00,Thursday,31-50,Male,Employee,5-10yr,Public (13 - 45 seats),Owner,Other,Undivided Two way,Tangent road with flat terrain,No junction,Asphalt roads,Wet or damp,Daylight,Raining,Vehicle Collision,2,2,Moving forward,Female,18-30,3,Driver,Normal,Crossing from nearside - masked by parked or statioNot a Pedestrianry vehicle,Changing lane to the left,Fatal injury
16:00:00,Thursday,Over 51,Male,Employee,2-5yr,Automobile,Owner,  Recreational areas,Undivided Two way,Tangent road with flat terrain,No junction,Asphalt roads,Wet or damp,Daylight,Raining,Pedestrian Collision,2,2,Moving forward,Male,Under 18,3,Driver,Normal,Not a Pedestrian,Changing lane to the right,Fatal injury
17:00:00,Wednesday,Unknown,Female,Owner,2-5yr,Pick up upto 10 Quintal,Owner, Church areas,Undivided Two way,Tangent road with flat terrain,No junction,Gravel roads,Dry,Daylight,Unknown,Vehicle Collision,2,1,Moving forward,Female,Over 51,3,Driver,Normal,Not a Pedestrian,No priority to pedestrian,Slight Injury
17:00:00,Wednesday,18-30,Male,Employee,Below 1yr,Automobile,Other,  Recreational areas,other,Tangent road with flat terrain,No junction,Asphalt roads,Dry,Daylight,Unknown,Stationary Object Collision,2,1,Moving forward,Male,31-50,3,Driver,Normal,Not a Pedestrian,Overspeed,Slight Injury
05:00:00,Tuesday,31-50,Male,Owner,Above 10yr,Lorry (41 - 100 Quintal),Owner,School areas,other,Tangent road with flat terrain,No junction,Asphalt roads,Wet or damp,Darkness - lights lit,Other,Vehicle Collision,2,1,Moving forward,na,na,na,,,Not a Pedestrian,Changing lane to the left,Serious Injury
05:00:00,Tuesday,Unknown,Female,Employee,Above 10yr,Automobile,Owner, Church areas,Double carriageway (median),Tangent road with flat terrain,No junction,Asphalt roads,Wet or damp,Darkness - lights lit,Other,Vehicle Collision,2,1,Moving forward,Male,18-30,3,Driver,Normal,Not a Pedestrian,No priority to vehicle,Serious Injury
06:00:00,Wednesday,Over 51,Male,Employee,2-5yr,Lorry (41 - 100 Quintal),Owner,Office areas,,Tangent road with flat terrain,Other,Asphalt roads,Wet or damp,Darkness - lights lit,Normal,Vehicle Collision,2,1,Moving forward,Male,18-30,3,,,Not a Pedestrian,Changing lane to the right,Fatal injury
06:00:00,Wednesday,18-30,Male,Employee,2-5yr,Lorry (41 - 100 Quintal),Owner,Residential areas,One way,Steep grade downward with mountainous terrain,Other,Asphalt roads,Wet or damp,Darkness - lights lit,Normal,Self-accident,2,1,Moving forward,na,na,na,Driver,Normal,Not a Pedestrian,No distancing,Fatal injury
09:00:00,Tuesday,Over 51,Male,Employee,Above 10yr,Lorry (41 - 100 Quintal),Owner,Other,One way,Tangent road with flat terrain,No junction,Asphalt roads,Dry,Daylight,Cloudy,Vehicle Collision,2,1,Moving backward,Male,18-30,3,Driver,Normal,Not a Pedestrian,No priority to pedestrian,Slight Injury
09:00:00,Tuesday,Unknown,Male,Employee,5-10yr,Public (13 - 45 seats),Owner,Other,Undivided Two way,Tangent road with flat terrain,No junction,Asphalt roads,Dry,Daylight,Cloudy,Vehicle Collision,2,1,Moving forward,na,na,na,Driver,Normal,Not a Pedestrian,No distancing,Slight Injury
14:00:00,Saturday,Under 18,Male,Employee,Below 1yr,Automobile,Governmental, Industrial areas,One way,Tangent road with flat terrain,Crossing,Asphalt roads,Wet or damp,Daylight,Normal,Vehicle Collision,2,1,Moving forward,Male,18-30,2,,,Not a Pedestrian,No priority to vehicle,Slight Injury
14:00:00,Saturday,18-30,Male,Employee,Below 1yr,Other,Governmental, Church areas,other,Steep grade downward with mountainous terrain,Crossing,Asphalt roads,Wet or damp,Daylight,Normal,Pedestrian Collision,2,1,Moving forward,Male,Over 51,3,,,Not a Pedestrian,Other,Slight Injury
17:00:00,Thursday,18-30,Male,Employee,Below 1yr,Other,Organization,Office areas,other,Tangent road with flat terrain,Y Shape,Asphalt roads,Wet or damp,Darkness - lights lit,Other,Vehicle Collision,2,3,Moving forward,Female,31-50,3,Driver,Normal,Not a Pedestrian,Driving carelessly,Slight Injury
17:00:00,Thursday,31-50,Male,Employee,5-10yr,Other,Owner,Office areas,Undivided Two way,Tangent road with flat terrain,Y Shape,Asphalt roads,Wet or damp,Darkness - lights lit,Other,Stationary Object Collision,2,3,Moving backward,na,na,na,Driver,Normal,Not a Pedestrian,Changing lane to the left,Slight Injury
17:00:00,Thursday,31-50,Male,Owner,5-10yr,Automobile,Owner,Office areas,Double carriageway (median),Tangent road with flat terrain,Y Shape,Asphalt roads,Wet or damp,Darkness - lights lit,Other,Vehicle Collision,2,3,Moving forward,Male,Over 51,3,Driver,Normal,Crossing from nearside - masked by parked or statioNot a Pedestrianry vehicle,Driving carelessly,Slight Injury
17:00:00,Thursday,31-50,Male,Owner,5-10yr,Other,Owner,Other,Two-way (divided with broken lines road marking),Tangent road with flat terrain,Y Shape,Asphalt roads,Wet or damp,Darkness - lights lit,Other,Self-accident,2,3,Other,Female,31-50,3,Driver,Normal,Not a Pedestrian,Changing lane to the left,Slight Injury
19:00:00,Friday,18-30,Male,Employee,5-10yr,Lorry (41 - 100 Quintal),Owner,Office areas,Undivided Two way,Tangent road with flat terrain,No junction,Asphalt roads,Wet or damp,Darkness - lights lit,Normal,Vehicle Collision,1,1,Other,na,na,na,Self-employed,Normal,Not a Pedestrian,No priority to vehicle,Slight Injury
13:00:00,Monday,Over 51,Male,Employee,2-5yr,Public (12 seats),Owner,Other,Double carriageway (median),Tangent road with flat terrain,No junction,Gravel roads,Dry,Daylight,Normal,Vehicle Collision,3,1,Moving forward,na,na,na,Self-employed,Normal,Not a Pedestrian,No distancing,Slight Injury
13:00:00,Monday,31-50,Male,Employee,5-10yr,Lorry (41 - 100 Quintal),Owner, Industrial areas,Two-way (divided with broken lines road marking),Tangent road with flat terrain,No junction,Asphalt roads,Dry,Daylight,Normal,Vehicle Collision,3,1,Moving forward,Male,31-50,3,Driver,Normal,Not a Pedestrian,Changing lane to the right,Slight Injury
13:00:00,Monday,Unknown,Male,Employee,2-5yr,Public (12 seats),Owner,Residential areas,other,Tangent road with flat terrain,No junction,Asphalt roads,Dry,Daylight,Normal,Vehicle Collision,3,1,Moving forward,Male,18-30,3,,,Crossing from driver's nearside,Changing lane to the right,Slight Injury
12:00:00,Monday,18-30,Male,Employee,Below 1yr,Lorry (41 - 100 Quintal),Owner,Other,Two-way (divided with broken lines road marking),Tangent road with flat terrain,T Shape,Asphalt roads,Dry,Daylight,Normal,Vehicle Collision,2,1,Moving forward,Male,31-50,3,,,Not a Pedestrian,Driving at high speed,Slight Injury
12:00:00,Monday,Under 18,Male,Employee,2-5yr,Other,Owner,Other,One way,Tangent road with flat terrain,T Shape,Asphalt roads,Dry,Daylight,Normal,Stationary Object Collision,2,1,Other,na,na,na,,,Not a Pedestrian,No distancing,Slight Injury
08:00:00,Monday,31-50,Male,Employee,2-5yr,Lorry (41 - 100 Quintal),Owner,Other,One way,Tangent road with flat terrain,No junction,Earth roads,Dry,Daylight,Unknown,Vehicle Collision,2,1,Moving forward,Male,18-30,3,Driver,Normal,Unknown or other,Changing lane to the right,Slight Injury
08:00:00,Monday,Unknown,Male,Employee,2-5yr,Automobile,Owner,Other,Undivided Two way,Tangent road with flat terrain,No junction,Asphalt roads,Dry,Daylight,Unknown,Vehicle Collision,2,1,Exiting,Male,31-50,3,,Normal,Not a Pedestrian,Changing lane to the left,Slight Injury
18:00:00,Sunday,18-30,Male,Employee,5-10yr,Public (> 45 seats),Owner,Other,Two-way (divided with broken lines road marking),Tangent road with flat terrain,No junction,Asphalt roads,Dry,Darkness - lights lit,Normal,Stationary Object Collision,1,1,Moving forward,na,na,na,Driver,Normal,Not a Pedestrian,Getting off the vehicle improperly,Slight Injury
11:00:00,Saturday,18-30,Male,Employee,5-10yr,Lorry (41 - 100 Quintal),Governmental,Residential areas,other,Steep grade downward with mountainous terrain,Crossing,Asphalt roads,Dry,Daylight,Normal,Stationary Object Collision,2,1,Moving forward,Male,18-30,3,Driver,Normal,Not a Pedestrian,Other,Slight Injury
11:00:00,Saturday,Under 18,Male,Employee,5-10yr,Other,Owner,Office areas,Two-way (divided with broken lines road marking),Tangent road with flat terrain,Crossing,Gravel roads,Dry,Daylight,Normal,Vehicle Collision,2,1,Moving forward,na,na,na,,,Not a Pedestrian,Other,Slight Injury
12:00:00,Friday,Unknown,Male,Owner,5-10yr,Other,Owner,Office areas,Two-way (divided with broken lines road marking),Tangent road with flat terrain,No junction,Asphalt roads,Dry,Daylight,Normal,Vehicle Collision,2,2,Moving forward,na,na,na,Self-employed,Normal,Not a Pedestrian,No distancing,Slight Injury
12:00:00,Friday,Under 18,Male,Employee,2-5yr,Automobile,Owner,Other,Two-way (divided with broken lines road marking),Tangent road with flat terrain,No junction,Asphalt roads,Dry,Daylight,Normal,Vehicle Collision,2,2,Moving forward,Female,31-50,3,Driver,Normal,Not a Pedestrian,No priority to vehicle,Slight Injury
12:00:00,Friday,Under 18,Male,Employee,Below 1yr,Lorry (41 - 100 Quintal),Owner,Other,One way,Tangent road with flat terrain,No junction,Asphalt roads,Dry,Daylight,Normal,Vehicle Collision,2,2,Moving forward,Male,Over 51,3,Driver,Normal,Not a Pedestrian,Overtaking,Slight Injury
15:00:00,Saturday,31-50,Male,Employee,1-2yr,Pick up upto 10 Quintal,Owner,Office areas,Two-way (divided with broken lines road marking),Tangent road with flat terrain,Y Shape,Earth roads,Dry,Daylight,Normal,Stationary Object Collision,1,1,Moving backward,na,na,na,Driver,Normal,Not a Pedestrian,No priority to pedestrian,Serious Injury
07:00:00,Monday,18-30,Male,Employee,Below 1yr,Automobile,Owner,Office areas,Undivided Two way,Tangent road with flat terrain,Y Shape,Asphalt roads,Dry,Daylight,Normal,Vehicle Collision,2,2,Moving forward,na,na,na,Driver,Normal,Not a Pedestrian,No distancing,Slight Injury
07:00:00,Monday,31-50,Male,Employee,Above 10yr,Automobile,Owner,Other,Two-way (divided with broken lines road marking),Tangent road with flat terrain,Y Shape,Asphalt roads,Dry,Daylight,Normal,Vehicle Collision,2,2,Other,Male,Over 51,3,Driver,Normal,Not a Pedestrian,Changing lane to the right,Slight Injury
07:00:00,Monday,31-50,Male,Employee,Below 1yr,Other,Owner,Other,Two-way (divided with broken lines road marking),Tangent road with flat terrain,Y Shape,Asphalt roads,Dry,Daylight,Normal,Vehicle Collision,2,2,Moving forward,Female,31-50,2,Driver,Normal,Not a Pedestrian,Driving carelessly,Slight Injury
18:00:00,Thursday,Unknown,Male,Employee,2-5yr,Automobile,Governmental,Residential areas,Two-way (divided with broken lines road marking),Tangent road with flat terrain,Other,Asphalt roads,Dry,Darkness - lights lit,Other,Vehicle Collision,1,1,Moving forward,Male,18-30,3,Driver,Normal,Not a Pedestrian,Changing lane to the right,Slight Injury
06:00:00,Saturday,31-50,Male,Employee,1-2yr,Stationwagen,Owner,Other,Undivided Two way,Tangent road with flat terrain,No junction,Asphalt roads,Wet or damp,Darkness - lights unlit,Raining,Vehicle Collision,1,1,Moving forward,na,na,na,Driver,Normal,Not a Pedestrian,Overtaking,Serious Injury
20:00:00,Thursday,18-30,Male,Employee,5-10yr,Other,Owner,Office areas,Undivided Two way,Tangent road with flat terrain,Y Shape,Earth roads,Wet or damp,Darkness - lights lit,Raining,Vehicle Collision,3,2,Moving forward,Male,18-30,3,Driver,Normal,Crossing from nearside - masked by parked or statioNot a Pedestrianry vehicle,Other,Slight Injury
20:00:00,Thursday,31-50,Male,Owner,Below 1yr,Automobile,Owner,Office areas,Undivided Two way,Tangent road with flat terrain,Y Shape,Asphalt roads,Wet or damp,Darkness - lights lit,Raining,Stationary Object Collision,3,2,Moving forward,Female,18-30,3,Driver,Normal,Not a Pedestrian,Driving to the left,Slight Injury
20:00:00,Thursday,Under 18,Male,Employee,Below 1yr,Ridden horse,Owner,Other,Undivided Two way,Tangent road with flat terrain,Y Shape,Asphalt roads,Wet or damp,Darkness - lights lit,Raining,Vehicle Collision,3,2,Moving backward,Male,5,3,,,Not a Pedestrian,Driving at high speed,Slight Injury
11:00:00,Thursday,18-30,Male,Employee,Below 1yr,Automobile,Owner,Other,,Tangent road with flat terrain,No junction,Asphalt roads,Wet or damp,Daylight,Raining,Pedestrian Collision,2,1,Moving forward,na,na,na,Self-employed,Normal,Not a Pedestrian,Unknown,Slight Injury
11:00:00,Thursday,Over 51,Male,Employee,1-2yr,Other,Owner,Other,Undivided Two way,Tangent road with flat terrain,No junction,Asphalt roads,Wet or damp,Daylight,Raining,Stationary Object Collision,2,1,Moving forward,na,na,na,Self-employed,Normal,Not a Pedestrian,Changing lane to the right,Slight Injury
20:00:00,Monday,18-30,Male,Owner,5-10yr,Lorry (41 - 100 Quintal),Owner,Office areas,,Tangent road with flat terrain,Y Shape,Asphalt roads,Dry,Darkness - lights lit,Normal,Stationary Object Collision,2,1,Moving forward,Male,18-30,3,Driver,Normal,Not a Pedestrian,No distancing,Slight Injury
20:00:00,Monday,31-50,Male,Employee,2-5yr,Lorry (41 - 100 Quintal),Owner,Office areas,Two-way (divided with broken lines road marking),Tangent road with flat terrain,Y Shape,Asphalt roads,Dry,Darkness - lights lit,Normal,Vehicle Collision,2,1,Moving forward,Female,Under 18,3,Driver,Normal,Not a Pedestrian,Other,Slight Injury
08:00:00,Friday,Unknown,Male,Owner,Below 1yr,Lorry (41 - 100 Quintal),Owner,Other,Two-way (divided with broken lines road marking),Steep grade downward with mountainous terrain,Y Shape,Asphalt roads,Wet or damp,Daylight,Other,Self-accident,1,1,Moving forward,Male,31-50,3,Self-employed,Normal,Not a Pedestrian,No priority to vehicle,Slight Injury
18:00:00,Friday,31-50,Male,Employee,5-10yr,Stationwagen,Owner, Church areas,other,Tangent road with flat terrain,No junction,Asphalt roads,Dry,Darkness - lights lit,Normal,Vehicle Collision,2,1,Moving forward,na,na,na,Self-employed,Normal,Not a Pedestrian,Changing lane to the left,Slight Injury
18:00:00,Friday,Unknown,Male,Employee,5-10yr,Lorry (41 - 100 Quintal),Governmental, Industrial areas,Undivided Two way,Tangent road with flat terrain,No junction,Asphalt roads,Dry,Darkness - lights lit,Normal,Vehicle Collision,2,1,Moving forward,Male,31-50,3,,,Not a Pedestrian,No priority to pedestrian,Slight Injury
09:00:00,Monday,18-30,Male,Employee,5-10yr,Automobile,Organization,Other,Undivided Two way,Tangent road with flat terrain,No junction,Asphalt roads,Dry,Daylight,Other,Vehicle Collision,2,1,Moving forward,Male,Under 18,3,Employee,Normal,Not a Pedestrian,Overtaking,Slight Injury
09:00:00,Monday,31-50,Male,Employee,2-5yr,Automobile,Owner,Other,Two-way (divided with broken lines road marking),Tangent road with flat terrain,No junction,Asphalt roads,Dry,Daylight,Other,Vehicle Collision,2,1,Moving forward,na,na,na,,,Not a Pedestrian,Driving carelessly,Slight Injury
16:00:00,Wednesday,Unknown,Female,Employee,Above 10yr,Pick up upto 10 Quintal,Owner,Office areas,Undivided Two way,Tangent road with mountainous terrain and,No junction,Earth roads,Dry,Daylight,Normal,Vehicle Collision,2,1,Moving forward,na,na,na,,,Not a Pedestrian,No priority to vehicle,Slight Injury
16:00:00,Wednesday,31-50,Male,Employee,5-10yr,Taxi,Owner,Other,One way,Tangent road with flat terrain,No junction,Asphalt roads,Dry,Daylight,Normal,Vehicle Collision,2,1,Moving forward,Female,31-50,3,,,Not a Pedestrian,No priority to pedestrian,Slight Injury
15:00:00,Monday,Unknown,Male,Employee,Above 10yr,Automobile,Owner,  Recreational areas,Undivided Two way,Steep grade downward with mountainous terrain,No junction,Asphalt roads,Dry,Daylight,Normal,Vehicle Collision,1,1,Other,na,na,na,Driver,Normal,Not a Pedestrian,Changing lane to the right,Slight Injury
16:00:00,Thursday,Unknown,Male,Employee,2-5yr,Automobile,Governmental,Other,Two-way (divided with broken lines road marking),Steep grade downward with mountainous terrain,No junction,Asphalt roads,Dry,Daylight,Normal,Vehicle Collision,1,1,Moving forward,Male,18-30,3,Driver,Normal,Not a Pedestrian,Driving carelessly,Slight Injury
17:00:00,Friday,Over 51,Male,Employee,Below 1yr,Automobile,Governmental, Church areas,Two-way (divided with broken lines road marking),Tangent road with flat terrain,No junction,Asphalt roads,Dry,Darkness - lights lit,Normal,Stationary Object Collision,2,1,Moving forward,na,na,na,Driver,Normal,Not a Pedestrian,Changing lane to the right,Slight Injury