Time,Day,Age_band_of_driver,Sex_of_driver,Vehicle_driver_relation,Driving_experience,Type_of_vehicle,Owner_of_vehicle,Area_accident_occured,Lanes_or_Medians,Road_allignment,Types_of_Junction,Road_surface_type,Road_surface_conditions,Light_conditions,Weather_conditions,Type_of_collision,Number_of_vehicles_involved,Number_of_casualties,Vehicle_movement,Sex_of_casualty,Age_band_of_casualty,Casualty_severity,Work_of_casuality,Fitness_of_casuality,Pedestrian_movement,Cause_of_accident,Accident_severity
15:00:00,Monday,Under 18,Male,Employee,5-10yr,Automobile,Owner,Other,Double carriageway (median),Tangent road with flat terrain,Other,Asphalt roads,Dry,Daylight,Normal,Stationary Object Collision,2,2,Moving forward,Male,31-50,2,Driver,Normal,Not a Pedestrian,Moving Backward,Slight Injury
19:00:00,Friday,Under 18,Male,Employee,5-10yr,Automobile,Owner,Other,Two-way (divided with broken lines road marking),Tangent road with flat terrain,No junction,Asphalt roads,Wet or damp,Daylight,Raining,Vehicle Collision,1,1,Other,Male,Over 51,2,Driver,Normal,Not a Pedestrian,No distancing,Slight Injury
14:00:00,Saturday,Unknown,Female,Employee,5-10yr,Public (13 - 45 seats),Owner,Residential areas,Two-way (divided with broken lines road marking),Tangent road with flat terrain,No junction,Asphalt roads,Wet or damp,Daylight,Raining,Vehicle Collision,2,1,Moving forward,na,na,na,,,Not a Pedestrian,Other,Serious Injury
14:00:00,Saturday,18-30,Male,Employee,2-5yr,Lorry (41 - 100 Quintal),Owner,Other,other,Tangent road with flat terrain,No junction,Asphalt roads,Wet or damp,Daylight,Raining,Vehicle Collision,2,1,Turning,na,na,na,Self-employed,Normal,Not a Pedestrian,No priority to vehicle,Serious Injury
06:00:00,Thursday,31-50,Male,Employee,Above 10yr,Lorry (41 - 100 Quintal),Owner, Church areas,Undivided Two way,Tangent road with flat terrain,Y Shape,Asphalt roads,Dry,Daylight,Normal,Vehicle Collision,2,1,Moving forward,Male,31-50,3,Driver,Normal,Not a Pedestrian,Changing lane to the right,Slight Injury
06:00:00,Thursday,31-50,Male,Owner,Above 10yr,Lorry (11 - 40 Quintal),Owner,Other,Undivided Two way,Tangent road with flat terrain,Y Shape,Earth roads,Dry,Daylight,Normal,Pedestrian Collision,2,1,Moving forward,Female,31-50,3,Driver,Normal,Not a Pedestrian,Other,Slight Injury
19:00:00,Friday,18-30,Male,Employee,5-10yr,Motorcycle,Owner,Office areas,Undivided Two way,Tangent road with flat terrain,No junction,Asphalt roads,Wet or damp,Daylight,Normal,Pedestrian Collision,1,1,Moving forward,Male,31-50,3,Self-employed,Normal,Not a Pedestrian,No distancing,Slight Injury
18:00:00,Monday,Over 51,Male,Owner,Above 10yr,Lorry (41 - 100 Quintal),Owner,Office areas,Two-way (divided with broken lines road marking),Tangent road with flat terrain,Y Shape,Asphalt roads,Dry,Daylight,Normal,Vehicle Collision,2,1,Moving forward,Male,31-50,3,Driver,Normal,Not a Pedestrian,Driving carelessly,Slight Injury
18:00:00,Monday,18-30,Male,Employee,5-10yr,Stationwagen,Owner,Residential areas,Undivided Two way,Tangent road with flat terrain,Y Shape,Asphalt roads,Dry,Daylight,Normal,Vehicle Collision,2,1,Moving forward,na,na,na,Employee,Normal,Not a Pedestrian,No distancing,Slight Injury
16:00:00,Tuesday,Under 18,Male,Owner,5-10yr,Automobile,Owner,Other,Two-way (divided with broken lines road marking),Tangent road with flat terrain,Y Shape,Asphalt roads,Dry,Daylight,Normal,Vehicle Collision,2,2,Moving forward,na,na,na,Driver,Normal,Not a Pedestrian,Moving Backward,Slight Injury
16:00:00,Tuesday,31-50,Male,Owner,Above 10yr,Other,Owner, Industrial areas,Undivided Two way,Tangent road with flat terrain,Y Shape,Asphalt roads,Dry,Daylight,Normal,Vehicle Collision,2,2,Moving forward,Male,31-50,3,Driver,Normal,Not a Pedestrian,No distancing,Slight Injury
03:00:00,Tuesday,31-50,Male,Owner,Above 10yr,Other,Owner,Office areas,Two-way (divided with broken lines road marking),Tangent road with flat terrain,No junction,Asphalt roads,Wet or damp,Darkness - lights unlit,Windy,Vehicle Collision,2,2,Moving forward,Female,Over 51,3,,,Not a Pedestrian,Moving Backward,Slight Injury
03:00:00,Tuesday,31-50,Male,Employee,5-10yr,Taxi,Organization,  Recreational areas,Two-way (divided with broken lines road marking),Tangent road with flat terrain,No junction,Asphalt roads,Wet or damp,Darkness - lights unlit,Windy,Vehicle Collision,2,2,Exiting,Male,Under 18,3,Driver,Normal,Not a Pedestrian,No priority to pedestrian,Slight Injury
03:00:00,Tuesday,Unknown,Male,Employee,5-10yr,Automobile,Owner,Residential areas,Two-way (divided with broken lines road marking),Tangent road with flat terrain,No junction,Asphalt roads,Wet or damp,Darkness - lights unlit,Windy,Vehicle Collision,2,2,Exiting,na,na,na,Driver,Normal,Not a Pedestrian,Changing lane to the left,Slight Injury
17:00:00,Friday,18-30,Male,Owner,Above 10yr,Long lorry,Owner,Residential areas,Undivided Two way,Tangent road with flat terrain,Y Shape,Asphalt roads,Dry,Daylight,Normal,Vehicle Collision,2,1,Exiting,Male,18-30,3,Driver,Normal,Not a Pedestrian,No distancing,Slight Injury
17:00:00,Friday,31-50,Male,Owner,Below 1yr,Long lorry,Owner, Church areas,Undivided Two way,Steep grade downward with mountainous terrain,Y Shape,Asphalt roads,Dry,Daylight,Normal,Vehicle Collision,2,1,Moving backward,Male,31-50,3,Driver,Normal,Not a Pedestrian,Other,Slight Injury
06:00:00,Wednesday,18-30,Male,Owner,2-5yr,Lorry (41 - 100 Quintal),Owner,Residential areas,Undivided Two way,Tangent road with flat terrain,Other,Asphalt roads,Dry,Daylight,Normal,Vehicle Collision,2,1,Moving forward,na,na,na,,,Not a Pedestrian,No distancing,Slight Injury
06:00:00,Wednesday,Unknown,Male,Owner,2-5yr,Lorry (41 - 100 Quintal),Owner,Other,other,Tangent road with flat terrain,Other,Asphalt roads,Dry,Daylight,Normal,Stationary Object Collision,2,1,Moving forward,na,na,na,Driver,Normal,Not a Pedestrian,No priority to pedestrian,Slight Injury
08:00:00,Friday,18-30,Male,Owner,5-10yr,Lorry (11 - 40 Quintal),Owner,Other,Undivided Two way,Tangent road with flat terrain,No junction,Asphalt roads,Dry,Daylight,Normal,Self-accident,2,1,Stopping,Male,18-30,3,Employee,Normal,Not a Pedestrian,Moving Backward,Serious Injury
08:00:00,Friday,31-50,Male,Owner,5-10yr,Automobile,Owner,Other,Two-way (divided with solid lines road marking),Tangent road with flat terrain,No junction,Asphalt roads,Dry,Daylight,Normal,Vehicle Collision,2,1,Moving forward,na,na,na,,,Not a Pedestrian,No priority to pedestrian,Serious Injury
15:00:00,Sunday,31-50,Male,Owner,Below 1yr,Taxi,Owner, Church areas,Two-way (divided with solid lines road marking),Tangent road with flat terrain,No junction,Asphalt roads,Wet or damp,Daylight,Raining,Vehicle Collision,2,2,Other,na,na,na,Driver,Normal,Not a Pedestrian,No distancing,Slight Injury
15:00:00,Sunday,31-50,Male,Owner,Above 10yr,Other,Governmental,Other,Two-way (divided with solid lines road marking),Tangent road with flat terrain,No junction,Asphalt roads,Wet or damp,Daylight,Raining,Vehicle Collision,2,2,Moving forward,na,na,na,,,Not a Pedestrian,No priority to pedestrian,Slight Injury
15:00:00,Sunday,18-30,Male,Owner,Below 1yr,Automobile,Owner, Church areas,Two-way (divided with solid lines road marking),Tangent road with flat terrain,No junction,Asphalt roads,Wet or damp,Daylight,Raining,Vehicle Collision,2,2,Moving forward,Male,18-30,3,Driver,Normal,Not a Pedestrian,Driving carelessly,Slight Injury
20:00:00,Sunday,Under 18,Male,Owner,5-10yr,Automobile,Owner, Church areas,Two-way (divided with broken lines road marking),Tangent road with flat terrain,Crossing,Earth roads,Dry,Daylight,Normal,Vehicle Collision,2,1,Moving forward,na,na,na,Driver,Normal,Not a Pedestrian,Getting off the vehicle improperly,Slight Injury
20:00:00,Sunday,31-50,Male,Owner,5-10yr,Automobile,Owner,Other,Undivided Two way,Tangent road with flat terrain,Crossing,Asphalt roads,Dry,Daylight,Normal,Stationary Object Collision,2,1,Moving forward,Female,5,2,Self-employed,Normal,Not a Pedestrian,Driving carelessly,Slight Injury
20:00:00,Monday,18-30,Male,Owner,5-10yr,Automobile,Governmental,Other,Undivided Two way,Tangent road with flat terrain,No junction,Asphalt roads,Dry,Daylight,Normal,Stationary Object Collision,2,1,Moving forward,na,na,na,Driver,Normal,Not a Pedestrian,Changing lane to the left,Slight Injury
20:00:00,Monday,31-50,Male,Employee,1-2yr,Public (> 45 seats),Owner,School areas,other,Tangent road with flat terrain,No junction,Asphalt roads,Dry,Daylight,Normal,Vehicle Collision,2,1,Moving forward,Male,31-50,3,Employee,Normal,Not a Pedestrian,No priority to vehicle,Slight Injury
15:00:00,Monday,31-50,Male,Owner,5-10yr,Lorry (11 - 40 Quintal),Owner,Residential areas,Undivided Two way,Tangent road with flat terrain,Other,Asphalt roads,Dry,Daylight,Normal,Stationary Object Collision,1,1,Moving forward,Male,31-50,3,Driver,Normal,Not a Pedestrian,Changing lane to the right,Slight Injury
18:00:00,Saturday,18-30,Male,Employee,5-10yr,Lorry (41 - 100 Quintal),Owner,Other,Two-way (divided with broken lines road marking),Tangent road with flat terrain,No junction,Asphalt roads,Dry,Daylight,Normal,Vehicle Collision,2,1,Moving forward,na,na,na,,,Not a Pedestrian,Changing lane to the right,Slight Injury
18:00:00,Saturday,Over 51,Male,Employee,5-10yr,Lorry (41 - 100 Quintal),Owner,Office areas,Undivided Two way,Tangent road with flat terrain,No junction,Asphalt roads,Dry,Daylight,Normal,Vehicle Collision,2,1,Turning,Male,31-50,3,Driver,Normal,Not a Pedestrian,No distancing,Slight Injury
18:00:00,Tuesday,Under 18,Female,Employee,5-10yr,Stationwagen,Owner,Residential areas,Undivided Two way,Tangent road with flat terrain,No junction,Asphalt roads,Dry,Daylight,Unknown,Vehicle Collision,1,1,Moving forward,Female,31-50,3,Self-employed,Normal,Not a Pedestrian,No distancing,Serious Injury
17:00:00,Thursday,31-50,Male,Employee,Above 10yr,Other,Owner,Other,One way,Steep grade downward with mountainous terrain,No junction,Asphalt roads,Dry,Daylight,Normal,Vehicle Collision,2,1,Moving forward,na,na,na,,,Not a Pedestrian,Changing lane to the left,Slight Injury
17:00:00,Thursday,Unknown,Male,Employee,5-10yr,Automobile,Owner,Residential areas,Two-way (divided with broken lines road marking),Tangent road with flat terrain,No junction,Asphalt roads,Dry,Daylight,Normal,Vehicle Collision,2,1,Exiting,Male,18-30,3,Self-employed,Normal,Not a Pedestrian,Changing lane to the right,Slight Injury
12:00:00,Friday,Unknown,Male,Employee,No Licence,Pick up upto 10 Quintal,Owner,Residential areas,Undivided Two way,Tangent road with flat terrain,No junction,Asphalt roads,Dry,Daylight,Normal,Vehicle Collision,2,1,Moving backward,na,na,na,Self-employed,Normal,Not a Pedestrian,No priority to vehicle,Slight Injury
12:00:00,Friday,Under 18,Male,Employee,Below 1yr,Motorcycle,Owner,Residential areas,Two-way (divided with broken lines road marking),Tangent road with flat terrain,No junction,Earth roads,Dry,Daylight,Normal,Pedestrian Collision,2,1,Exiting,Male,31-50,3,,,Not a Pedestrian,Changing lane to the left,Slight Injury
18:00:00,Friday,31-50,Male,Employee,5-10yr,Automobile,Owner,Other,other,Tangent road with flat terrain,Other,Asphalt roads,Dry,Daylight,Normal,Vehicle Collision,3,2,Moving forward,na,na,na,Driver,Normal,Not a Pedestrian,No priority to vehicle,Slight Injury
18:00:00,Friday,Over 51,Male,Employee,5-10yr,Pick up upto 10 Quintal,Owner,Other,Undivided Two way,Tangent road with flat terrain,Other,Asphalt roads,Dry,Daylight,Normal,Stationary Object Collision,3,2,Moving forward,Male,31-50,3,Driver,Normal,Not a Pedestrian,Moving Backward,Slight Injury
18:00:00,Friday,Over 51,Male,Employee,5-10yr,Motorcycle,Owner,Other,One way,Tangent road with flat terrain,Other,Asphalt roads,Dry,Daylight,Normal,Vehicle Collision,3,2,Moving forward,na,na,na,Other,Normal,Not a Pedestrian,Turnover,Slight Injury
18:00:00,Friday,Over 51,Male,Employee,5-10yr,Stationwagen,Owner, Hospital areas,Undivided Two way,Tangent road with flat terrain,Other,Asphalt roads,Dry,Daylight,Normal,Stationary Object Collision,3,2,Moving forward,na,na,na,Self-employed,Normal,Not a Pedestrian,No distancing,Slight Injury
01:00:00,Sunday,31-50,Male,Employee,5-10yr,Lorry (41 - 100 Quintal),Owner,Residential areas,Undivided Two way,Tangent road with flat terrain,Y Shape,Asphalt roads,Wet or damp,Darkness - lights lit,Raining,Vehicle Collision,1,1,Moving backward,Male,31-50,3,Self-employed,Normal,Not a Pedestrian,No distancing,Slight Injury
07:00:00,Thursday,18-30,Male,Employee,2-5yr,Taxi,Owner,Residential areas,One way,Tangent road with flat terrain,No junction,Asphalt roads,Dry,Daylight,Normal,Vehicle Collision,2,1,Exiting,Male,Under 18,3,Driver,Normal,Unknown or other,No distancing,Slight Injury
07:00:00,Thursday,31-50,Male,Employee,5-10yr,Automobile,Owner,Residential areas,Undivided Two way,Tangent road with flat terrain,No junction,Asphalt roads,Dry,Daylight,Normal,Pedestrian Collision,2,1,Moving forward,Female,31-50,3,Employee,Normal,Not a Pedestrian,Changing lane to the left,Slight Injury
08:00:00,Tuesday,31-50,Male,Employee,Above 10yr,Long lorry,Owner,Other,Two-way (divided with broken lines road marking),Tangent road with flat terrain,Crossing,Asphalt roads,Wet or damp,Daylight,Raining,Vehicle Collision,2,1,Moving forward,na,na,na,,,Not a Pedestrian,No priority to vehicle,Slight Injury
08:00:00,Tuesday,Unknown,Male,Employee,1-2yr,Automobile,Owner,Office areas,Two-way (divided with broken lines road marking),Tangent road with flat terrain,Crossing,Gravel roads,Wet or damp,Daylight,Raining,Vehicle Collision,2,1,Moving forward,Male,18-30,3,Driver,Normal,Not a Pedestrian,Driving at high speed,Slight Injury
17:00:00,Tuesday,18-30,Male,Employee,Below 1yr,Public (12 seats),Owner,Other,other,Tangent road with flat terrain,Crossing,Asphalt roads,Wet or damp,Daylight,Raining,Vehicle Collision,2,2,Moving backward,na,na,na,Driver,Normal,Not a Pedestrian,Overtaking,Slight Injury
17:00:00,Tuesday,Over 51,Male,Employee,1-2yr,Lorry (11 - 40 Quintal),Owner,Office areas,Double carriageway (median),Tangent road with flat terrain,Crossing,Asphalt roads,Wet or damp,Daylight,Raining,Vehicle Collision,2,2,Moving forward,Male,18-30,3,Driver,Normal,Not a Pedestrian,Other,Slight Injury
08:00:00,Wednesday,Over 51,Male,Employee,5-10yr,Pick up upto 10 Quintal,Owner,Residential areas,Two-way (divided with broken lines road marking),Tangent road with flat terrain,No junction,Asphalt roads,Wet or damp,Daylight,Other,Pedestrian Collision,1,1,Stopping,Female,31-50,3,Self-employed,Normal,Crossing from nearside - masked by parked or statioNot a Pedestrianry vehicle,Changing lane to the left,Serious Injury
18:00:00,Thursday,Under 18,Male,Employee,Above 10yr,Lorry (41 - 100 Quintal),Owner,Office areas,Double carriageway (median),Gentle horizontal curve,Other,Asphalt roads,Dry,Daylight,Normal,Vehicle Collision,2,2,Moving forward,Female,18-30,3,,Normal,Not a Pedestrian,No priority to pedestrian,Serious Injury
18:00:00,Thursday,Under 18,Male,Employee,5-10yr,Other,Owner,Office areas,Double carriageway (median),Tangent road with flat terrain,Other,Asphalt roads,Dry,Daylight,Normal,Vehicle Collision,2,2,Moving forward,na,na,na,Other,Normal,Not a Pedestrian,Changing lane to the left,Serious Injury
18:00:00,Thursday,Under 18,Male,Employee,2-5yr,Automobile,Organization,Other,Double carriageway (median),Tangent road with flat terrain,Other,Asphalt roads,Dry,Daylight,Normal,Vehicle Collision,2,2,Moving backward,Male,18-30,3,Driver,Normal,Not a Pedestrian,No distancing,Serious Injury
11:00:00,Wednesday,Unknown,Male,Employee,2-5yr,Long lorry,Owner,Office areas,Two-way (divided with broken lines road marking),Tangent road with flat terrain,No junction,Asphalt roads,Dry,Daylight,Normal,Vehicle Collision,1,1,Moving forward,Male,Under 18,3,Driver,Normal,Crossing from nearside - masked by parked or statioNot a Pedestrianry vehicle,Moving Backward,Serious Injury
09:00:00,Sunday,Over 51,Male,Employee,Above 10yr,Lorry (11 - 40 Quintal),Owner,Office areas,,Tangent road with flat terrain,No junction,Asphalt roads,Dry,Daylight,Normal,Stationary Object Collision,2,1,Moving forward,na,na,na,Driver,Normal,Not a Pedestrian,Changing lane to the left,Slight Injury
09:00:00,Sunday,31-50,Male,Employee,2-5yr,Long lorry,Governmental,Office areas,One way,Tangent road with flat terrain,No junction,Asphalt roads,Dry,Daylight,Normal,Vehicle Collision,2,1,Moving backward,Female,18-30,3,,,Not a Pedestrian,Other,Slight Injury
14:00:00,Monday,Unknown,Female,Owner,Below 1yr,Automobile,Owner,Other,Undivided Two way,Tangent road with flat terrain,No junction,Asphalt roads,Dry,Daylight,Normal,Vehicle Collision,2,1,Moving forward,Male,18-30,3,Driver,Normal,Not a Pedestrian,No distancing,Slight Injury
14:00:00,Monday,18-30,Male,Employee,2-5yr,Taxi,Owner,Residential areas,,Tangent road with flat terrain,No junction,Asphalt roads,Dry,Daylight,Normal,Vehicle Collision,2,1,Stopping,Female,18-30,3,Driver,Normal,Not a Pedestrian,Moving Backward,Slight Injury
18:00:00,Wednesday,Over 51,Male,Employee,Above 10yr,Taxi,Owner,Residential areas,Two-way (divided with broken lines road marking),Gentle horizontal curve,Y Shape,Asphalt roads,Dry,Daylight,Normal,Vehicle Collision,3,2,Moving forward,na,na,na,,,Not a Pedestrian,No distancing,Slight Injury
18:00:00,Wednesday,Under 18,Male,Employee,2-5yr,Long lorry,Owner, Church areas,Two-way (divided with broken lines road marking),Tangent road with flat terrain,Y Shape,Asphalt roads,Dry,Daylight,Normal,Stationary Object Collision,3,2,Moving forward,Female,Over 51,3,Driver,Normal,Not a Pedestrian,Changing lane to the left,Slight Injury
18:00:00,Wednesday,Under 18,Male,Employee,Above 10yr,Lorry (11 - 40 Quintal),Owner,Other,Two-way (divided with broken lines road marking),Tangent road with flat terrain,Y Shape,Asphalt roads,Dry,Daylight,Normal,Vehicle Collision,3,2,Moving forward,Male,31-50,2,Driver,Normal,Not a Pedestrian,Changing lane to the left,Slight Injury
18:00:00,Wednesday,Over 51,Male,Employee,Above 10yr,Lorry (11 - 40 Quintal),Owner,Residential areas,Two-way (divided with broken lines road marking),Tangent road with flat terrain,Y Shape,Asphalt roads,Dry,Daylight,Normal,Vehicle Collision,3,2,Moving forward,na,na,na,Self-employed,Normal,Not a Pedestrian,No priority to pedestrian,Slight Injury
12:00:00,Wednesday,18-30,Male,Other,Above 10yr,Long lorry,Owner,Other,Undivided Two way,Tangent road with flat terrain,Y Shape,Asphalt roads,Dry,Daylight,Normal,Vehicle Collision,2,1,Exiting,Male,18-30,2,Driver,Normal,Not a Pedestrian,Changing lane to the left,Slight Injury
12:00:00,Wednesday,31-50,Male,Employee,Above 10yr,Turbo,Owner,Residential areas,Undivided Two way,Tangent road with flat terrain,Y Shape,Asphalt roads,Dry,Daylight,Normal,Vehicle Collision,2,1,Moving forward,na,na,na,Driver,Normal,Not a Pedestrian,Driving carelessly,Slight Injury
00:00:00,Tuesday,Unknown,Male,Employee,Below 1yr,Long lorry,Owner,Residential areas,Two-way (divided with broken lines road marking),Tangent road with flat terrain,No junction,Asphalt roads,Dry,Darkness - lights lit,Normal,Vehicle Collision,3,1,Moving forward,Male,31-50,3,Driver,Normal,Not a Pedestrian,Driving carelessly,Serious Injury
00:00:00,Tuesday,31-50,Male,Employee,5-10yr,Long lorry,Owner,Other,Two-way (divided with broken lines road marking),Tangent road with flat terrain,No junction,Asphalt roads,Dry,Darkness - lights lit,Normal,Vehicle Collision,3,1,Moving forward,na,na,na,Driver,Normal,Not a Pedestrian,No priority to pedestrian,Serious Injury
00:00:00,Tuesday,18-30,Male,Employee,2-5yr,Public (13 - 45 seats),Owner,Other,Two-way (divided with broken lines road marking),Tangent road with flat terrain,No junction,Asphalt roads,Dry,Darkness - lights lit,Normal,Vehicle Collision,3,1,Moving backward,Female,31-50,3,Driver,Normal,Not a Pedestrian,Getting off the vehicle improperly,Serious Injury
15:00:00,Sunday,Unknown,Female,Employee,Above 10yr,Automobile,Owner,Other,Undivided Two way,Tangent road with flat terrain,Y Shape,Earth roads,Flood over 3cm. deep,Daylight,Raining,Vehicle Collision,2,1,Turning,Male,31-50,2,Driver,Normal,Not a Pedestrian,No distancing,Slight Injury
15:00:00,Sunday,18-30,Male,Employee,Below 1yr,Automobile,Owner,Other,Double carriageway (median),Tangent road with flat terrain,Y Shape,Asphalt roads,Flood over 3cm. deep,Daylight,Raining,Vehicle Collision,2,1,Moving forward,Female,18-30,3,Driver,Normal,Not a Pedestrian,Changing lane to the left,Slight Injury
01:00:00,Sunday,18-30,Male,Owner,2-5yr,Pick up upto 10 Quintal,Owner,Residential areas,Two-way (divided with broken lines road marking),Tangent road with flat terrain,Y Shape,Asphalt roads,Dry,Darkness - lights lit,Normal,Vehicle Collision,1,2,Moving forward,na,na,na,,,Not a Pedestrian,No priority to vehicle,Serious Injury
01:00:00,Sunday,18-30,Male,Employee,Above 10yr,Automobile,Owner,  Recreational areas,Undivided Two way,Tangent road with flat terrain,Y Shape,Asphalt roads,Dry,Darkness - lights lit,Normal,Vehicle Collision,1,2,Moving forward,Male,18-30,3,Driver,Normal,Not a Pedestrian,No distancing,Serious Injury
01:00:00,Sunday,18-30,Male,Employee,2-5yr,Stationwagen,Owner,Other,other,Tangent road with flat terrain,No junction,Asphalt roads,Dry,Darkness - lights unlit,Normal,Stationary Object Collision,2,1,Moving forward,na,na,na,,,Not a Pedestrian,No priority to pedestrian,Slight Injury
01:00:00,Sunday,31-50,Male,Employee,2-5yr,Automobile,Owner,Office areas,Undivided Two way,Tangent road with flat terrain,No junction,Asphalt roads,Dry,Darkness - lights unlit,Normal,Stationary Object Collision,2,1,Exiting,Male,31-50,3,Driver,Normal,Not a Pedestrian,No priority to pedestrian,Slight Injury
21:00:00,Sunday,Under 18,Male,Employee,2-5yr,Automobile,Owner,Other,Undivided Two way,Tangent road with flat terrain,No junction,Asphalt roads,Dry,Darkness - lights unlit,Normal,Stationary Object Collision,2,1,Moving forward,na,na,na,Other,Normal,Not a Pedestrian,No priority to vehicle,Slight Injury
21:00:00,Sunday,Under 18,Male,Employee,1-2yr,Automobile,Owner,Office areas,Undivided Two way,Tangent road with flat terrain,No junction,Asphalt roads,Dry,Darkness - lights unlit,Normal,Pedestrian Collision,2,1,Moving forward,Male,Under 18,3,Self-employed,Normal,Not a Pedestrian,Driving carelessly,Slight Injury
16:00:00,Wednesday,18-30,Male,Employee,5-10yr,Long lorry,Owner,Office areas,One way,Tangent road with flat terrain,No junction,Gravel roads,Dry,Daylight,Normal,Vehicle Collision,2,2,Moving forward,na,na,na,Driver,Normal,Not a Pedestrian,Changing lane to the right,Slight Injury
16:00:00,Wednesday,31-50,Male,Employee,2-5yr,Public (13 - 45 seats),Owner,Office areas,Undivided Two way,Tangent road with flat terrain,No junction,Asphalt roads,Dry,Daylight,Normal,Vehicle Collision,2,2,Moving forward,Male,31-50,2,,,Not a Pedestrian,Changing lane to the left,Slight Injury
16:00:00,Wednesday,31-50,Male,Employee,1-2yr,Public (13 - 45 seats),Owner,Other,Undivided Two way,Tangent road with flat terrain,No junction,Asphalt roads,Dry,Daylight,Normal,Pedestrian Collision,2,2,Moving forward,Male,18-30,3,Self-employed,Normal,Unknown or other,Moving Backward,Slight Injury
14:00:00,Tuesday,18-30,Male,Employee,1-2yr,Lorry (11 - 40 Quintal),Governmental,Other,Double carriageway (median),Tangent road with flat terrain,No junction,Asphalt roads,Dry,Daylight,Normal,Vehicle Collision,2,1,Moving forward,Female,18-30,3,,,Not a Pedestrian,Driving carelessly,Slight Injury
14:00:00,Tuesday,18-30,Male,Employee,No Licence,Lorry (11 - 40 Quintal),Owner,Office areas,Two-way (divided with solid lines road marking),Tangent road with flat terrain,No junction,Other,Dry,Daylight,Normal,Vehicle Collision,2,1,Moving forward,na,na,na,,,Not a Pedestrian,Driving to the left,Slight Injury
02:00:00,Friday,Unknown,Female,Owner,5-10yr,Pick up upto 10 Quintal,Owner,Residential areas,other,Tangent road with flat terrain,Y Shape,Asphalt roads,Dry,Darkness - lights lit,Unknown,Vehicle Collision,2,1,Moving forward,na,na,na,Driver,,Not a Pedestrian,Driving to the left,Slight Injury
02:00:00,Friday,Under 18,Male,Employee,1-2yr,Automobile,Governmental,  Recreational areas,Undivided Two way,Tangent road with flat terrain,Y Shape,Asphalt roads,Dry,Darkness - lights lit,Unknown,Vehicle Collision,2,1,Moving forward,Male,18-30,3,,,Unknown or other,No priority to pedestrian,Slight Injury
18:00:00,Saturday,31-50,Male,Employee,2-5yr,Automobile,Owner,Other,other,Tangent road with flat terrain,No junction,Asphalt roads,Dry,Daylight,Normal,Vehicle Collision,2,1,Moving forward,na,na,na,Unemployed,Normal,Not a Pedestrian,Changing lane to the left,Serious Injury
18:00:00,Saturday,Unknown,Male,Employee,5-10yr,Automobile,Owner,Residential areas,other,Tangent road with flat terrain,No junction,Asphalt roads,Dry,Daylight,Normal,Vehicle Collision,2,1,Moving backward,Male,18-30,2,Driver,Normal,Not a Pedestrian,Changing lane to the right,Serious Injury
19:00:00,Wednesday,31-50,Male,Employee,5-10yr,Long lorry,Owner,Other,other,Tangent road with flat terrain,Other,Asphalt roads,Dry,Daylight,Normal,Stationary Object Collision,2,1,Moving forward,Male,18-30,3,Driver,Normal,Not a Pedestrian,Driving carelessly,Slight Injury
19:00:00,Wednesday,Unknown,Male,Employee,5-10yr,Long lorry,Owner,Other,other,Tangent road with flat terrain,Other,Asphalt roads,Dry,Daylight,Normal,Pedestrian Collision,2,1,Turning,na,na,na,Driver,Normal,Not a Pedestrian,No distancing,Slight Injury
06:00:00,Wednesday,31-50,Male,Employee,2-5yr,Automobile,Owner,Other,One way,Tangent road with flat terrain,No junction,Asphalt roads,Dry,Daylight,Normal,Vehicle Collision,2,1,Moving forward,na,na,na,,,Not a Pedestrian,Getting off the vehicle improperly,Slight Injury
06:00:00,Wednesday,31-50,Male,Employee,Above 10yr,Stationwagen,Owner,Other,Two-way (divided with broken lines road marking),Tangent road with flat terrain,No junction,Asphalt roads,Dry,Daylight,Normal,Vehicle Collision,2,1,Moving forward,Male,31-50,3,Driver,Normal,Not a Pedestrian,Driving under the influence of drugs,Slight Injury
13:00:00,Monday,18-30,Male,Owner,Above 10yr,Automobile,Owner,Other,other,Tangent road with flat terrain,No junction,Asphalt roads,Dry,Daylight,Normal,Stationary Object Collision,2,2,Moving forward,Female,31-50,3,Driver,Normal,Not a Pedestrian,Changing lane to the right,Slight Injury
13:00:00,Monday,18-30,Male,Employee,5-10yr,Other,Owner,School areas,Undivided Two way,Tangent road with flat terrain,No junction,Asphalt roads,Dry,Daylight,Normal,Vehicle Collision,2,2,Moving forward,na,na,na,Self-employed,Normal,Not a Pedestrian,Driving carelessly,Slight Injury
13:00:00,Monday,18-30,Male,Owner,Above 10yr,Special vehicle,Owner,Office areas,Two-way (divided with broken lines road marking),Tangent road with flat terrain,No junction,Asphalt roads,Dry,Daylight,Normal,Vehicle Collision,2,2,Moving backward,Male,Over 51,3,Driver,Normal,Not a Pedestrian,Moving Backward,Slight Injury
14:00:00,Monday,Over 51,Male,Employee,5-10yr,Lorry (41 - 100 Quintal),Owner,Office areas,Two-way (divided with broken lines road marking),Tangent road with flat terrain,No junction,Asphalt roads,Dry,Daylight,Normal,Vehicle Collision,2,1,Moving forward,na,na,na,,,Not a Pedestrian,Turnover,Slight Injury
14:00:00,Monday,Over 51,Male,Owner,5-10yr,Pick up upto 10 Quintal,Owner,Office areas,Two-way (divided with broken lines road marking),Tangent road with flat terrain,No junction,Asphalt roads,Dry,Daylight,Normal,Vehicle Collision,2,1,Turning,Female,Under 18,3,Unknown,Normal,Not a Pedestrian,Changing lane to the right,Slight Injury