Time,Day,Age_band_of_driver,Sex_of_driver,Vehicle_driver_relation,Driving_experience,Type_of_vehicle,Owner_of_vehicle,Area_accident_occured,Lanes_or_Medians,Road_allignment,Types_of_Junction,Road_surface_type,Road_surface_conditions,Light_conditions,Weather_conditions,Type_of_collision,Number_of_vehicles_involved,Number_of_casualties,Vehicle_movement,Sex_of_casualty,Age_band_of_casualty,Casualty_severity,Work_of_casuality,Fitness_of_casuality,Pedestrian_movement,Cause_of_accident,Accident_severity
20:00:00,Monday,Under 18,Male,Employee,2-5yr,Stationwagen,Owner,School areas,Two-way (divided with broken lines road marking),Tangent road with flat terrain,Y Shape,Asphalt roads,Dry,Darkness - lights lit,Normal,Vehicle Collision,2,1,Moving forward,na,na,na,Driver,Normal,Not a Pedestrian,Changing lane to the left,Slight Injury
20:00:00,Monday,Under 18,Male,Employee,5-10yr,Automobile,Owner,Office areas,Undivided Two way,Tangent road with flat terrain,Y Shape,Gravel roads,Dry,Darkness - lights lit,Normal,Vehicle Collision,2,1,Moving forward,na,na,na,,Normal,Not a Pedestrian,Getting off the vehicle improperly,Slight Injury
09:00:00,Wednesday,31-50,Male,Employee,5-10yr,Lorry (41 - 100 Quintal),Owner,Other,,Tangent road with flat terrain,Crossing,Asphalt roads,Dry,Daylight,Normal,Stationary Object Collision,2,1,Moving forward,Male,Under 18,3,Driver,Normal,Not a Pedestrian,Overtaking,Serious Injury
09:00:00,Wednesday,18-30,Male,Employee,Above 10yr,Special vehicle,Owner,Residential areas,Undivided Two way,Tangent road with flat terrain,Crossing,Asphalt roads,Dry,Daylight,Normal,Vehicle Collision,2,1,Moving forward,na,na,na,Driver,Normal,Not a Pedestrian,Changing lane to the left,Serious Injury
12:00:00,Wednesday,Over 51,Male,Employee,5-10yr,Lorry (41 - 100 Quintal),Owner,Other,Undivided Two way,Tangent road with flat terrain,No junction,Asphalt roads,Dry,Daylight,Normal,Vehicle Collision,2,1,Other,Male,31-50,3,Self-employed,Normal,Not a Pedestrian,Driving under the influence of drugs,Slight Injury
12:00:00,Wednesday,Over 51,Male,Employee,5-10yr,Lorry (41 - 100 Quintal),Owner,Other,other,Steep grade downward with mountainous terrain,No junction,Asphalt roads,Dry,Daylight,Normal,Vehicle Collision,2,1,Moving forward,Male,18-30,3,Driver,Normal,Not a Pedestrian,Driving carelessly,Slight Injury
14:00:00,Monday,Unknown,Male,Employee,Above 10yr,Public (> 45 seats),Owner,Office areas,One way,Steep grade downward with mountainous terrain,No junction,Asphalt roads,Wet or damp,Daylight,Raining,Vehicle Collision,2,1,Moving backward,Female,Under 18,3,Driver,Normal,Not a Pedestrian,Moving Backward,Slight Injury
14:00:00,Monday,31-50,Male,Owner,5-10yr,Automobile,Owner,Residential areas,Two-way (divided with broken lines road marking),Tangent road with flat terrain,No junction,Asphalt roads,Wet or damp,Daylight,Raining,Vehicle Collision,2,1,Moving backward,na,na,na,Self-employed,Normal,Not a Pedestrian,No distancing,Slight Injury
09:00:00,Tuesday,Unknown,Male,Owner,5-10yr,Automobile,Owner,Other,Two-way (divided with broken lines road marking),Tangent road with flat terrain,No junction,Asphalt roads,Dry,Daylight,Normal,Vehicle Collision,2,1,Moving backward,Male,31-50,3,,,Not a Pedestrian,No priority to vehicle,Slight Injury
09:00:00,Tuesday,31-50,Male,Employee,5-10yr,Automobile,Organization,Residential areas,Undivided Two way,Tangent road with flat terrain,No junction,Asphalt roads,Dry,Daylight,Normal,Pedestrian Collision,2,1,Moving forward,na,na,na,Driver,Normal,Not a Pedestrian,Overturning,Slight Injury
14:00:00,Thursday,18-30,Male,Employee,Below 1yr,Public (> 45 seats),Owner, Church areas,Two-way (divided with broken lines road marking),Tangent road with flat terrain,No junction,Asphalt roads,Wet or damp,Daylight,Raining,Vehicle Collision,2,2,Moving forward,Female,Under 18,3,Other,Normal,Not a Pedestrian,Changing lane to the left,Slight Injury
14:00:00,Thursday,18-30,Male,Employee,5-10yr,Lorry (11 - 40 Quintal),Governmental,Residential areas,Two-way (divided with broken lines road marking),Tangent road with flat terrain,No junction,Asphalt roads,Wet or damp,Daylight,Raining,Stationary Object Collision,2,2,Moving forward,na,na,na,Driver,Normal,Not a Pedestrian,No distancing,Slight Injury
17:00:00,Sunday,18-30,Male,Employee,5-10yr,Pick up upto 10 Quintal,Owner,Office areas,One way,Tangent road with flat terrain,Other,Asphalt roads,Dry,Daylight,Normal,Vehicle Collision,2,1,Moving forward,Female,18-30,2,Self-employed,Normal,Unknown or other,Moving Backward,Slight Injury
17:00:00,Sunday,18-30,Male,Employee,5-10yr,Lorry (11 - 40 Quintal),Governmental,Residential areas,Two-way (divided with broken lines road marking),Tangent road with flat terrain,Other,Asphalt roads,Dry,Daylight,Normal,Vehicle Collision,2,1,Other,Male,18-30,2,Driver,Normal,Not a Pedestrian,No priority to vehicle,Slight Injury
20:00:00,Saturday,18-30,Male,Employee,Above 10yr,Pick up upto 10 Quintal,Owner,Other,One way,Tangent road with flat terrain,No junction,Asphalt roads,Dry,Darkness - lights lit,Normal,Vehicle Collision,1,1,Moving forward,na,na,na,Driver,Normal,Not a Pedestrian,No priority to vehicle,Slight Injury
17:00:00,Wednesday,31-50,Male,Employee,Above 10yr,Special vehicle,Owner, Industrial areas,Two-way (divided with broken lines road marking),Tangent road with flat terrain,Other,Asphalt roads,Dry,Darkness - lights lit,Normal,Vehicle Collision,2,1,Moving forward,Male,18-30,3,,,Unknown or other,No distancing,Slight Injury
17:00:00,Wednesday,31-50,Male,Employee,Above 10yr,Lorry (11 - 40 Quintal),Owner, Church areas,Two-way (divided with broken lines road marking),Tangent road with flat terrain,Other,Asphalt roads,Dry,Darkness - lights lit,Normal,Vehicle Collision,2,1,Moving forward,Female,Over 51,3,Driver,Normal,Crossing from nearside - masked by parked or statioNot a Pedestrianry vehicle,No distancing,Slight Injury
15:00:00,Monday,Unknown,Male,Employee,Above 10yr,Automobile,Owner,Residential areas,Undivided Two way,Steep grade downward with mountainous terrain,Crossing,Asphalt roads,Dry,Daylight,Normal,Vehicle Collision,3,1,Moving backward,Male,18-30,3,Driver,Normal,Not a Pedestrian,Overtaking,Serious Injury
15:00:00,Monday,18-30,Male,Employee,Above 10yr,Automobile,Owner,Other,Two-way (divided with broken lines road marking),Tangent road with flat terrain,Crossing,Asphalt roads,Dry,Daylight,Normal,Vehicle Collision,3,1,Moving backward,na,na,na,,,Not a Pedestrian,Driving under the influence of drugs,Serious Injury
15:00:00,Monday,31-50,Male,Employee,Above 10yr,Lorry (41 - 100 Quintal),Owner,Other,Two-way (divided with broken lines road marking),Tangent road with flat terrain,Crossing,Gravel roads,Dry,Daylight,Normal,Vehicle Collision,3,1,Moving forward,Male,18-30,3,,,Not a Pedestrian,Changing lane to the right,Serious Injury
08:00:00,Wednesday,Unknown,Male,Employee,5-10yr,Other,Owner,Office areas,Undivided Two way,Tangent road with flat terrain,No junction,Asphalt roads,Dry,Daylight,Normal,Vehicle Collision,1,1,Moving forward,na,na,na,Driver,Normal,Not a Pedestrian,Changing lane to the left,Slight Injury
16:00:00,Saturday,Over 51,Male,Employee,2-5yr,Other,Owner, Outside rural areas,Two-way (divided with broken lines road marking),Tangent road with mountainous terrain and,No junction,Gravel roads,Wet or damp,Darkness - lights lit,Other,Stationary Object Collision,1,1,Moving backward,Female,18-30,3,Driver,Normal,Not a Pedestrian,Driving carelessly,Serious Injury
21:00:00,Monday,Under 18,Male,Employee,Below 1yr,Automobile,Owner, Church areas,Two-way (divided with broken lines road marking),Steep grade downward with mountainous terrain,No junction,Asphalt roads,Dry,Darkness - lights lit,Normal,Vehicle Collision,2,2,Moving forward,na,na,na,,,Not a Pedestrian,Moving Backward,Slight Injury
21:00:00,Monday,Under 18,Male,Employee,Below 1yr,Other,Owner,Office areas,other,Tangent road with mountainous terrain and,No junction,Asphalt roads,Dry,Darkness - lights lit,Normal,Stationary Object Collision,2,2,Moving backward,Male,31-50,3,,,Not a Pedestrian,Moving Backward,Slight Injury
21:00:00,Monday,Unknown,Male,Employee,2-5yr,Automobile,Owner, Church areas,Two-way (divided with broken lines road marking),Steep grade downward with mountainous terrain,No junction,Asphalt roads,Dry,Darkness - lights lit,Normal,Vehicle Collision,2,2,Other,na,na,na,Driver,Normal,Not a Pedestrian,Changing lane to the right,Slight Injury
09:00:00,Tuesday,31-50,Male,Employee,Below 1yr,Public (13 - 45 seats),Owner,Office areas,other,Tangent road with mountainous terrain and,No junction,Asphalt roads,Dry,Daylight,Normal,Vehicle Collision,2,1,Moving forward,na,na,na,Driver,Normal,Not a Pedestrian,No priority to vehicle,Slight Injury
09:00:00,Tuesday,Unknown,Male,Employee,Below 1yr,Lorry (41 - 100 Quintal),Governmental,Office areas,Undivided Two way,Tangent road with flat terrain,No junction,Asphalt roads,Dry,Daylight,Normal,Vehicle Collision,2,1,Moving forward,Male,5,3,,,Not a Pedestrian,Driving at high speed,Slight Injury
20:00:00,Saturday,31-50,Male,Employee,5-10yr,Automobile,Owner,School areas,Two-way (divided with broken lines road marking),Tangent road with flat terrain,Y Shape,Asphalt roads,Wet or damp,Daylight,Normal,Pedestrian Collision,2,1,Moving forward,Male,Under 18,3,,,Not a Pedestrian,Driving under the influence of drugs,Slight Injury
20:00:00,Saturday,31-50,Male,Employee,5-10yr,Automobile,Owner,Residential areas,Two-way (divided with broken lines road marking),Tangent road with flat terrain,Y Shape,Asphalt roads,Wet or damp,Daylight,Normal,Vehicle Collision,2,1,Moving forward,Female,Over 51,3,Driver,Normal,Not a Pedestrian,Changing lane to the right,Slight Injury
18:00:00,Tuesday,Unknown,Female,Employee,Below 1yr,Automobile,Owner,Office areas,other,Tangent road with mountainous terrain and,Crossing,Asphalt roads,Wet or damp,Darkness - lights lit,Cloudy,Vehicle Collision,2,1,Moving forward,na,na,na,Driver,Normal,Not a Pedestrian,Driving carelessly,Slight Injury
18:00:00,Tuesday,Under 18,Male,Employee,Below 1yr,Lorry (41 - 100 Quintal),Owner,Rural village areasOffice areas,other,Tangent road with flat terrain,Crossing,Asphalt roads,Wet or damp,Darkness - lights lit,Cloudy,Vehicle Collision,2,1,Moving forward,na,na,na,,,Not a Pedestrian,No distancing,Slight Injury
13:00:00,Friday,31-50,Male,Employee,1-2yr,Automobile,Owner,Other,Two-way (divided with broken lines road marking),Tangent road with flat terrain,Crossing,Asphalt roads,Wet or damp,Daylight,Normal,Pedestrian Collision,2,1,Moving forward,na,na,na,Driver,,Not a Pedestrian,Changing lane to the left,Slight Injury
13:00:00,Friday,18-30,Male,Employee,Above 10yr,Lorry (41 - 100 Quintal),Owner,Residential areas,Undivided Two way,Tangent road with flat terrain,Crossing,Asphalt roads,Wet or damp,Daylight,Normal,Stationary Object Collision,2,1,Moving forward,Female,31-50,3,Driver,Normal,Not a Pedestrian,No distancing,Slight Injury
17:00:00,Tuesday,31-50,Male,Employee,Above 10yr,Taxi,Owner,Office areas,Undivided Two way,Tangent road with flat terrain,Y Shape,Asphalt roads,Wet or damp,Darkness - lights lit,Normal,Vehicle Collision,4,1,Moving forward,Female,18-30,3,Driver,Normal,Not a Pedestrian,No distancing,Slight Injury
17:00:00,Tuesday,18-30,Male,Employee,Below 1yr,Lorry (41 - 100 Quintal),Owner,Office areas,Undivided Two way,Tangent road with flat terrain,Y Shape,Asphalt roads,Wet or damp,Darkness - lights lit,Normal,Vehicle Collision,4,1,Moving forward,Female,31-50,3,Driver,Normal,Not a Pedestrian,Getting off the vehicle improperly,Slight Injury
17:00:00,Tuesday,31-50,Male,Employee,2-5yr,Lorry (41 - 100 Quintal),Owner,Residential areas,Undivided Two way,Tangent road with flat terrain,Y Shape,Asphalt roads,Wet or damp,Darkness - lights lit,Normal,Vehicle Collision,4,1,Moving forward,na,na,na,Driver,Normal,Not a Pedestrian,Overtaking,Slight Injury
17:00:00,Tuesday,31-50,Male,Employee,2-5yr,Other,Owner,Office areas,Undivided Two way,Tangent road with flat terrain,Y Shape,Asphalt roads,Wet or damp,Darkness - lights lit,Normal,Vehicle Collision,4,1,Moving forward,Male,31-50,3,,,Not a Pedestrian,Driving carelessly,Slight Injury
17:00:00,Tuesday,Over 51,Male,Employee,Above 10yr,Stationwagen,Owner,Office areas,Undivided Two way,Tangent road with flat terrain,No junction,Asphalt roads,Dry,Darkness - lights lit,Normal,Vehicle Collision,2,1,Moving forward,na,na,na,Driver,,Not a Pedestrian,Driving under the influence of drugs,Fatal injury
17:00:00,Tuesday,18-30,Male,Employee,2-5yr,Stationwagen,Owner,Office areas,,Tangent road with flat terrain,No junction,Asphalt roads,Dry,Darkness - lights lit,Normal,Vehicle Collision,2,1,Moving forward,Female,Over 51,3,Driver,Normal,Unknown or other,Moving Backward,Fatal injury
07:00:00,Wednesday,Under 18,Male,Employee,2-5yr,Lorry (41 - 100 Quintal),Owner,Office areas,Two-way (divided with broken lines road marking),Tangent road with flat terrain,Other,Asphalt roads,Wet or damp,Daylight,Normal,Vehicle Collision,2,1,Moving forward,na,na,na,Self-employed,Normal,Not a Pedestrian,Overturning,Slight Injury
07:00:00,Wednesday,18-30,Male,Employee,1-2yr,Lorry (41 - 100 Quintal),Owner,Other,Undivided Two way,Tangent road with flat terrain,Other,Asphalt roads,Wet or damp,Daylight,Normal,Stationary Object Collision,2,1,Moving forward,Male,Under 18,3,Employee,Normal,Not a Pedestrian,Driving under the influence of drugs,Slight Injury
12:00:00,Wednesday,18-30,Male,Employee,5-10yr,Other,Owner,Other,Two-way (divided with broken lines road marking),Tangent road with flat terrain,No junction,Asphalt roads,Dry,Daylight,Normal,Stationary Object Collision,1,1,Moving backward,Female,Over 51,3,Driver,Normal,Not a Pedestrian,Changing lane to the right,Serious Injury
17:00:00,Wednesday,31-50,Male,Employee,Below 1yr,Automobile,Owner,Other,Two-way (divided with broken lines road marking),Tangent road with flat terrain,Y Shape,Asphalt roads,Wet or damp,Daylight,Other,Vehicle Collision,2,1,Moving forward,na,na,na,Other,Normal,Not a Pedestrian,Changing lane to the left,Serious Injury
17:00:00,Wednesday,Unknown,Male,Employee,Below 1yr,Automobile,Owner,Residential areas,One way,Tangent road with flat terrain,Y Shape,Asphalt roads,Wet or damp,Daylight,Other,Vehicle Collision,2,1,Moving forward,Male,18-30,3,Self-employed,Normal,Not a Pedestrian,No distancing,Serious Injury
10:00:00,Sunday,31-50,Male,Employee,5-10yr,Taxi,Owner,School areas,Undivided Two way,Tangent road with mild grade and flat terrain,Other,Asphalt roads,Dry,Daylight,Normal,Vehicle Collision,2,1,Moving forward,Male,Over 51,3,Self-employed,Normal,Not a Pedestrian,No distancing,Serious Injury
10:00:00,Sunday,18-30,Male,Employee,Below 1yr,Lorry (41 - 100 Quintal),Owner,Residential areas,Undivided Two way,Tangent road with mild grade and flat terrain,Other,Asphalt roads,Dry,Daylight,Normal,Vehicle Collision,2,1,Moving forward,Male,Over 51,3,Employee,Normal,Not a Pedestrian,No priority to vehicle,Serious Injury
07:00:00,Monday,Unknown,Female,Employee,1-2yr,Other,Owner,Office areas,Two-way (divided with broken lines road marking),Tangent road with flat terrain,No junction,Asphalt roads,Dry,Daylight,Other,Vehicle Collision,2,1,Turning,na,na,na,Self-employed,Normal,Not a Pedestrian,Moving Backward,Slight Injury
07:00:00,Monday,18-30,Male,Employee,2-5yr,Automobile,Owner, Church areas,One way,Tangent road with flat terrain,No junction,Asphalt roads,Dry,Daylight,Other,Self-accident,2,1,Moving forward,Male,18-30,3,,,Not a Pedestrian,Moving Backward,Slight Injury
08:00:00,Wednesday,Unknown,Female,Employee,1-2yr,Public (> 45 seats),Owner,Other,Undivided Two way,Tangent road with flat terrain,No junction,Asphalt roads,Dry,Daylight,Normal,Vehicle Collision,1,1,Moving forward,Female,5,3,Driver,Normal,Not a Pedestrian,Getting off the vehicle improperly,Slight Injury
07:00:00,Thursday,18-30,Male,Employee,5-10yr,Stationwagen,Owner,Other,One way,Tangent road with flat terrain,Crossing,Asphalt roads,Dry,Daylight,Normal,Stationary Object Collision,1,1,Moving forward,na,na,na,Driver,Normal,Not a Pedestrian,Changing lane to the left,Slight Injury
15:00:00,Wednesday,18-30,Male,Employee,Below 1yr,Automobile,Owner,Other,Two-way (divided with broken lines road marking),Tangent road with flat terrain,Y Shape,Asphalt roads,Dry,Daylight,Normal,Pedestrian Collision,2,3,Moving forward,na,na,na,Driver,Normal,Not a Pedestrian,Changing lane to the left,Slight Injury
15:00:00,Wednesday,31-50,Male,Employee,Above 10yr,Lorry (41 - 100 Quintal),Owner,Other,Two-way (divided with broken lines road marking),Tangent road with flat terrain,Y Shape,Asphalt roads,Dry,Daylight,Normal,Vehicle Collision,2,3,Moving forward,Male,18-30,3,Driver,Normal,Not a Pedestrian,No priority to vehicle,Slight Injury
15:00:00,Wednesday,31-50,Male,Owner,5-10yr,Other,Owner,Office areas,Undivided Two way,Tangent road with flat terrain,Y Shape,Asphalt roads,Dry,Daylight,Normal,Vehicle Collision,2,3,Moving forward,Female,18-30,3,,,Crossing from driver's nearside,Changing lane to the right,Slight Injury
15:00:00,Wednesday,31-50,Male,Employee,Below 1yr,Public (13 - 45 seats),Owner,Office areas,Two-way (divided with solid lines road marking),Tangent road with flat terrain,Y Shape,Asphalt roads,Dry,Daylight,Normal,Vehicle Collision,2,3,Moving forward,na,na,na,Driver,Normal,Not a Pedestrian,Changing lane to the right,Slight Injury
17:00:00,Tuesday,Unknown,Male,Employee,5-10yr,Other,Owner,Residential areas,Undivided Two way,Tangent road with flat terrain,No junction,Asphalt roads,Wet or damp,Darkness - lights lit,Normal,Vehicle Collision,2,1,Moving forward,Male,18-30,3,,,Not a Pedestrian,Driving carelessly,Slight Injury
17:00:00,Tuesday,18-30,Male,Owner,5-10yr,Other,Owner,Office areas,One way,Tangent road with flat terrain,No junction,Asphalt roads,Wet or damp,Darkness - lights lit,Normal,Vehicle Collision,2,1,Moving forward,na,na,na,Driver,Normal,Not a Pedestrian,Changing lane to the left,Slight Injury
17:00:00,Sunday,31-50,Male,Employee,2-5yr,Ridden horse,Owner,Residential areas,Two-way (divided with broken lines road marking),Tangent road with flat terrain,Y Shape,Asphalt roads,Dry,Darkness - lights lit,Normal,Vehicle Collision,1,1,Turning,Male,31-50,3,Self-employed,Normal,Not a Pedestrian,Changing lane to the right,Serious Injury
11:00:00,Saturday,18-30,Male,Employee,Above 10yr,Lorry (41 - 100 Quintal),Owner,Office areas,Undivided Two way,Tangent road with flat terrain,Crossing,Asphalt roads,Wet or damp,Daylight,Raining,Vehicle Collision,2,3,Moving forward,na,na,na,Driver,Normal,Not a Pedestrian,Driving under the influence of drugs,Slight Injury
11:00:00,Saturday,18-30,Male,Employee,5-10yr,Lorry (41 - 100 Quintal),Owner,Other,Two-way (divided with broken lines road marking),Tangent road with flat terrain,Crossing,Asphalt roads,Wet or damp,Daylight,Raining,Stationary Object Collision,2,3,Moving backward,Male,18-30,3,Driver,Normal,Not a Pedestrian,Driving carelessly,Slight Injury
11:00:00,Saturday,31-50,Male,Employee,1-2yr,Pick up upto 10 Quintal,Owner,Office areas,One way,Tangent road with flat terrain,Crossing,Asphalt roads,Wet or damp,Daylight,Raining,Self-accident,2,3,Other,Male,Over 51,3,Self-employed,Normal,Crossing from nearside - masked by parked or statioNot a Pedestrianry vehicle,No distancing,Slight Injury
18:00:00,Tuesday,Unknown,Male,Employee,Above 10yr,Lorry (11 - 40 Quintal),Owner,School areas,Undivided Two way,Tangent road with flat terrain,T Shape,Asphalt roads,Dry,Darkness - lights lit,Normal,Vehicle Collision,2,5,Moving forward,Male,Over 51,3,Driver,Normal,Not a Pedestrian,No priority to vehicle,Slight Injury
18:00:00,Tuesday,Under 18,Male,Owner,2-5yr,Automobile,Owner,Residential areas,One way,Tangent road with flat terrain,T Shape,Asphalt roads,Dry,Darkness - lights lit,Normal,Pedestrian Collision,2,5,Moving forward,Female,Over 51,3,Driver,Normal,Not a Pedestrian,No priority to vehicle,Slight Injury
18:00:00,Tuesday,Under 18,Male,Employee,5-10yr,Automobile,Owner,Office areas,Undivided Two way,Tangent road with flat terrain,T Shape,Asphalt roads,Dry,Darkness - lights lit,Normal,Vehicle Collision,2,5,Turning,na,na,na,Self-employed,Normal,Not a Pedestrian,No priority to vehicle,Slight Injury
18:00:00,Tuesday,Under 18,Male,Employee,Below 1yr,Pick up upto 10 Quintal,Owner,Residential areas,Undivided Two way,Tangent road with flat terrain,T Shape,Asphalt roads,Dry,Darkness - lights lit,Normal,Vehicle Collision,2,5,Other,Female,5,2,,,Not a Pedestrian,Changing lane to the left,Slight Injury
18:00:00,Tuesday,Under 18,Male,Employee,5-10yr,Automobile,Owner,Office areas,Undivided Two way,Tangent road with flat terrain,T Shape,Asphalt roads,Dry,Darkness - lights lit,Normal,Pedestrian Collision,2,5,Moving forward,Male,Over 51,3,Self-employed,Normal,Not a Pedestrian,Moving Backward,Slight Injury
18:00:00,Tuesday,Under 18,Male,Employee,Above 10yr,Other,Owner,Residential areas,One way,Tangent road with flat terrain,T Shape,Asphalt roads,Dry,Darkness - lights lit,Normal,Pedestrian Collision,2,5,Moving forward,na,na,na,Self-employed,Normal,Not a Pedestrian,Driving carelessly,Slight Injury
15:00:00,Friday,Unknown,Male,Employee,5-10yr,Lorry (41 - 100 Quintal),Owner,Other,other,Tangent road with flat terrain,Other,Asphalt roads,Dry,Daylight,Normal,Vehicle Collision,2,1,Other,na,na,na,Self-employed,Normal,Not a Pedestrian,Driving under the influence of drugs,Slight Injury
15:00:00,Friday,18-30,Male,Employee,1-2yr,Public (13 - 45 seats),Other,Other,Two-way (divided with broken lines road marking),Tangent road with flat terrain,Other,Asphalt roads,Dry,Daylight,Normal,Vehicle Collision,2,1,Moving forward,Male,31-50,3,Driver,Normal,Not a Pedestrian,Changing lane to the right,Slight Injury
18:00:00,Thursday,Unknown,Male,Employee,5-10yr,Pick up upto 10 Quintal,Owner,Office areas,Two-way (divided with broken lines road marking),Tangent road with flat terrain,Y Shape,Asphalt roads,Dry,Darkness - lights lit,Normal,Vehicle Collision,2,2,Turning,Female,Over 51,3,,,Crossing from nearside - masked by parked or statioNot a Pedestrianry vehicle,No priority to vehicle,Slight Injury
18:00:00,Thursday,31-50,Male,Employee,1-2yr,Stationwagen,Owner,Office areas,Two-way (divided with broken lines road marking),Tangent road with flat terrain,Y Shape,Asphalt roads,Dry,Darkness - lights lit,Normal,Vehicle Collision,2,2,Moving forward,Male,Under 18,3,Student,Normal,Not a Pedestrian,Changing lane to the right,Slight Injury
18:00:00,Thursday,31-50,Male,Employee,Above 10yr,Other,Owner,Residential areas,Two-way (divided with broken lines road marking),Tangent road with flat terrain,Y Shape,Asphalt roads,Dry,Darkness - lights lit,Normal,Vehicle Collision,2,2,Turning,Male,18-30,3,Driver,Normal,Not a Pedestrian,Driving to the left,Slight Injury
13:00:00,Wednesday,Unknown,Male,Employee,1-2yr,Pick up upto 10 Quintal,Owner,Other,Two-way (divided with broken lines road marking),Tangent road with flat terrain,Y Shape,Asphalt roads,Dry,Daylight,Normal,Stationary Object Collision,2,2,Moving forward,Male,18-30,3,,,Crossing from offside - masked by  parked or statioNot a Pedestrianry vehicle,Moving Backward,Serious Injury
13:00:00,Wednesday,Under 18,Male,Employee,5-10yr,Public (13 - 45 seats),Governmental,Other,Undivided Two way,Tangent road with flat terrain,Y Shape,Asphalt roads,Dry,Daylight,Normal,Vehicle Collision,2,2,Moving backward,Male,31-50,3,Self-employed,Normal,Not a Pedestrian,No priority to vehicle,Serious Injury
13:00:00,Wednesday,Under 18,Male,Employee,2-5yr,Public (12 seats),Owner,Office areas,Two-way (divided with broken lines road marking),Tangent road with flat terrain,Y Shape,Asphalt roads,Dry,Daylight,Normal,Vehicle Collision,2,2,Moving forward,na,na,na,Self-employed,Normal,Not a Pedestrian,No distancing,Serious Injury
18:00:00,Tuesday,Unknown,Male,Employee,5-10yr,Lorry (41 - 100 Quintal),Owner,Office areas,Two-way (divided with broken lines road marking),Tangent road with flat terrain,No junction,Asphalt roads,Dry,Darkness - lights lit,Normal,Vehicle Collision,2,1,Moving forward,Male,31-50,3,Driver,Normal,Not a Pedestrian,Driving carelessly,Slight Injury
18:00:00,Tuesday,18-30,Male,Employee,2-5yr,Pick up upto 10 Quintal,Owner, Church areas,Undivided Two way,Tangent road with flat terrain,No junction,Asphalt roads,Dry,Darkness - lights lit,Normal,Vehicle Collision,2,1,Moving forward,na,na,na,,Normal,Not a Pedestrian,Changing lane to the left,Slight Injury
15:00:00,Friday,31-50,Male,Employee,2-5yr,Lorry (41 - 100 Quintal),Governmental,Other,One way,Tangent road with flat terrain,No junction,Asphalt roads,Dry,Daylight,Normal,Vehicle Collision,2,2,Moving backward,Male,18-30,3,,,Not a Pedestrian,No priority to vehicle,Slight Injury
15:00:00,Friday,18-30,Male,Employee,Above 10yr,Pick up upto 10 Quintal,Owner,Office areas,Undivided Two way,Tangent road with flat terrain,No junction,Asphalt roads,Dry,Daylight,Normal,Vehicle Collision,2,2,Moving backward,na,na,na,Self-employed,Normal,Not a Pedestrian,No priority to vehicle,Slight Injury
14:00:00,Tuesday,Unknown,Male,Employee,1-2yr,Long lorry,Owner,Office areas,Two-way (divided with broken lines road marking),Tangent road with flat terrain,Y Shape,Asphalt roads,Wet or damp,Daylight,Other,Vehicle Collision,2,1,Moving backward,Male,31-50,3,Driver,Normal,Not a Pedestrian,No distancing,Slight Injury
14:00:00,Tuesday,18-30,Male,Owner,1-2yr,Automobile,Owner,Residential areas,Two-way (divided with broken lines road marking),Tangent road with flat terrain,Y Shape,Asphalt roads,Wet or damp,Daylight,Other,Vehicle Collision,2,1,Moving forward,Male,18-30,3,,Normal,Not a Pedestrian,Driving to the left,Slight Injury
22:00:00,Monday,Unknown,Male,Employee,No Licence,Other,Owner,Other,Undivided Two way,Tangent road with flat terrain,Crossing,Asphalt roads,Snow,Darkness - lights lit,Snow,Vehicle Collision,2,2,Moving forward,na,na,na,,Normal,Not a Pedestrian,Driving carelessly,Serious Injury
22:00:00,Monday,31-50,Male,Employee,1-2yr,Automobile,Owner,Residential areas,Two-way (divided with broken lines road marking),Tangent road with flat terrain,Crossing,Asphalt roads,Snow,Darkness - lights lit,Snow,Vehicle Collision,2,2,Moving forward,na,na,na,Self-employed,Normal,Not a Pedestrian,Driving carelessly,Serious Injury
22:00:00,Monday,31-50,Male,Employee,5-10yr,Public (13 - 45 seats),Governmental,Office areas,Two-way (divided with broken lines road marking),Tangent road with flat terrain,Crossing,Asphalt roads,Snow,Darkness - lights lit,Snow,Vehicle Collision,2,2,Moving forward,Male,18-30,3,Self-employed,Normal,Not a Pedestrian,Changing lane to the right,Serious Injury
17:00:00,Tuesday,Unknown,Female,Employee,Above 10yr,Special vehicle,Owner,Office areas,Undivided Two way,Tangent road with flat terrain,Y Shape,Asphalt roads,Dry,Darkness - lights lit,Normal,Vehicle Collision,2,1,Moving backward,Male,31-50,3,,Normal,Not a Pedestrian,Driving carelessly,Slight Injury
17:00:00,Tuesday,31-50,Male,Employee,Above 10yr,Lorry (41 - 100 Quintal),Owner,Other,Undivided Two way,Tangent road with flat terrain,Y Shape,Asphalt roads,Dry,Darkness - lights lit,Normal,Vehicle Collision,2,1,Moving forward,na,na,na,Driver,Normal,Not a Pedestrian,Changing lane to the left,Slight Injury
09:00:00,Wednesday,Under 18,Male,Owner,5-10yr,Lorry (41 - 100 Quintal),Owner,Other,other,Steep grade downward with mountainous terrain,No junction,Asphalt roads,Wet or damp,Daylight,Normal,Vehicle Collision,2,1,Moving backward,Male,31-50,3,Other,Normal,Not a Pedestrian,Driving carelessly,Slight Injury