Time,Day,Age_band_of_driver,Sex_of_driver,Vehicle_driver_relation,Driving_experience,Type_of_vehicle,Owner_of_vehicle,Area_accident_occured,Lanes_or_Medians,Road_allignment,Types_of_Junction,Road_surface_type,Road_surface_conditions,Light_conditions,Weather_conditions,Type_of_collision,Number_of_vehicles_involved,Number_of_casualties,Vehicle_movement,Sex_of_casualty,Age_band_of_casualty,Casualty_severity,Work_of_casuality,Fitness_of_casuality,Pedestrian_movement,Cause_of_accident,Accident_severity
16:00:00,Monday,18-30,Male,Other,5-10yr,Automobile,Owner,Residential areas,Undivided Two way,Tangent road with flat terrain,No junction,Asphalt roads,Wet or damp,Daylight,Normal,Vehicle Collision,2,3,Moving forward,Male,Under 18,3,,,Not a Pedestrian,Changing lane to the right,Serious Injury
16:00:00,Monday,18-30,Male,Employee,5-10yr,Automobile,Owner,Other,Two-way (divided with broken lines road marking),Tangent road with flat terrain,No junction,Asphalt roads,Wet or damp,Daylight,Normal,Vehicle Collision,2,3,Turning,na,na,na,Student,Normal,Not a Pedestrian,No distancing,Serious Injury
16:00:00,Monday,31-50,Male,Owner,5-10yr,Lorry (11 - 40 Quintal),Owner,Office areas,Double carriageway (median),Tangent road with flat terrain,No junction,Asphalt roads,Wet or damp,Daylight,Normal,Stationary Object Collision,2,3,Moving forward,na,na,na,,,Not a Pedestrian,No distancing,Serious Injury
17:00:00,Thursday,31-50,Male,Employee,Above 10yr,Lorry (41 - 100 Quintal),Owner,Office areas,Undivided Two way,Tangent road with mountainous terrain and,Y Shape,Asphalt roads,Dry,Daylight,Normal,Vehicle Collision,1,1,Moving forward,Male,18-30,3,,,Not a Pedestrian,Overturning,Serious Injury
06:00:00,Friday,31-50,Male,Employee,Below 1yr,Pick up upto 10 Quintal,Owner,Office areas,other,Tangent road with flat terrain,No junction,Asphalt roads,Wet or damp,Darkness - lights lit,Normal,Vehicle Collision,3,1,Moving forward,Male,31-50,3,,Normal,Not a Pedestrian,Driving at high speed,Slight Injury
06:00:00,Friday,Over 51,Male,Other,Below 1yr,Lorry (11 - 40 Quintal),Owner,Other,Two-way (divided with broken lines road marking),Tangent road with mild grade and flat terrain,No junction,Earth roads,Wet or damp,Darkness - lights lit,Normal,Vehicle Collision,3,1,Moving forward,Female,18-30,3,Driver,Normal,Not a Pedestrian,No priority to vehicle,Slight Injury
06:00:00,Friday,31-50,Male,Employee,Above 10yr,Stationwagen,Owner, Church areas,Undivided Two way,Tangent road with flat terrain,No junction,Asphalt roads,Wet or damp,Darkness - lights lit,Normal,Stationary Object Collision,3,1,Moving forward,na,na,na,Driver,Normal,Not a Pedestrian,No priority to pedestrian,Slight Injury
06:00:00,Friday,18-30,Male,Owner,5-10yr,Other,Owner, Industrial areas,Undivided Two way,Tangent road with flat terrain,No junction,Asphalt roads,Wet or damp,Darkness - lights lit,Normal,Stationary Object Collision,3,1,Moving forward,Male,31-50,3,,,Not a Pedestrian,No priority to vehicle,Slight Injury
06:00:00,Friday,31-50,Male,Owner,5-10yr,Other,Owner,Office areas,Double carriageway (median),Tangent road with flat terrain,No junction,Asphalt roads,Wet or damp,Darkness - lights lit,Normal,Vehicle Collision,3,1,Stopping,Female,Under 18,3,,,Not a Pedestrian,Other,Slight Injury
08:00:00,Thursday,Unknown,Female,Employee,2-5yr,Lorry (11 - 40 Quintal),Owner, Church areas,Undivided Two way,Tangent road with flat terrain,No junction,Asphalt roads,Wet or damp,Daylight,Raining,Vehicle Collision,2,1,Turning,Female,Over 51,3,,,Not a Pedestrian,Other,Slight Injury
08:00:00,Thursday,31-50,Male,Employee,2-5yr,Automobile,Owner,Office areas,Undivided Two way,Tangent road with flat terrain,No junction,Asphalt roads,Wet or damp,Daylight,Raining,Stationary Object Collision,2,1,Exiting,na,na,na,,,Not a Pedestrian,Moving Backward,Slight Injury
20:00:00,Saturday,31-50,Male,Employee,5-10yr,Automobile,Owner,Office areas,other,Tangent road with flat terrain,Y Shape,Asphalt roads,Dry,Darkness - lights lit,Normal,Stationary Object Collision,2,2,Moving backward,Female,Over 51,3,Driver,Normal,Crossing from nearside - masked by parked or statioNot a Pedestrianry vehicle,No distancing,Slight Injury
20:00:00,Saturday,31-50,Male,Owner,2-5yr,Lorry (41 - 100 Quintal),Owner,Residential areas,Two-way (divided with broken lines road marking),Tangent road with flat terrain,Y Shape,Asphalt roads,Dry,Darkness - lights lit,Normal,Vehicle Collision,2,2,Moving backward,Female,Under 18,3,Driver,Normal,Not a Pedestrian,Moving Backward,Slight Injury
10:00:00,Saturday,18-30,Male,Employee,5-10yr,Other,Owner,Office areas,Two-way (divided with broken lines road marking),Tangent road with flat terrain,No junction,Asphalt roads,Dry,Daylight,Normal,Vehicle Collision,1,1,Moving forward,Female,18-30,3,Driver,Normal,Not a Pedestrian,No priority to vehicle,Slight Injury
20:00:00,Saturday,18-30,Male,Employee,2-5yr,Lorry (41 - 100 Quintal),Owner,Residential areas,Undivided Two way,Tangent road with flat terrain,No junction,Asphalt roads,Dry,Daylight,Normal,Vehicle Collision,3,5,Turning,na,na,na,Other,Normal,Not a Pedestrian,Driving carelessly,Serious Injury
20:00:00,Saturday,18-30,Male,Employee,5-10yr,Automobile,Owner,Office areas,Double carriageway (median),Tangent road with flat terrain,No junction,Asphalt roads,Dry,Daylight,Normal,Stationary Object Collision,3,5,Moving forward,na,na,na,Driver,Normal,Not a Pedestrian,No distancing,Serious Injury
20:00:00,Saturday,18-30,Male,Employee,2-5yr,Pick up upto 10 Quintal,Owner,Office areas,Double carriageway (median),Tangent road with flat terrain,No junction,Asphalt roads,Dry,Daylight,Normal,Vehicle Collision,3,5,Moving forward,Male,18-30,3,,,Not a Pedestrian,Other,Serious Injury
20:00:00,Saturday,18-30,Male,Employee,1-2yr,Lorry (41 - 100 Quintal),Owner,Other,Two-way (divided with broken lines road marking),Tangent road with flat terrain,No junction,Asphalt roads,Dry,Daylight,Normal,Vehicle Collision,3,5,Turning,na,na,na,Driver,Normal,Not a Pedestrian,Changing lane to the right,Serious Injury
20:00:00,Saturday,18-30,Male,Employee,5-10yr,Public (13 - 45 seats),Owner,Other,Two-way (divided with broken lines road marking),Tangent road with flat terrain,No junction,Asphalt roads,Dry,Daylight,Normal,Vehicle Collision,3,5,Moving forward,Male,18-30,3,Driver,Normal,Not a Pedestrian,No distancing,Serious Injury
20:00:00,Saturday,Unknown,Male,Owner,1-2yr,Long lorry,Owner,Residential areas,Two-way (divided with broken lines road marking),Tangent road with flat terrain,No junction,Asphalt roads,Dry,Daylight,Normal,Self-accident,3,5,Moving forward,na,na,na,Unemployed,Normal,Not a Pedestrian,Driving carelessly,Serious Injury
20:00:00,Saturday,Unknown,Male,Employee,2-5yr,Automobile,Owner, Church areas,Two-way (divided with broken lines road marking),Tangent road with flat terrain,No junction,Asphalt roads,Dry,Daylight,Normal,Vehicle Collision,3,5,Turning,Male,Over 51,3,Driver,Normal,Not a Pedestrian,No distancing,Serious Injury
11:00:00,Saturday,18-30,Male,Employee,1-2yr,Automobile,Governmental, Church areas,Double carriageway (median),Tangent road with flat terrain,Y Shape,Asphalt roads,Dry,Daylight,Normal,Vehicle Collision,2,2,Stopping,Male,31-50,3,Driver,Normal,Not a Pedestrian,No priority to vehicle,Slight Injury
11:00:00,Saturday,Over 51,Male,Employee,Above 10yr,Other,Owner,Residential areas,Double carriageway (median),Tangent road with flat terrain,Y Shape,Asphalt roads,Dry,Daylight,Normal,Pedestrian Collision,2,2,Moving forward,na,na,na,Driver,Normal,Not a Pedestrian,Changing lane to the right,Slight Injury
16:00:00,Monday,18-30,Male,Employee,2-5yr,Automobile,Owner,Office areas,Two-way (divided with broken lines road marking),Tangent road with mild grade and flat terrain,No junction,Asphalt roads,Dry,Daylight,Normal,Vehicle Collision,2,1,Moving backward,Male,18-30,2,Driver,Normal,Not a Pedestrian,No priority to pedestrian,Slight Injury
16:00:00,Monday,Under 18,Male,Employee,2-5yr,Long lorry,Owner,Office areas,Two-way (divided with broken lines road marking),Tangent road with mild grade and flat terrain,No junction,Asphalt roads,Dry,Daylight,Normal,Vehicle Collision,2,1,Exiting,Female,18-30,3,Employee,Normal,Not a Pedestrian,No priority to vehicle,Slight Injury
16:00:00,Monday,31-50,Male,Employee,2-5yr,Public (12 seats),Owner,Residential areas,Two-way (divided with broken lines road marking),Tangent road with flat terrain,T Shape,Asphalt roads,Dry,Daylight,Normal,Vehicle Collision,2,1,Moving forward,Female,31-50,3,Driver,Normal,Not a Pedestrian,Changing lane to the left,Slight Injury
16:00:00,Monday,Unknown,Male,Employee,2-5yr,Public (12 seats),Owner, Church areas,other,Tangent road with flat terrain,T Shape,Asphalt roads,Dry,Daylight,Normal,Vehicle Collision,2,1,Moving forward,na,na,na,Self-employed,Normal,Not a Pedestrian,Turnover,Slight Injury
19:00:00,Sunday,Under 18,Male,Employee,2-5yr,Other,Owner,Other,Two-way (divided with broken lines road marking),Tangent road with flat terrain,No junction,Asphalt roads,Wet or damp,Daylight,Normal,Stationary Object Collision,2,2,Turning,Male,Over 51,3,Driver,Normal,Not a Pedestrian,Driving to the left,Slight Injury
19:00:00,Sunday,31-50,Male,Employee,2-5yr,Other,Owner,Office areas,Two-way (divided with broken lines road marking),Tangent road with flat terrain,No junction,Asphalt roads,Wet or damp,Daylight,Normal,Vehicle Collision,2,2,Moving backward,na,na,na,Driver,Normal,Not a Pedestrian,Driving carelessly,Slight Injury
19:00:00,Sunday,31-50,Male,Employee,5-10yr,Other,Owner,Other,Two-way (divided with broken lines road marking),Tangent road with flat terrain,No junction,Asphalt roads,Wet or damp,Daylight,Normal,Vehicle Collision,2,2,Moving forward,Male,18-30,3,,,Not a Pedestrian,Driving to the left,Slight Injury
08:00:00,Tuesday,18-30,Male,Employee,2-5yr,Public (12 seats),Owner,Other,Two-way (divided with broken lines road marking),Tangent road with flat terrain,No junction,Asphalt roads,Dry,Daylight,Normal,Vehicle Collision,2,1,Moving backward,Male,31-50,3,Driver,Normal,Not a Pedestrian,Driving carelessly,Slight Injury
08:00:00,Tuesday,Under 18,Male,Employee,Above 10yr,Lorry (41 - 100 Quintal),Owner,Other,,Tangent road with flat terrain,No junction,Asphalt roads,Dry,Daylight,Normal,Vehicle Collision,2,1,Moving forward,na,na,na,,,Not a Pedestrian,No priority to pedestrian,Slight Injury
21:00:00,Saturday,Unknown,Male,Employee,Above 10yr,Other,Governmental,Residential areas,Two-way (divided with broken lines road marking),,No junction,Asphalt roads,Dry,Darkness - lights lit,Unknown,Stationary Object Collision,2,2,Moving forward,Male,18-30,3,,,Not a Pedestrian,Driving carelessly,Slight Injury
21:00:00,Saturday,31-50,Male,Employee,Above 10yr,Public (12 seats),Owner, Church areas,Undivided Two way,Tangent road with flat terrain,No junction,Asphalt roads,Dry,Darkness - lights lit,Unknown,Vehicle Collision,2,2,Moving forward,Male,18-30,3,,Normal,Not a Pedestrian,Changing lane to the right,Slight Injury
21:00:00,Saturday,31-50,Male,Employee,5-10yr,Other,Owner,Other,Undivided Two way,Tangent road with flat terrain,No junction,Asphalt roads,Dry,Darkness - lights lit,Unknown,Stationary Object Collision,2,2,Moving forward,Male,31-50,2,Driver,Normal,Not a Pedestrian,Moving Backward,Slight Injury
12:00:00,Friday,Under 18,Male,Owner,2-5yr,Lorry (11 - 40 Quintal),Owner,Other,One way,Tangent road with flat terrain,No junction,Asphalt roads,Dry,Daylight,Normal,Vehicle Collision,2,1,Moving forward,Male,18-30,3,Driver,Normal,Not a Pedestrian,Driving carelessly,Serious Injury
12:00:00,Friday,Over 51,Male,Employee,1-2yr,Other,Owner,Residential areas,Two-way (divided with broken lines road marking),Tangent road with flat terrain,No junction,Asphalt roads,Dry,Daylight,Normal,Self-accident,2,1,Moving forward,na,na,na,Driver,Normal,Not a Pedestrian,Changing lane to the right,Serious Injury
13:00:00,Wednesday,31-50,Male,Employee,2-5yr,Other,Owner,Office areas,One way,Tangent road with flat terrain,O Shape,Asphalt roads,Dry,Daylight,Normal,Vehicle Collision,2,2,Moving forward,Male,31-50,3,Driver,Normal,Not a Pedestrian,Driving carelessly,Slight Injury
13:00:00,Wednesday,Under 18,Male,Employee,5-10yr,Other,Owner, Industrial areas,Two-way (divided with broken lines road marking),Tangent road with flat terrain,O Shape,Asphalt roads,Dry,Daylight,Normal,Vehicle Collision,2,2,Moving forward,Male,18-30,3,Driver,Normal,Not a Pedestrian,Driving carelessly,Slight Injury
13:00:00,Wednesday,Under 18,Male,Employee,5-10yr,Pick up upto 10 Quintal,Governmental,Residential areas,Double carriageway (median),Tangent road with flat terrain,O Shape,Asphalt roads,Dry,Daylight,Normal,Vehicle Collision,2,2,Moving forward,Male,Under 18,3,Driver,Normal,Not a Pedestrian,Driving carelessly,Slight Injury
11:00:00,Saturday,Unknown,Male,Owner,5-10yr,Automobile,Owner,Office areas,Unknown,Tangent road with flat terrain,No junction,Asphalt roads,Dry,Daylight,Normal,Vehicle Collision,2,1,Moving forward,na,na,na,Employee,Normal,Not a Pedestrian,Changing lane to the right,Slight Injury
11:00:00,Saturday,18-30,Male,Other,Above 10yr,Other,Owner,Other,,Tangent road with flat terrain,No junction,Asphalt roads,Dry,Daylight,Normal,Vehicle Collision,2,1,Moving forward,Female,Over 51,3,,Normal,Not a Pedestrian,Changing lane to the right,Slight Injury
18:00:00,Friday,Unknown,Male,Employee,Above 10yr,Lorry (41 - 100 Quintal),Owner, Church areas,other,Tangent road with flat terrain,No junction,Asphalt roads,Wet or damp,Daylight,Normal,Pedestrian Collision,2,1,Other,na,na,na,Driver,Normal,Not a Pedestrian,Driving carelessly,Slight Injury
18:00:00,Friday,31-50,Male,Employee,1-2yr,Public (13 - 45 seats),Owner, Industrial areas,,Tangent road with flat terrain,No junction,Asphalt roads,Wet or damp,Daylight,Normal,Self-accident,2,1,Other,Male,Under 18,3,,,Not a Pedestrian,Overtaking,Slight Injury
18:00:00,Monday,18-30,Male,Owner,5-10yr,Automobile,Owner,  Recreational areas,One way,Tangent road with flat terrain,No junction,Asphalt roads,Dry,Daylight,Normal,Vehicle Collision,3,3,Moving forward,na,na,na,Self-employed,Normal,Not a Pedestrian,Changing lane to the right,Slight Injury
18:00:00,Monday,Under 18,Male,Employee,2-5yr,Pick up upto 10 Quintal,Owner,  Market areas,Undivided Two way,Tangent road with flat terrain,No junction,Asphalt roads,Dry,Daylight,Normal,Self-accident,3,3,Moving forward,Male,31-50,3,,,Not a Pedestrian,No distancing,Slight Injury
18:00:00,Monday,Under 18,Male,Employee,5-10yr,Lorry (41 - 100 Quintal),Owner,Other,Two-way (divided with broken lines road marking),Tangent road with flat terrain,No junction,Asphalt roads,Dry,Daylight,Normal,Vehicle Collision,3,3,Exiting,Female,5,3,Self-employed,Normal,Not a Pedestrian,Other,Slight Injury
18:00:00,Monday,31-50,Male,Employee,2-5yr,Public (12 seats),Owner,Other,Two-way (divided with broken lines road marking),Tangent road with flat terrain,No junction,Asphalt roads,Dry,Daylight,Normal,Vehicle Collision,3,3,Moving forward,Male,5,3,,,Not a Pedestrian,Changing lane to the right,Slight Injury
07:00:00,Friday,Under 18,Male,Employee,Above 10yr,Other,Owner, Industrial areas,Two-way (divided with broken lines road marking),,Y Shape,Asphalt roads,Dry,Daylight,Normal,Vehicle Collision,2,1,Moving forward,na,na,na,Self-employed,Normal,Not a Pedestrian,Changing lane to the right,Slight Injury
07:00:00,Friday,Over 51,Male,Employee,5-10yr,Lorry (41 - 100 Quintal),Governmental,Other,Two-way (divided with broken lines road marking),Tangent road with flat terrain,Y Shape,Asphalt roads,Dry,Daylight,Normal,Self-accident,2,1,Moving forward,Male,18-30,3,,,Not a Pedestrian,Overtaking,Slight Injury
17:00:00,Monday,Unknown,Female,Employee,5-10yr,Pick up upto 10 Quintal,Governmental,Office areas,other,Tangent road with flat terrain,T Shape,Asphalt roads,Dry,Daylight,Normal,Vehicle Collision,2,1,Moving forward,na,na,na,,,Not a Pedestrian,Other,Slight Injury
17:00:00,Monday,18-30,Male,Employee,1-2yr,Other,Owner,Other,other,Tangent road with flat terrain,T Shape,Asphalt roads,Dry,Daylight,Normal,Stationary Object Collision,2,1,Moving forward,Female,18-30,3,Self-employed,Normal,Not a Pedestrian,Driving to the left,Slight Injury
16:00:00,Saturday,31-50,Male,Employee,Above 10yr,Lorry (41 - 100 Quintal),Owner,Office areas,Two-way (divided with broken lines road marking),Tangent road with flat terrain,Y Shape,Asphalt roads,Dry,Daylight,Normal,Vehicle Collision,2,1,Exiting,na,na,na,Employee,Normal,Not a Pedestrian,Overtaking,Slight Injury
16:00:00,Saturday,31-50,Male,Employee,5-10yr,Ridden horse,Owner,Office areas,Undivided Two way,Tangent road with flat terrain,Y Shape,Asphalt roads,Dry,Daylight,Normal,Vehicle Collision,2,1,Moving forward,na,na,na,Other,Normal,Not a Pedestrian,No priority to vehicle,Slight Injury
14:00:00,Monday,31-50,Male,Employee,2-5yr,Automobile,Organization,Other,other,Tangent road with flat terrain,Y Shape,Asphalt roads,Dry,Daylight,Normal,Vehicle Collision,1,1,Moving forward,Male,18-30,3,Employee,Normal,Not a Pedestrian,Moving Backward,Slight Injury
17:00:00,Monday,Unknown,Male,Employee,2-5yr,Automobile,Governmental,Other,other,Tangent road with flat terrain,No junction,Asphalt roads,Wet or damp,Daylight,Raining,Pedestrian Collision,2,1,Other,Male,Over 51,3,,,Not a Pedestrian,Other,Slight Injury
17:00:00,Monday,18-30,Male,Employee,5-10yr,Stationwagen,Owner,Other,Undivided Two way,Tangent road with flat terrain,No junction,Asphalt roads,Wet or damp,Daylight,Raining,Vehicle Collision,2,1,Moving forward,Male,Over 51,3,Employee,Normal,Not a Pedestrian,No priority to vehicle,Slight Injury
08:00:00,Wednesday,Unknown,Male,Employee,1-2yr,Other,Owner,Other,other,Tangent road with flat terrain,No junction,Asphalt roads,Dry,Daylight,Normal,Vehicle Collision,2,1,Moving forward,Female,Over 51,3,,,Not a Pedestrian,No priority to pedestrian,Slight Injury
08:00:00,Wednesday,18-30,Male,Employee,5-10yr,Lorry (41 - 100 Quintal),Owner,Residential areas,Undivided Two way,Tangent road with flat terrain,No junction,Asphalt roads,Dry,Daylight,Normal,Vehicle Collision,2,1,Moving forward,na,na,na,Employee,Normal,Not a Pedestrian,Changing lane to the right,Slight Injury
08:00:00,Friday,Over 51,Male,Employee,5-10yr,Lorry (41 - 100 Quintal),Owner, Church areas,Undivided Two way,Tangent road with flat terrain,Y Shape,Asphalt roads,Dry,Daylight,Normal,Self-accident,1,1,Moving forward,Male,18-30,3,Employee,Normal,Not a Pedestrian,Changing lane to the right,Slight Injury
12:00:00,Friday,Over 51,Male,Employee,5-10yr,Long lorry,Owner,Office areas,Double carriageway (median),Tangent road with flat terrain,No junction,Asphalt roads,Dry,Daylight,Normal,Stationary Object Collision,1,1,Moving forward,na,na,na,Employee,Normal,Not a Pedestrian,Changing lane to the right,Slight Injury
10:00:00,Sunday,18-30,Male,Employee,Above 10yr,Stationwagen,Owner, Church areas,other,Tangent road with flat terrain,Y Shape,Asphalt roads,Wet or damp,Daylight,Raining,Vehicle Collision,2,1,Moving backward,Male,18-30,3,Driver,Normal,Not a Pedestrian,Driving to the left,Serious Injury
10:00:00,Sunday,31-50,Male,Employee,2-5yr,Public (12 seats),Owner,Other,Two-way (divided with broken lines road marking),Tangent road with flat terrain,Y Shape,Asphalt roads,Wet or damp,Daylight,Raining,Vehicle Collision,2,1,Other,Male,Over 51,2,Driver,Normal,Not a Pedestrian,Changing lane to the left,Serious Injury
08:00:00,Friday,18-30,Male,Employee,5-10yr,Automobile,Owner,Other,other,Tangent road with flat terrain,No junction,Asphalt roads,Dry,Daylight,Normal,Stationary Object Collision,3,1,Moving forward,na,na,na,Student,Normal,Not a Pedestrian,Moving Backward,Slight Injury
08:00:00,Friday,Under 18,Male,Employee,5-10yr,Public (12 seats),Owner,School areas,other,Steep grade downward with mountainous terrain,No junction,Asphalt roads,Dry,Daylight,Normal,Vehicle Collision,3,1,Moving forward,Male,31-50,3,Driver,Normal,Not a Pedestrian,Driving at high speed,Slight Injury
08:00:00,Friday,31-50,Male,Employee,5-10yr,Lorry (41 - 100 Quintal),Owner,Office areas,Two-way (divided with broken lines road marking),Tangent road with mild grade and flat terrain,No junction,Asphalt roads,Dry,Daylight,Normal,Vehicle Collision,3,1,Moving forward,na,na,na,Self-employed,Normal,Not a Pedestrian,Moving Backward,Slight Injury
17:00:00,Thursday,18-30,Male,Employee,5-10yr,Automobile,Owner,Other,other,Steep grade downward with mountainous terrain,No junction,Asphalt roads,Wet or damp,Daylight,Raining,Vehicle Collision,1,1,Moving forward,Male,5,3,,,Not a Pedestrian,No distancing,Serious Injury
04:00:00,Monday,31-50,Male,Employee,5-10yr,Lorry (41 - 100 Quintal),Owner,Office areas,Undivided Two way,Tangent road with flat terrain,Y Shape,Asphalt roads,Wet or damp,Darkness - lights lit,Normal,Self-accident,2,1,Moving forward,na,na,na,,,Not a Pedestrian,Other,Slight Injury
04:00:00,Monday,31-50,Male,Employee,1-2yr,Lorry (41 - 100 Quintal),Owner,Other,Undivided Two way,Tangent road with flat terrain,Y Shape,Asphalt roads,Wet or damp,Darkness - lights lit,Normal,Self-accident,2,1,Moving forward,Male,Under 18,3,Driver,Normal,Not a Pedestrian,No priority to vehicle,Slight Injury
08:00:00,Friday,18-30,Male,Owner,5-10yr,Pick up upto 10 Quintal,Owner,Other,Two-way (divided with broken lines road marking),Tangent road with flat terrain,No junction,Asphalt roads,Wet or damp,Daylight,Raining,Pedestrian Collision,1,1,Moving forward,na,na,na,Driver,Normal,Not a Pedestrian,Changing lane to the right,Slight Injury
06:00:00,Friday,Unknown,Male,Employee,2-5yr,Other,Owner,Office areas,Undivided Two way,Tangent road with flat terrain,Y Shape,Asphalt roads,Wet or damp,Daylight,Raining,Vehicle Collision,2,1,Moving forward,Male,18-30,3,Driver,Normal,Not a Pedestrian,Other,Slight Injury
06:00:00,Friday,31-50,Male,Owner,5-10yr,Automobile,Owner,Other,Double carriageway (median),Tangent road with flat terrain,Y Shape,Asphalt roads,Wet or damp,Daylight,Raining,Vehicle Collision,2,1,Moving forward,Male,18-30,3,Driver,Normal,Not a Pedestrian,No distancing,Slight Injury
13:00:00,Sunday,18-30,Male,Employee,2-5yr,Automobile,Owner, Church areas,other,Tangent road with flat terrain,No junction,Asphalt roads,Dry,Daylight,Normal,Vehicle Collision,2,1,Moving backward,Male,18-30,2,,,Not a Pedestrian,Driving carelessly,Slight Injury
13:00:00,Sunday,31-50,Male,Employee,Above 10yr,Lorry (11 - 40 Quintal),Owner,Office areas,Two-way (divided with broken lines road marking),Tangent road with flat terrain,No junction,Asphalt roads,Dry,Daylight,Normal,Pedestrian Collision,2,1,Moving backward,Female,Under 18,2,Driver,Normal,Not a Pedestrian,No distancing,Slight Injury
11:00:00,Tuesday,18-30,Male,Employee,Below 1yr,Bajaj,Owner,Office areas,Two-way (divided with broken lines road marking),Tangent road with flat terrain,No junction,Asphalt roads,Dry,Daylight,Normal,Pedestrian Collision,2,2,Turning,Female,18-30,3,Self-employed,Normal,Crossing from nearside - masked by parked or statioNot a Pedestrianry vehicle,Moving Backward,Slight Injury
11:00:00,Tuesday,Unknown,Male,Employee,Below 1yr,Automobile,Owner,Other,Undivided Two way,Tangent road with mountainous terrain and,No junction,Asphalt roads,Dry,Daylight,Normal,Vehicle Collision,2,2,Other,na,na,na,Self-employed,Normal,Not a Pedestrian,No distancing,Slight Injury
15:00:00,Wednesday,Unknown,Male,Owner,5-10yr,Lorry (41 - 100 Quintal),Owner,Residential areas,Undivided Two way,Tangent road with flat terrain,No junction,Asphalt roads,Dry,Daylight,Normal,Vehicle Collision,1,1,Other,Male,Under 18,3,Self-employed,Normal,Not a Pedestrian,Moving Backward,Slight Injury
23:00:00,Saturday,18-30,Male,Employee,2-5yr,Lorry (11 - 40 Quintal),Owner,Residential areas,Undivided Two way,Tangent road with flat terrain,No junction,Asphalt roads,Dry,Darkness - lights lit,Normal,Vehicle Collision,1,1,Moving forward,Female,Under 18,3,Driver,Normal,Not a Pedestrian,No priority to pedestrian,Slight Injury
17:00:00,Saturday,Unknown,Male,Employee,5-10yr,Lorry (11 - 40 Quintal),Owner,Other,Two-way (divided with broken lines road marking),Tangent road with flat terrain,Crossing,Asphalt roads,Dry,Daylight,Normal,Stationary Object Collision,3,2,Moving forward,Male,5,3,Other,Normal,Unknown or other,Changing lane to the left,Slight Injury
17:00:00,Saturday,18-30,Male,Employee,No Licence,Automobile,Owner,Other,other,Tangent road with flat terrain,Crossing,Asphalt roads,Dry,Daylight,Normal,Vehicle Collision,3,2,Other,Female,31-50,3,,,Not a Pedestrian,No distancing,Slight Injury
17:00:00,Saturday,18-30,Male,Employee,Above 10yr,Automobile,Owner,Office areas,,Steep grade downward with mountainous terrain,Crossing,Asphalt roads,Dry,Daylight,Normal,Stationary Object Collision,3,2,Other,Male,18-30,3,Self-employed,Normal,Not a Pedestrian,Other,Slight Injury
17:00:00,Saturday,Unknown,Male,Owner,Above 10yr,Automobile,Governmental,School areas,Double carriageway (median),Tangent road with flat terrain,Crossing,Asphalt roads,Dry,Daylight,Normal,Vehicle Collision,3,2,Moving forward,na,na,na,Other,Normal,Not a Pedestrian,No distancing,Slight Injury
14:00:00,Saturday,Unknown,Male,Employee,Above 10yr,Public (13 - 45 seats),Owner,Other,Two-way (divided with broken lines road marking),Steep grade downward with mountainous terrain,Y Shape,Asphalt roads,Dry,Daylight,Normal,Vehicle Collision,1,1,Moving backward,Male,18-30,3,,,Not a Pedestrian,No priority to pedestrian,Slight Injury
15:00:00,Saturday,31-50,Male,Employee,Above 10yr,Public (12 seats),Owner,Other,Two-way (divided with broken lines road marking),Tangent road with rolling terrain,No junction,Asphalt roads,Dry,Daylight,Normal,Stationary Object Collision,1,1,Other,na,na,na,,,Not a Pedestrian,Moving Backward,Slight Injury
19:00:00,Friday,Over 51,Male,Owner,5-10yr,Other,Governmental, Church areas,Two-way (divided with broken lines road marking),Tangent road with flat terrain,Other,Asphalt roads,Dry,Daylight,Normal,Vehicle Collision,2,1,Turning,Male,18-30,3,Driver,Normal,Not a Pedestrian,No priority to pedestrian,Slight Injury
19:00:00,Friday,31-50,Male,Employee,Below 1yr,Automobile,Owner,Office areas,,Tangent road with mild grade and flat terrain,Other,Asphalt roads,Dry,Daylight,Normal,Vehicle Collision,2,1,Moving forward,Male,18-30,3,,,Not a Pedestrian,No distancing,Slight Injury
08:00:00,Monday,18-30,Male,Employee,2-5yr,Automobile,Owner,Other,Two-way (divided with broken lines road marking),Tangent road with mild grade and flat terrain,Y Shape,Asphalt roads,Dry,Daylight,Normal,Stationary Object Collision,2,1,Moving forward,na,na,na,Driver,Normal,Not a Pedestrian,No priority to pedestrian,Slight Injury
08:00:00,Monday,31-50,Male,Employee,5-10yr,Public (13 - 45 seats),Governmental,Residential areas,Double carriageway (median),Tangent road with flat terrain,Y Shape,Asphalt roads,Dry,Daylight,Normal,Stationary Object Collision,2,1,Moving forward,Male,18-30,3,Driver,Normal,Not a Pedestrian,Driving carelessly,Slight Injury
17:00:00,Wednesday,31-50,Male,Employee,1-2yr,Public (13 - 45 seats),Owner,Office areas,Two-way (divided with broken lines road marking),Tangent road with flat terrain,No junction,Asphalt roads,Dry,Daylight,Normal,Vehicle Collision,2,1,Moving forward,na,na,na,Driver,Normal,Not a Pedestrian,Getting off the vehicle improperly,Slight Injury
17:00:00,Wednesday,18-30,Male,Employee,1-2yr,Automobile,Owner,Office areas,Undivided Two way,Tangent road with flat terrain,No junction,Asphalt roads,Dry,Daylight,Normal,Vehicle Collision,2,1,Moving forward,Female,Over 51,3,Driver,Normal,Not a Pedestrian,Driving carelessly,Slight Injury