Time,Day,Age_band_of_driver,Sex_of_driver,Vehicle_driver_relation,Driving_experience,Type_of_vehicle,Owner_of_vehicle,Area_accident_occured,Lanes_or_Medians,Road_allignment,Types_of_Junction,Road_surface_type,Road_surface_conditions,Light_conditions,Weather_conditions,Type_of_collision,Number_of_vehicles_involved,Number_of_casualties,Vehicle_movement,Sex_of_casualty,Age_band_of_casualty,Casualty_severity,Work_of_casuality,Fitness_of_casuality,Pedestrian_movement,Cause_of_accident,Accident_severity
10:00:00,Friday,Over 51,Male,Employee,Above 10yr,Lorry (11 - 40 Quintal),Owner,Office areas,Two-way (divided with broken lines road marking),Tangent road with flat terrain,Crossing,Asphalt roads,Dry,Daylight,Normal,Stationary Object Collision,3,1,Moving forward,Female,18-30,3,Driver,Normal,Not a Pedestrian,No distancing,Slight Injury
10:00:00,Friday,18-30,Male,Employee,2-5yr,Lorry (11 - 40 Quintal),Owner,Office areas,Two-way (divided with broken lines road marking),Tangent road with flat terrain,Crossing,Asphalt roads,Dry,Daylight,Normal,Vehicle Collision,3,1,Moving forward,na,na,na,Driver,Normal,Not a Pedestrian,Other,Slight Injury
10:00:00,Friday,Unknown,Male,Employee,Above 10yr,Automobile,Governmental,School areas,Two-way (divided with broken lines road marking),Tangent road with flat terrain,Crossing,Asphalt roads,Dry,Daylight,Normal,Stationary Object Collision,3,1,Moving forward,Male,18-30,3,Driver,Normal,Not a Pedestrian,Changing lane to the right,Slight Injury
18:00:00,Wednesday,18-30,Male,Employee,Below 1yr,Automobile,Owner,Other,Two-way (divided with broken lines road marking),Tangent road with flat terrain,Other,Asphalt roads,Dry,Darkness - lights lit,Unknown,Stationary Object Collision,2,1,Other,Male,31-50,2,Driver,Normal,Not a Pedestrian,Changing lane to the right,Serious Injury
18:00:00,Wednesday,Unknown,Female,Employee,2-5yr,Automobile,Owner,Other,Two-way (divided with broken lines road marking),Tangent road with flat terrain,Other,Asphalt roads,Dry,Darkness - lights lit,Unknown,Vehicle Collision,2,1,Moving forward,na,na,na,Driver,Normal,Not a Pedestrian,Overtaking,Serious Injury
19:00:00,Tuesday,18-30,Male,Employee,5-10yr,Public (13 - 45 seats),Owner,Other,Undivided Two way,Tangent road with flat terrain,Y Shape,Asphalt roads,Wet or damp,Darkness - lights lit,Snow,Vehicle Collision,1,1,Moving backward,Male,31-50,3,Employee,Normal,Not a Pedestrian,Other,Serious Injury
10:00:00,Thursday,Unknown,Male,Employee,5-10yr,Public (12 seats),Owner,Other,Two-way (divided with broken lines road marking),Tangent road with flat terrain,No junction,Asphalt roads,Dry,Daylight,Normal,Stationary Object Collision,2,3,Moving backward,na,na,na,Driver,Normal,Not a Pedestrian,Driving to the left,Slight Injury
10:00:00,Thursday,18-30,Male,Employee,1-2yr,Other,Owner,Residential areas,Undivided Two way,Tangent road with flat terrain,No junction,Asphalt roads,Dry,Daylight,Normal,Vehicle Collision,2,3,Moving backward,Male,18-30,3,Employee,Normal,Not a Pedestrian,Overtaking,Slight Injury
10:00:00,Thursday,18-30,Male,Employee,5-10yr,Automobile,Governmental,Other,Undivided Two way,Tangent road with flat terrain,No junction,Asphalt roads,Dry,Daylight,Normal,Vehicle Collision,2,3,Moving forward,na,na,na,Self-employed,Normal,Not a Pedestrian,No priority to vehicle,Slight Injury
10:00:00,Thursday,18-30,Male,Employee,1-2yr,Automobile,Owner,Other,Undivided Two way,Tangent road with flat terrain,No junction,Asphalt roads,Dry,Daylight,Normal,Vehicle Collision,2,3,Moving forward,Female,Under 18,3,Driver,Normal,Not a Pedestrian,Moving Backward,Slight Injury
13:00:00,Sunday,Under 18,Male,Employee,5-10yr,Public (13 - 45 seats),Owner, Industrial areas,Undivided Two way,Tangent road with flat terrain,No junction,Asphalt roads,Dry,Daylight,Other,Vehicle Collision,1,1,Moving forward,Male,18-30,3,Driver,Normal,Not a Pedestrian,Other,Slight Injury
13:00:00,Monday,31-50,Male,Owner,1-2yr,Public (13 - 45 seats),Owner,  Recreational areas,Undivided Two way,Tangent road with flat terrain,Y Shape,Asphalt roads,Wet or damp,Daylight,Raining,Vehicle Collision,3,5,Moving forward,na,na,na,Self-employed,Normal,Not a Pedestrian,No priority to vehicle,Slight Injury
13:00:00,Monday,Under 18,Male,Employee,5-10yr,Automobile,Owner, Church areas,Two-way (divided with broken lines road marking),Tangent road with flat terrain,Y Shape,Asphalt roads,Wet or damp,Daylight,Raining,Vehicle Collision,3,5,Other,Male,18-30,3,Self-employed,Normal,Not a Pedestrian,No priority to pedestrian,Slight Injury
13:00:00,Monday,Under 18,Male,Employee,2-5yr,Other,Owner,Office areas,Two-way (divided with broken lines road marking),Tangent road with flat terrain,Y Shape,Other,Wet or damp,Daylight,Raining,Pedestrian Collision,3,5,Moving forward,Male,Over 51,3,Driver,Normal,Not a Pedestrian,Changing lane to the right,Slight Injury
13:00:00,Monday,Under 18,Male,Employee,2-5yr,Pick up upto 10 Quintal,Owner,Other,Two-way (divided with broken lines road marking),Tangent road with flat terrain,Y Shape,Asphalt roads,Wet or damp,Daylight,Raining,Vehicle Collision,3,5,Moving forward,Female,31-50,3,Driver,Normal,Not a Pedestrian,Changing lane to the right,Slight Injury
13:00:00,Monday,31-50,Male,Employee,5-10yr,Lorry (41 - 100 Quintal),Owner,Office areas,Undivided Two way,Tangent road with flat terrain,Y Shape,Asphalt roads,Wet or damp,Daylight,Raining,Stationary Object Collision,3,5,Moving forward,Male,Under 18,3,Self-employed,Normal,Not a Pedestrian,Changing lane to the right,Slight Injury
15:00:00,Friday,Unknown,Male,Owner,Below 1yr,Automobile,Owner,Office areas,Two-way (divided with broken lines road marking),Tangent road with flat terrain,No junction,Asphalt roads,Dry,Daylight,Cloudy,Vehicle Collision,2,1,Moving backward,na,na,na,Self-employed,Normal,Not a Pedestrian,Driving to the left,Slight Injury
15:00:00,Friday,18-30,Male,Employee,Below 1yr,Automobile,Owner,Other,Two-way (divided with broken lines road marking),Tangent road with flat terrain,No junction,Asphalt roads,Dry,Daylight,Cloudy,Vehicle Collision,2,1,Moving backward,Male,31-50,3,Driver,Normal,Not a Pedestrian,Changing lane to the left,Slight Injury
17:00:00,Saturday,31-50,Male,Employee,5-10yr,Lorry (41 - 100 Quintal),Owner,Residential areas,Undivided Two way,Tangent road with flat terrain,No junction,Asphalt roads,Wet or damp,Darkness - lights lit,Other,Vehicle Collision,2,2,Moving forward,Male,31-50,3,Driver,Normal,Not a Pedestrian,Moving Backward,Slight Injury
17:00:00,Saturday,31-50,Male,Employee,Below 1yr,Automobile,Owner,Office areas,other,Tangent road with mountainous terrain and,No junction,Asphalt roads,Wet or damp,Darkness - lights lit,Other,Vehicle Collision,2,2,Moving forward,na,na,na,Driver,Normal,Not a Pedestrian,Driving at high speed,Slight Injury
17:00:00,Saturday,31-50,Male,Employee,2-5yr,Other,Owner,Residential areas,other,Tangent road with flat terrain,No junction,Asphalt roads,Wet or damp,Darkness - lights lit,Other,Vehicle Collision,2,2,Moving backward,Male,Over 51,3,Driver,Normal,Not a Pedestrian,Moving Backward,Slight Injury
06:00:00,Wednesday,18-30,Male,Employee,2-5yr,Automobile,Owner,School areas,Two-way (divided with broken lines road marking),Tangent road with flat terrain,Crossing,Asphalt roads,Dry,Darkness - lights lit,Raining,Vehicle Collision,2,1,Moving forward,na,na,na,,,Not a Pedestrian,No distancing,Slight Injury
06:00:00,Wednesday,Over 51,Male,Employee,5-10yr,Automobile,Owner,Office areas,Two-way (divided with broken lines road marking),Sharp reverse curve,Crossing,Asphalt roads,Dry,Darkness - lights lit,Raining,Vehicle Collision,2,1,Moving backward,Male,31-50,3,,Normal,Not a Pedestrian,Other,Slight Injury
16:00:00,Tuesday,Under 18,Male,Employee,5-10yr,Automobile,Owner,Other,other,Tangent road with flat terrain,Y Shape,Other,Dry,Darkness - lights lit,Normal,Vehicle Collision,2,2,Other,Female,31-50,3,Driver,Normal,Not a Pedestrian,No priority to vehicle,Slight Injury
16:00:00,Tuesday,Under 18,Male,Owner,5-10yr,Automobile,Owner,Other,Undivided Two way,Tangent road with flat terrain,Y Shape,Asphalt roads,Dry,Darkness - lights lit,Normal,Vehicle Collision,2,2,Moving forward,Male,Under 18,3,,,Not a Pedestrian,Changing lane to the right,Slight Injury
16:00:00,Tuesday,18-30,Male,Employee,5-10yr,Lorry (41 - 100 Quintal),Owner, Church areas,other,Tangent road with flat terrain,Y Shape,Asphalt roads,Dry,Darkness - lights lit,Normal,Stationary Object Collision,2,2,Moving forward,Male,18-30,3,,,Not a Pedestrian,Other,Slight Injury
13:00:00,Tuesday,Unknown,Female,Owner,5-10yr,Other,Owner,Office areas,Two-way (divided with broken lines road marking),Tangent road with flat terrain,Crossing,Asphalt roads,Dry,Daylight,Normal,Vehicle Collision,2,1,Moving forward,Female,Under 18,3,,,Crossing from nearside - masked by parked or statioNot a Pedestrianry vehicle,No distancing,Slight Injury
13:00:00,Tuesday,18-30,Male,Employee,2-5yr,Pick up upto 10 Quintal,Owner,Other,Two-way (divided with broken lines road marking),Tangent road with flat terrain,Crossing,Asphalt roads,Dry,Daylight,Normal,Stationary Object Collision,2,1,Moving forward,Female,5,3,Driver,Normal,Not a Pedestrian,Driving carelessly,Slight Injury
05:00:00,Sunday,18-30,Male,Employee,5-10yr,Stationwagen,Owner,Office areas,Two-way (divided with broken lines road marking),Tangent road with mild grade and flat terrain,No junction,Asphalt roads,Wet or damp,Darkness - lights lit,Raining,Vehicle Collision,1,3,Moving forward,na,na,na,,,Not a Pedestrian,No distancing,Slight Injury
05:00:00,Sunday,18-30,Male,Employee,Below 1yr,Other,Owner,Office areas,Two-way (divided with broken lines road marking),Tangent road with flat terrain,No junction,Asphalt roads,Wet or damp,Darkness - lights lit,Raining,Vehicle Collision,1,3,Moving forward,Male,18-30,3,,,Not a Pedestrian,Moving Backward,Slight Injury
05:00:00,Sunday,18-30,Male,Employee,1-2yr,Pick up upto 10 Quintal,Owner,Office areas,Two-way (divided with broken lines road marking),Sharp reverse curve,No junction,Earth roads,Wet or damp,Darkness - lights lit,Raining,Vehicle Collision,1,3,Moving forward,na,na,na,Driver,Normal,Not a Pedestrian,No distancing,Slight Injury
16:00:00,Thursday,Unknown,Male,Employee,2-5yr,Stationwagen,Owner, Church areas,Undivided Two way,Sharp reverse curve,Crossing,Asphalt roads,Wet or damp,Daylight,Normal,Pedestrian Collision,2,1,Moving forward,Male,31-50,3,Driver,Normal,Not a Pedestrian,Moving Backward,Slight Injury
16:00:00,Thursday,31-50,Male,Employee,2-5yr,Lorry (41 - 100 Quintal),Owner,Office areas,Undivided Two way,Gentle horizontal curve,Crossing,Asphalt roads,Wet or damp,Daylight,Normal,Vehicle Collision,2,1,Moving forward,Male,18-30,3,Driver,Normal,Not a Pedestrian,No priority to pedestrian,Slight Injury
07:00:00,Monday,18-30,Male,Employee,5-10yr,Automobile,Owner,Other,Double carriageway (median),Gentle horizontal curve,No junction,Asphalt roads,Wet or damp,Daylight,Normal,Vehicle Collision,1,1,Moving forward,Female,18-30,3,Driver,Normal,Not a Pedestrian,Changing lane to the left,Slight Injury
15:00:00,Thursday,18-30,Male,Employee,5-10yr,Automobile,Owner,Other,Two-way (divided with broken lines road marking),Tangent road with flat terrain,Y Shape,Asphalt roads,Wet or damp,Daylight,Normal,Vehicle Collision,2,1,Moving forward,Female,18-30,3,,,Not a Pedestrian,No distancing,Slight Injury
15:00:00,Thursday,Under 18,Male,Employee,5-10yr,Automobile,Owner, Church areas,Unknown,Tangent road with mountainous terrain and,Y Shape,Asphalt roads,Wet or damp,Daylight,Normal,Pedestrian Collision,2,1,Moving forward,Male,Over 51,2,Driver,Normal,Not a Pedestrian,Other,Slight Injury
07:00:00,Tuesday,18-30,Male,Employee,Above 10yr,Automobile,Owner,School areas,Undivided Two way,Tangent road with flat terrain,Crossing,Asphalt roads,Wet or damp,Darkness - lights lit,Unknown,Stationary Object Collision,2,1,Moving forward,Female,31-50,2,,,Unknown or other,No distancing,Slight Injury
07:00:00,Tuesday,Under 18,Male,Employee,Above 10yr,Turbo,Owner, Church areas,Two-way (divided with broken lines road marking),Tangent road with flat terrain,Crossing,Asphalt roads,Wet or damp,Darkness - lights lit,Unknown,Vehicle Collision,2,1,Moving forward,Male,18-30,3,,,Not a Pedestrian,No priority to pedestrian,Slight Injury
13:00:00,Friday,18-30,Male,Owner,Above 10yr,Automobile,Owner,Office areas,Undivided Two way,Tangent road with flat terrain,No junction,Asphalt roads,Wet or damp,Daylight,Normal,Vehicle Collision,2,1,Moving forward,na,na,na,,,Not a Pedestrian,Moving Backward,Slight Injury
13:00:00,Friday,31-50,Male,Employee,unknown,Stationwagen,Owner,Other,other,Tangent road with flat terrain,No junction,Asphalt roads,Wet or damp,Daylight,Normal,Vehicle Collision,2,1,Moving forward,Female,31-50,3,,,Unknown or other,No priority to pedestrian,Slight Injury
17:00:00,Thursday,Under 18,Male,Employee,5-10yr,Automobile,Owner, Church areas,Two-way (divided with broken lines road marking),Steep grade upward with mountainous terrain,No junction,Asphalt roads,Wet or damp,Darkness - lights lit,Cloudy,Vehicle Collision,2,2,Moving backward,Female,31-50,2,,,Not a Pedestrian,No distancing,Slight Injury
17:00:00,Thursday,18-30,Male,Employee,2-5yr,Automobile,Governmental,Other,Double carriageway (median),Tangent road with flat terrain,No junction,Asphalt roads,Wet or damp,Darkness - lights lit,Cloudy,Vehicle Collision,2,2,Moving forward,na,na,na,Driver,Normal,Not a Pedestrian,No priority to pedestrian,Slight Injury
17:00:00,Thursday,18-30,Male,Employee,5-10yr,Automobile,Governmental,Other,Double carriageway (median),Tangent road with flat terrain,No junction,Asphalt roads,Wet or damp,Darkness - lights lit,Cloudy,Vehicle Collision,2,2,Moving forward,Male,31-50,3,Driver,Normal,Not a Pedestrian,Driving carelessly,Slight Injury
07:00:00,Monday,Over 51,Male,Employee,2-5yr,Pick up upto 10 Quintal,Organization,Office areas,Two-way (divided with broken lines road marking),Gentle horizontal curve,No junction,Asphalt roads,Wet or damp,Darkness - lights lit,Other,Vehicle Collision,2,1,Moving forward,Male,18-30,3,Driver,Normal,Not a Pedestrian,Getting off the vehicle improperly,Slight Injury
07:00:00,Monday,Under 18,Male,Owner,5-10yr,Lorry (41 - 100 Quintal),Organization,Other,Two-way (divided with broken lines road marking),Tangent road with flat terrain,No junction,Asphalt roads,Wet or damp,Darkness - lights lit,Other,Stationary Object Collision,2,1,Moving forward,Male,Under 18,3,Driver,Normal,Not a Pedestrian,Driving carelessly,Slight Injury
18:00:00,Friday,31-50,Male,Employee,Above 10yr,Lorry (41 - 100 Quintal),Owner,Other,Two-way (divided with broken lines road marking),Tangent road with flat terrain,No junction,Asphalt roads,Wet or damp,Darkness - lights lit,Other,Stationary Object Collision,1,1,Turning,na,na,na,Driver,Normal,Not a Pedestrian,Changing lane to the left,Slight Injury
17:00:00,Friday,Unknown,Male,Employee,2-5yr,Automobile,Governmental,Residential areas,Two-way (divided with broken lines road marking),Tangent road with flat terrain,No junction,Asphalt roads,Dry,Darkness - lights lit,Normal,Vehicle Collision,2,1,Moving forward,na,na,na,Driver,Normal,Not a Pedestrian,No priority to vehicle,Slight Injury
17:00:00,Friday,18-30,Male,Employee,2-5yr,Lorry (41 - 100 Quintal),Owner,Residential areas,,Tangent road with flat terrain,No junction,Asphalt roads,Dry,Darkness - lights lit,Normal,Vehicle Collision,2,1,Moving forward,Male,Over 51,3,,,Not a Pedestrian,Changing lane to the right,Slight Injury
12:00:00,Saturday,Unknown,Male,Owner,Above 10yr,Lorry (41 - 100 Quintal),Owner,Office areas,Undivided Two way,Tangent road with flat terrain,No junction,Earth roads,Wet or damp,Daylight,Raining,Vehicle Collision,2,1,Moving forward,Male,Over 51,3,Driver,Normal,Not a Pedestrian,Changing lane to the right,Slight Injury
12:00:00,Saturday,18-30,Male,Employee,1-2yr,Lorry (41 - 100 Quintal),Owner,  Recreational areas,other,,No junction,Asphalt roads,Wet or damp,Daylight,Raining,Vehicle Collision,2,1,Moving forward,na,na,na,,,Not a Pedestrian,No distancing,Slight Injury
11:00:00,Monday,Over 51,Male,Employee,Above 10yr,Lorry (41 - 100 Quintal),Governmental,Office areas,other,Tangent road with mild grade and flat terrain,No junction,Asphalt roads,Wet or damp,Daylight,Raining,Vehicle Collision,2,2,Moving forward,Female,18-30,3,Driver,Normal,Not a Pedestrian,No distancing,Slight Injury
11:00:00,Monday,Over 51,Male,Employee,5-10yr,Automobile,Owner, Industrial areas,other,Tangent road with flat terrain,No junction,Asphalt roads,Wet or damp,Daylight,Raining,Self-accident,2,2,Moving forward,Male,31-50,3,Driver,Normal,Not a Pedestrian,Changing lane to the left,Slight Injury
11:00:00,Monday,Unknown,Male,Owner,5-10yr,Automobile,Owner,Other,,,No junction,Asphalt roads,Wet or damp,Daylight,Raining,Vehicle Collision,2,2,Moving forward,na,na,na,Driver,Normal,Not a Pedestrian,Changing lane to the right,Slight Injury
08:00:00,Friday,Under 18,Male,Employee,5-10yr,Automobile,Owner,Residential areas,Undivided Two way,Tangent road with flat terrain,Y Shape,Asphalt roads,Dry,Daylight,Normal,Stationary Object Collision,2,1,Moving forward,Male,5,3,,,Not a Pedestrian,No priority to vehicle,Slight Injury
08:00:00,Friday,31-50,Male,Employee,5-10yr,Public (13 - 45 seats),Governmental,Residential areas,other,Tangent road with flat terrain,Y Shape,Asphalt roads,Dry,Daylight,Normal,Pedestrian Collision,2,1,Moving forward,na,na,na,,,Not a Pedestrian,Changing lane to the left,Slight Injury
18:00:00,Wednesday,18-30,Male,Employee,Above 10yr,Automobile,Owner, Industrial areas,other,Tangent road with flat terrain,Y Shape,Asphalt roads,Dry,Darkness - lights lit,Unknown,Vehicle Collision,2,1,Turning,na,na,na,Driver,Normal,Not a Pedestrian,No priority to vehicle,Slight Injury
18:00:00,Wednesday,Unknown,Male,Employee,1-2yr,Public (13 - 45 seats),Owner,Residential areas,Undivided Two way,Tangent road with flat terrain,Y Shape,Asphalt roads,Dry,Darkness - lights lit,Unknown,Vehicle Collision,2,1,Moving forward,Male,18-30,3,Driver,Normal,Not a Pedestrian,Moving Backward,Slight Injury
08:00:00,Wednesday,18-30,Male,Employee,2-5yr,Public (13 - 45 seats),Owner,Residential areas,other,Tangent road with flat terrain,No junction,Asphalt roads,Dry,Daylight,Other,Vehicle Collision,1,1,Moving backward,Female,18-30,3,Driver,Normal,Not a Pedestrian,Turnover,Slight Injury
15:00:00,Monday,31-50,Male,Employee,Below 1yr,Automobile,Owner,Office areas,Undivided Two way,Tangent road with flat terrain,No junction,Asphalt roads,Dry,Daylight,Normal,Vehicle Collision,1,1,Other,Female,18-30,3,Driver,Normal,Not a Pedestrian,No distancing,Serious Injury
17:00:00,Wednesday,18-30,Male,Employee,Above 10yr,Lorry (11 - 40 Quintal),Owner,Office areas,Double carriageway (median),Escarpments,No junction,Earth roads,Dry,Darkness - lights lit,Normal,Vehicle Collision,2,1,Moving forward,Female,31-50,3,Self-employed,Normal,Not a Pedestrian,No distancing,Slight Injury
17:00:00,Wednesday,31-50,Male,Employee,1-2yr,Automobile,Owner,Office areas,other,Tangent road with flat terrain,No junction,Asphalt roads,Dry,Darkness - lights lit,Normal,Vehicle Collision,2,1,Moving forward,na,na,na,Self-employed,Normal,Not a Pedestrian,No distancing,Slight Injury
13:00:00,Sunday,31-50,Male,Employee,5-10yr,Lorry (41 - 100 Quintal),Owner,Office areas,Undivided Two way,Escarpments,Other,Asphalt roads,Dry,Daylight,Normal,Vehicle Collision,2,1,Turning,Male,Over 51,3,Driver,Normal,Not a Pedestrian,Changing lane to the left,Slight Injury
13:00:00,Sunday,Unknown,Male,Employee,5-10yr,Other,Owner,Office areas,One way,Tangent road with flat terrain,Other,Asphalt roads,Dry,Daylight,Normal,Stationary Object Collision,2,1,Other,na,na,na,,,Not a Pedestrian,No priority to vehicle,Slight Injury
11:00:00,Sunday,Over 51,Male,Owner,Below 1yr,Pick up upto 10 Quintal,Owner,Office areas,Undivided Two way,Tangent road with flat terrain,No junction,Asphalt roads,Dry,Daylight,Normal,Self-accident,2,1,Moving forward,Male,18-30,3,,,Not a Pedestrian,Driving at high speed,Serious Injury
11:00:00,Sunday,31-50,Male,Employee,5-10yr,Lorry (11 - 40 Quintal),Owner,Office areas,other,Tangent road with flat terrain,No junction,Asphalt roads,Dry,Daylight,Normal,Vehicle Collision,2,1,Moving forward,Male,18-30,3,,,Crossing from nearside - masked by parked or statioNot a Pedestrianry vehicle,Overtaking,Serious Injury
17:00:00,Tuesday,18-30,Male,Employee,Above 10yr,Motorcycle,Owner,Residential areas,other,Tangent road with flat terrain,No junction,Asphalt roads,Dry,Darkness - lights lit,Normal,Pedestrian Collision,1,1,Other,na,na,na,Driver,Normal,Not a Pedestrian,Other,Slight Injury
13:00:00,Sunday,Under 18,Male,Employee,5-10yr,Pick up upto 10 Quintal,Owner,Residential areas,One way,Tangent road with flat terrain,No junction,Asphalt roads,Dry,Daylight,Other,Vehicle Collision,2,1,Moving forward,Male,18-30,3,,Normal,Not a Pedestrian,Changing lane to the left,Serious Injury
13:00:00,Sunday,Under 18,Male,Employee,1-2yr,Lorry (11 - 40 Quintal),Owner,Other,One way,Tangent road with flat terrain,No junction,Asphalt roads,Dry,Daylight,Other,Vehicle Collision,2,1,Turning,Male,31-50,3,Driver,Normal,Not a Pedestrian,No priority to pedestrian,Serious Injury
14:00:00,Wednesday,18-30,Male,Owner,2-5yr,Lorry (11 - 40 Quintal),Owner, Church areas,Undivided Two way,Tangent road with flat terrain,Crossing,Gravel roads,Dry,Daylight,Raining,Pedestrian Collision,3,2,Moving forward,na,na,na,Driver,Normal,Not a Pedestrian,Changing lane to the left,Serious Injury
14:00:00,Wednesday,Over 51,Male,Employee,unknown,Automobile,Owner,  Recreational areas,other,Tangent road with flat terrain,Crossing,Asphalt roads,Dry,Daylight,Raining,Pedestrian Collision,3,2,Turning,Male,31-50,3,,,Not a Pedestrian,No distancing,Serious Injury
14:00:00,Wednesday,Over 51,Male,Employee,Above 10yr,Automobile,Owner, Industrial areas,Undivided Two way,Tangent road with flat terrain,Crossing,Asphalt roads,Dry,Daylight,Raining,Vehicle Collision,3,2,Moving forward,na,na,na,Self-employed,Normal,Not a Pedestrian,Moving Backward,Serious Injury
14:00:00,Wednesday,Over 51,Male,Owner,2-5yr,Other,Owner,Residential areas,other,,Crossing,Asphalt roads,Dry,Daylight,Raining,Vehicle Collision,3,2,Moving backward,Male,31-50,2,Driver,Normal,Crossing from nearside - masked by parked or statioNot a Pedestrianry vehicle,Changing lane to the left,Serious Injury
03:00:00,Friday,18-30,Male,Employee,5-10yr,Other,Owner,Residential areas,other,Tangent road with rolling terrain,Crossing,Asphalt roads,Dry,Darkness - lights unlit,Normal,Vehicle Collision,2,1,Moving forward,Female,18-30,2,Driver,Normal,Not a Pedestrian,Other,Serious Injury
03:00:00,Friday,18-30,Male,Employee,2-5yr,Automobile,Owner,Office areas,Double carriageway (median),Tangent road with flat terrain,Crossing,Asphalt roads,Dry,Darkness - lights unlit,Normal,Vehicle Collision,2,1,Moving forward,na,na,na,Driver,Normal,Not a Pedestrian,No distancing,Serious Injury
08:00:00,Monday,Unknown,Male,Employee,1-2yr,Taxi,Owner,  Market areas,Undivided Two way,Tangent road with flat terrain,O Shape,Asphalt roads,Wet or damp,Daylight,Unknown,Vehicle Collision,1,1,Moving forward,Male,18-30,3,Driver,Normal,Not a Pedestrian,Moving Backward,Slight Injury
13:00:00,Monday,18-30,Male,Employee,5-10yr,Other,Owner,Unknown,other,Tangent road with flat terrain,No junction,Asphalt roads,Dry,Daylight,Normal,Stationary Object Collision,3,1,Moving backward,Female,31-50,3,Driver,Normal,Not a Pedestrian,No distancing,Serious Injury
13:00:00,Monday,31-50,Male,Employee,2-5yr,Taxi,Owner, Industrial areas,other,Tangent road with flat terrain,No junction,Asphalt roads,Dry,Daylight,Normal,Vehicle Collision,3,1,Moving backward,Male,31-50,3,Driver,Normal,Not a Pedestrian,Changing lane to the left,Serious Injury
13:00:00,Monday,31-50,Male,Employee,5-10yr,Lorry (11 - 40 Quintal),Owner,Residential areas,Two-way (divided with solid lines road marking),Tangent road with flat terrain,No junction,Asphalt roads,Dry,Daylight,Normal,Vehicle Collision,3,1,Moving backward,Male,18-30,3,Driver,Normal,Not a Pedestrian,Changing lane to the left,Serious Injury
18:00:00,Saturday,18-30,Male,Owner,5-10yr,Automobile,Governmental,Residential areas,Undivided Two way,Tangent road with flat terrain,Y Shape,Asphalt roads,Dry,Darkness - lights unlit,Normal,Vehicle Collision,2,4,Moving forward,Female,31-50,3,Driver,Normal,Not a Pedestrian,No priority to pedestrian,Fatal injury
18:00:00,Saturday,18-30,Male,Employee,2-5yr,Other,Owner,Other,Undivided Two way,Tangent road with flat terrain,Y Shape,Asphalt roads,Dry,Darkness - lights unlit,Normal,Vehicle Collision,2,4,Moving forward,Male,18-30,3,Driver,Normal,Not a Pedestrian,Changing lane to the left,Fatal injury
18:00:00,Saturday,18-30,Male,Employee,2-5yr,Automobile,Governmental,Residential areas,other,Tangent road with flat terrain,Y Shape,Asphalt roads,Dry,Darkness - lights unlit,Normal,Vehicle Collision,2,4,Moving forward,na,na,na,Driver,Normal,Not a Pedestrian,Driving carelessly,Fatal injury
18:00:00,Saturday,18-30,Male,Employee,2-5yr,Automobile,Owner,Rural village areas,Undivided Two way,Gentle horizontal curve,Y Shape,Asphalt roads,Dry,Darkness - lights unlit,Normal,Vehicle Collision,2,4,Moving forward,Female,18-30,3,,,Not a Pedestrian,Driving carelessly,Fatal injury
17:00:00,Friday,18-30,Male,Employee,5-10yr,Automobile,Owner,Rural village areas,Undivided Two way,Gentle horizontal curve,No junction,Asphalt roads,Wet or damp,Darkness - lights lit,Normal,Vehicle Collision,2,2,Moving backward,Female,31-50,3,Self-employed,Normal,Unknown or other,No priority to pedestrian,Slight Injury
17:00:00,Friday,18-30,Male,Employee,1-2yr,Automobile,Owner,Office areas,Double carriageway (median),Tangent road with flat terrain,No junction,Asphalt roads,Wet or damp,Darkness - lights lit,Normal,Vehicle Collision,2,2,Moving forward,Male,Under 18,3,Self-employed,Normal,Not a Pedestrian,Getting off the vehicle improperly,Slight Injury
13:00:00,Thursday,Unknown,Male,Owner,2-5yr,Lorry (41 - 100 Quintal),Owner,Residential areas,Undivided Two way,Gentle horizontal curve,No junction,Asphalt roads,Dry,Daylight,Unknown,Vehicle Collision,2,1,Moving backward,na,na,na,Driver,Normal,Not a Pedestrian,No distancing,Slight Injury
13:00:00,Thursday,31-50,Male,Owner,2-5yr,Other,Owner,Residential areas,other,Tangent road with flat terrain,No junction,Asphalt roads,Dry,Daylight,Unknown,Vehicle Collision,2,1,Moving backward,Male,31-50,3,Driver,Normal,Not a Pedestrian,Changing lane to the left,Slight Injury
06:00:00,Thursday,18-30,Male,Employee,5-10yr,Pick up upto 10 Quintal,Owner, Outside rural areas,other,Tangent road with flat terrain,No junction,Asphalt roads,Dry,Darkness - lights lit,Normal,Vehicle Collision,1,1,Moving forward,na,na,na,Self-employed,Normal,Not a Pedestrian,No priority to vehicle,Serious Injury
17:00:00,Tuesday,18-30,Male,Owner,1-2yr,Pick up upto 10 Quintal,Owner,Residential areas,other,Tangent road with flat terrain,Y Shape,Asphalt roads,Wet or damp,Daylight,Raining,Vehicle Collision,1,1,Other,na,na,na,Self-employed,Normal,Not a Pedestrian,No distancing,Slight Injury
17:00:00,Wednesday,Unknown,Male,Employee,Below 1yr,Automobile,Owner, Church areas,other,Tangent road with flat terrain,Crossing,Asphalt roads,Dry,Daylight,Normal,Vehicle Collision,2,1,Moving forward,Male,18-30,2,,,Not a Pedestrian,No priority to pedestrian,Slight Injury
17:00:00,Wednesday,18-30,Male,Employee,1-2yr,Long lorry,Owner,Office areas,Undivided Two way,Tangent road with flat terrain,Crossing,Earth roads,Dry,Daylight,Normal,Vehicle Collision,2,1,Other,na,na,na,Employee,Normal,Not a Pedestrian,No priority to pedestrian,Slight Injury