Time,Day,Age_band_of_driver,Sex_of_driver,Vehicle_driver_relation,Driving_experience,Type_of_vehicle,Owner_of_vehicle,Area_accident_occured,Lanes_or_Medians,Road_allignment,Types_of_Junction,Road_surface_type,Road_surface_conditions,Light_conditions,Weather_conditions,Type_of_collision,Number_of_vehicles_involved,Number_of_casualties,Vehicle_movement,Sex_of_casualty,Age_band_of_casualty,Casualty_severity,Work_of_casuality,Fitness_of_casuality,Pedestrian_movement,Cause_of_accident,Accident_severity
07:00:00,Wednesday,31-50,Male,Employee,1-2yr,Automobile,Owner,Office areas,Two-way (divided with broken lines road marking),Tangent road with mountainous terrain and,Y Shape,Asphalt roads,Dry,Daylight,Normal,Vehicle Collision,1,1,Moving forward,Male,31-50,3,,,Not a Pedestrian,No priority to vehicle,Slight Injury
18:00:00,Friday,Unknown,Female,Employee,Above 10yr,Public (13 - 45 seats),Governmental,Office areas,Two-way (divided with broken lines road marking),Escarpments,Other,Asphalt roads,Dry,Daylight,Normal,Stationary Object Collision,2,4,Moving backward,Male,18-30,3,,,Not a Pedestrian,Driving carelessly,Slight Injury
18:00:00,Friday,31-50,Male,Employee,1-2yr,Lorry (41 - 100 Quintal),Owner,Other,Undivided Two way,Tangent road with mountainous terrain and,Other,Asphalt roads,Dry,Daylight,Normal,Vehicle Collision,2,4,Moving forward,Female,Over 51,3,,,Not a Pedestrian,Changing lane to the right,Slight Injury
18:00:00,Friday,31-50,Male,Employee,2-5yr,Public (13 - 45 seats),Owner,Other,Undivided Two way,Tangent road with flat terrain,Other,Asphalt roads,Dry,Daylight,Normal,Vehicle Collision,2,4,Moving forward,Male,18-30,3,Driver,Normal,Not a Pedestrian,Changing lane to the left,Slight Injury
18:00:00,Friday,31-50,Male,Other,2-5yr,Other,Owner,Residential areas,Two-way (divided with broken lines road marking),Tangent road with flat terrain,Other,Asphalt roads,Dry,Daylight,Normal,Vehicle Collision,2,4,Moving forward,Male,31-50,3,Driver,Normal,Not a Pedestrian,Moving Backward,Slight Injury
18:00:00,Friday,31-50,Male,Employee,Above 10yr,Lorry (41 - 100 Quintal),Owner,Other,Two-way (divided with broken lines road marking),Tangent road with flat terrain,Other,Asphalt roads,Dry,Daylight,Normal,Vehicle Collision,2,4,Moving forward,na,na,na,Driver,Normal,Not a Pedestrian,Driving carelessly,Slight Injury
12:00:00,Saturday,Unknown,Male,Employee,5-10yr,Lorry (41 - 100 Quintal),Owner,Other,Undivided Two way,Tangent road with mild grade and flat terrain,No junction,Asphalt roads,Dry,Daylight,Normal,Pedestrian Collision,2,1,Moving forward,Male,31-50,3,Driver,Normal,Not a Pedestrian,Driving to the left,Slight Injury
12:00:00,Saturday,31-50,Male,Employee,1-2yr,Long lorry,Owner,Other,Two-way (divided with broken lines road marking),Tangent road with flat terrain,No junction,Gravel roads,Dry,Daylight,Normal,Vehicle Collision,2,1,Moving forward,Male,18-30,3,Driver,Normal,Not a Pedestrian,Driving to the left,Slight Injury
16:00:00,Saturday,Unknown,Male,Employee,5-10yr,Pick up upto 10 Quintal,Governmental,Other,Undivided Two way,Tangent road with flat terrain,Y Shape,Asphalt roads,Wet or damp,Daylight,Normal,Vehicle Collision,2,2,Moving forward,na,na,na,Self-employed,Normal,Not a Pedestrian,No priority to pedestrian,Slight Injury
16:00:00,Saturday,31-50,Male,Employee,2-5yr,Pick up upto 10 Quintal,Owner,Other,Double carriageway (median),Tangent road with mild grade and flat terrain,Y Shape,Asphalt roads,Wet or damp,Daylight,Normal,Vehicle Collision,2,2,Other,Male,Under 18,3,Self-employed,Normal,Not a Pedestrian,Changing lane to the left,Slight Injury
16:00:00,Saturday,31-50,Male,Employee,1-2yr,Lorry (41 - 100 Quintal),Owner,Other,Two-way (divided with broken lines road marking),Tangent road with flat terrain,Y Shape,Asphalt roads,Wet or damp,Daylight,Normal,Vehicle Collision,2,2,Moving forward,na,na,na,Self-employed,Normal,Not a Pedestrian,Changing lane to the right,Slight Injury
19:00:00,Thursday,31-50,Male,Employee,Above 10yr,Lorry (41 - 100 Quintal),Owner, Church areas,Two-way (divided with broken lines road marking),Tangent road with flat terrain,Crossing,Other,Dry,Darkness - lights lit,Normal,Vehicle Collision,2,1,Moving forward,Female,18-30,3,Self-employed,Normal,Not a Pedestrian,Driving carelessly,Slight Injury
19:00:00,Thursday,18-30,Male,Employee,2-5yr,Automobile,Owner,Other,Undivided Two way,Tangent road with flat terrain,Crossing,Asphalt roads,Dry,Darkness - lights lit,Normal,Vehicle Collision,2,1,Moving forward,na,na,na,,,Not a Pedestrian,No distancing,Slight Injury
01:00:00,Monday,18-30,Male,Employee,5-10yr,Other,Organization, Industrial areas,Two-way (divided with broken lines road marking),Tangent road with flat terrain,Y Shape,Asphalt roads,Dry,Darkness - lights lit,Normal,Vehicle Collision,2,1,Moving forward,Male,18-30,3,Self-employed,Normal,Not a Pedestrian,Getting off the vehicle improperly,Slight Injury
01:00:00,Monday,Unknown,Male,Employee,1-2yr,Automobile,Owner,Residential areas,Double carriageway (median),Tangent road with flat terrain,Y Shape,Asphalt roads,Dry,Darkness - lights lit,Normal,Vehicle Collision,2,1,Moving backward,na,na,na,Self-employed,Normal,Not a Pedestrian,Driving under the influence of drugs,Slight Injury
17:00:00,Thursday,Under 18,Male,Employee,5-10yr,Other,Governmental,Other,Two-way (divided with broken lines road marking),Tangent road with flat terrain,Y Shape,Asphalt roads,Dry,Darkness - lights lit,Normal,Pedestrian Collision,2,1,Moving forward,Female,18-30,3,Self-employed,Normal,Not a Pedestrian,Changing lane to the right,Slight Injury
17:00:00,Thursday,Unknown,Male,Employee,5-10yr,Automobile,Owner,Office areas,Two-way (divided with broken lines road marking),Tangent road with flat terrain,Y Shape,Asphalt roads,Dry,Darkness - lights lit,Normal,Vehicle Collision,2,1,Moving forward,Female,18-30,3,Driver,Normal,Not a Pedestrian,Driving carelessly,Slight Injury
07:00:00,Wednesday,Unknown,Female,Employee,5-10yr,Pick up upto 10 Quintal,Owner, Industrial areas,Unknown,Tangent road with flat terrain,Y Shape,Asphalt roads,Dry,Darkness - lights lit,Normal,Vehicle Collision,2,1,Other,na,na,na,,,Not a Pedestrian,Moving Backward,Slight Injury
07:00:00,Wednesday,Under 18,Male,Employee,2-5yr,Automobile,Owner, Industrial areas,Double carriageway (median),Tangent road with flat terrain,Y Shape,Asphalt roads,Dry,Darkness - lights lit,Normal,Vehicle Collision,2,1,Moving forward,Male,31-50,3,Driver,Normal,Not a Pedestrian,Turnover,Slight Injury
08:00:00,Monday,31-50,Male,Employee,5-10yr,Public (12 seats),Owner,Other,Two-way (divided with broken lines road marking),Tangent road with flat terrain,Y Shape,Asphalt roads,Wet or damp,Daylight,Raining,Vehicle Collision,2,1,Moving forward,Male,18-30,3,Driver,Normal,Not a Pedestrian,Changing lane to the right,Slight Injury
08:00:00,Monday,31-50,Male,Employee,2-5yr,Automobile,Organization, Hospital areas,Two-way (divided with broken lines road marking),Tangent road with flat terrain,Y Shape,Asphalt roads,Wet or damp,Daylight,Raining,Stationary Object Collision,2,1,Moving forward,na,na,na,Self-employed,Normal,Not a Pedestrian,Driving carelessly,Slight Injury
14:00:00,Saturday,31-50,Male,Employee,1-2yr,Other,Owner,Office areas,One way,Tangent road with flat terrain,Y Shape,Asphalt roads,Dry,Daylight,Normal,Vehicle Collision,1,1,Turning,Male,18-30,3,Driver,Normal,Not a Pedestrian,No priority to vehicle,Serious Injury
11:00:00,Tuesday,18-30,Male,Employee,1-2yr,Public (12 seats),Owner, Church areas,Undivided Two way,Tangent road with flat terrain,No junction,Asphalt roads,Dry,Daylight,Normal,Vehicle Collision,2,2,Moving forward,na,na,na,Driver,Normal,Not a Pedestrian,Moving Backward,Slight Injury
11:00:00,Tuesday,18-30,Male,Employee,5-10yr,Stationwagen,Organization, Hospital areas,Undivided Two way,Tangent road with mountainous terrain and,No junction,Asphalt roads,Dry,Daylight,Normal,Vehicle Collision,2,2,Moving forward,na,na,na,,,Not a Pedestrian,Changing lane to the left,Slight Injury
13:00:00,Monday,Under 18,Male,Employee,unknown,Lorry (41 - 100 Quintal),Owner,Office areas,other,Tangent road with flat terrain,Y Shape,Asphalt roads,Wet or damp,Daylight,Raining,Vehicle Collision,2,2,Moving backward,Male,31-50,3,Driver,Normal,Not a Pedestrian,Overturning,Slight Injury
13:00:00,Monday,Under 18,Male,Employee,5-10yr,Lorry (41 - 100 Quintal),Owner,Other,Two-way (divided with broken lines road marking),Escarpments,Y Shape,Asphalt roads,Wet or damp,Daylight,Raining,Vehicle Collision,2,2,Other,na,na,na,Driver,Normal,Not a Pedestrian,No distancing,Slight Injury
13:00:00,Monday,31-50,Male,Employee,1-2yr,Lorry (41 - 100 Quintal),Owner,Office areas,Undivided Two way,Tangent road with flat terrain,Y Shape,Gravel roads,Wet or damp,Daylight,Raining,Vehicle Collision,2,2,Moving forward,Male,18-30,3,Driver,Normal,Not a Pedestrian,Driving carelessly,Slight Injury
12:00:00,Saturday,Unknown,Female,Employee,2-5yr,Automobile,Owner,Office areas,Two-way (divided with broken lines road marking),Tangent road with mountainous terrain and,No junction,Asphalt roads,Wet or damp,Daylight,Normal,Vehicle Collision,1,1,Moving forward,na,na,na,Driver,Normal,Not a Pedestrian,No distancing,Slight Injury
09:00:00,Tuesday,Unknown,Male,Employee,Above 10yr,Lorry (41 - 100 Quintal),Owner,Other,Double carriageway (median),Steep grade downward with mountainous terrain,Y Shape,Asphalt roads,Dry,Daylight,Normal,Stationary Object Collision,2,1,Moving backward,Male,31-50,3,Driver,Normal,Not a Pedestrian,Changing lane to the left,Slight Injury
09:00:00,Tuesday,Over 51,Male,Owner,5-10yr,Automobile,Owner,Office areas,Undivided Two way,Tangent road with mild grade and flat terrain,Y Shape,Asphalt roads,Dry,Daylight,Normal,Vehicle Collision,2,1,Moving backward,na,na,na,Self-employed,Normal,Not a Pedestrian,No priority to pedestrian,Slight Injury
12:00:00,Saturday,Unknown,Male,Employee,1-2yr,Public (12 seats),Owner,Residential areas,Undivided Two way,Tangent road with flat terrain,Other,Other,Dry,Daylight,Normal,Vehicle Collision,2,1,Moving forward,Male,Over 51,3,,,Not a Pedestrian,No distancing,Slight Injury
12:00:00,Saturday,Over 51,Male,Employee,Above 10yr,Automobile,Owner,Other,Two-way (divided with broken lines road marking),Tangent road with flat terrain,Other,Asphalt roads,Dry,Daylight,Normal,Vehicle Collision,2,1,Moving forward,Male,31-50,3,Self-employed,Normal,Not a Pedestrian,No distancing,Slight Injury
21:00:00,Wednesday,31-50,Male,Employee,1-2yr,Stationwagen,Owner,Office areas,Double carriageway (median),Tangent road with flat terrain,Other,Other,Dry,Darkness - lights lit,Normal,Vehicle Collision,1,1,Moving backward,na,na,na,Driver,Normal,Not a Pedestrian,Changing lane to the left,Slight Injury
13:00:00,Saturday,Over 51,Male,Employee,2-5yr,Automobile,Owner,Office areas,Undivided Two way,Tangent road with mountainous terrain and,No junction,Asphalt roads,Wet or damp,Daylight,Normal,Self-accident,3,4,Moving forward,Male,Under 18,3,,,Not a Pedestrian,No distancing,Slight Injury
13:00:00,Saturday,Over 51,Male,Employee,Above 10yr,Lorry (41 - 100 Quintal),Owner,Office areas,other,Tangent road with flat terrain,No junction,Asphalt roads,Wet or damp,Daylight,Normal,Vehicle Collision,3,4,Moving forward,na,na,na,,,Not a Pedestrian,Changing lane to the left,Slight Injury
13:00:00,Saturday,Over 51,Male,Employee,2-5yr,Other,Owner,Other,Two-way (divided with broken lines road marking),Tangent road with mild grade and flat terrain,No junction,Asphalt roads,Wet or damp,Daylight,Normal,Vehicle Collision,3,4,Moving forward,na,na,na,Driver,Normal,Not a Pedestrian,No distancing,Slight Injury
13:00:00,Saturday,31-50,Male,Employee,5-10yr,Pick up upto 10 Quintal,Owner, Church areas,Undivided Two way,Tangent road with flat terrain,No junction,Asphalt roads,Wet or damp,Daylight,Normal,Stationary Object Collision,3,4,Moving forward,Male,31-50,3,Driver,Normal,Not a Pedestrian,No distancing,Slight Injury
12:00:00,Monday,18-30,Male,Employee,5-10yr,Automobile,Owner, Industrial areas,Undivided Two way,Tangent road with flat terrain,Other,Asphalt roads,Dry,Daylight,Normal,Vehicle Collision,2,1,Moving forward,Male,5,3,Driver,Normal,Not a Pedestrian,No distancing,Slight Injury
12:00:00,Monday,31-50,Male,Employee,1-2yr,Lorry (41 - 100 Quintal),Owner,Office areas,Double carriageway (median),Tangent road with flat terrain,Other,Asphalt roads,Dry,Daylight,Normal,Vehicle Collision,2,1,Moving forward,na,na,na,Self-employed,Normal,Not a Pedestrian,Changing lane to the left,Slight Injury
21:00:00,Saturday,18-30,Male,Employee,5-10yr,Automobile,Owner, Church areas,Undivided Two way,Tangent road with flat terrain,No junction,Asphalt roads,Dry,Darkness - lights lit,Other,Vehicle Collision,2,2,Moving forward,Female,18-30,3,Driver,Normal,Not a Pedestrian,Changing lane to the right,Slight Injury
21:00:00,Saturday,18-30,Male,Employee,5-10yr,Public (13 - 45 seats),Owner,Office areas,Undivided Two way,Tangent road with flat terrain,No junction,Asphalt roads,Dry,Darkness - lights lit,Other,Stationary Object Collision,2,2,Moving forward,Male,Over 51,2,Self-employed,Normal,Not a Pedestrian,Moving Backward,Slight Injury
17:00:00,Sunday,Unknown,Male,Employee,1-2yr,Automobile,Owner,Office areas,other,Tangent road with flat terrain,No junction,Asphalt roads,Dry,Daylight,Other,Stationary Object Collision,1,1,Moving backward,na,na,na,Driver,Normal,Not a Pedestrian,Changing lane to the right,Slight Injury
15:00:00,Sunday,18-30,Male,Employee,5-10yr,Lorry (41 - 100 Quintal),Owner,Residential areas,Two-way (divided with broken lines road marking),Tangent road with flat terrain,No junction,Asphalt roads,Wet or damp,Daylight,Normal,Vehicle Collision,1,1,Moving forward,Male,31-50,3,Driver,Normal,Not a Pedestrian,No distancing,Slight Injury
08:00:00,Sunday,18-30,Male,Employee,5-10yr,Public (12 seats),Owner,Office areas,Two-way (divided with broken lines road marking),Tangent road with flat terrain,No junction,Asphalt roads,Dry,Daylight,Normal,Vehicle Collision,2,1,Moving forward,Female,18-30,3,,,Not a Pedestrian,Overtaking,Slight Injury
08:00:00,Sunday,31-50,Male,Employee,2-5yr,Motorcycle,Owner,Residential areas,Undivided Two way,Tangent road with flat terrain,No junction,Asphalt roads,Dry,Daylight,Normal,Stationary Object Collision,2,1,Moving forward,Female,31-50,3,,,Unknown or other,Other,Slight Injury
21:00:00,Wednesday,Unknown,Male,Employee,1-2yr,Public (12 seats),Owner,Office areas,Double carriageway (median),Tangent road with flat terrain,Y Shape,Asphalt roads,Dry,Darkness - lights lit,Normal,Stationary Object Collision,1,1,Moving forward,na,na,na,Self-employed,Normal,Not a Pedestrian,Other,Fatal injury
19:00:00,Sunday,Unknown,Female,Employee,5-10yr,Lorry (41 - 100 Quintal),Owner,Office areas,Double carriageway (median),Tangent road with flat terrain,Crossing,Asphalt roads,Dry,Darkness - lights lit,Normal,Vehicle Collision,2,1,Moving forward,Male,31-50,3,Driver,Normal,Not a Pedestrian,Changing lane to the right,Slight Injury
19:00:00,Sunday,31-50,Male,Employee,Below 1yr,Automobile,Owner,Other,Two-way (divided with broken lines road marking),Tangent road with flat terrain,Crossing,Asphalt roads,Dry,Darkness - lights lit,Normal,Vehicle Collision,2,1,Moving forward,na,na,na,Driver,Normal,Not a Pedestrian,No priority to pedestrian,Slight Injury
16:00:00,Friday,Unknown,Male,Employee,5-10yr,Lorry (41 - 100 Quintal),Owner,Other,Two-way (divided with broken lines road marking),Tangent road with flat terrain,Crossing,Asphalt roads,Dry,Daylight,Normal,Vehicle Collision,1,1,Other,Male,Over 51,2,Self-employed,Normal,Not a Pedestrian,No priority to vehicle,Slight Injury
19:00:00,Tuesday,18-30,Male,Owner,5-10yr,Stationwagen,Owner,Residential areas,Two-way (divided with broken lines road marking),Tangent road with flat terrain,No junction,Asphalt roads,Dry,Darkness - lights unlit,Normal,Stationary Object Collision,2,3,Moving backward,na,na,na,Driver,Normal,Not a Pedestrian,Changing lane to the left,Slight Injury
19:00:00,Tuesday,18-30,Male,Owner,5-10yr,Pick up upto 10 Quintal,Owner, Church areas,Two-way (divided with broken lines road marking),Tangent road with flat terrain,No junction,Asphalt roads,Dry,Darkness - lights unlit,Normal,Vehicle Collision,2,3,Other,Male,18-30,3,Driver,Normal,Not a Pedestrian,Changing lane to the left,Slight Injury
19:00:00,Tuesday,18-30,Male,Employee,5-10yr,Automobile,Governmental, Church areas,Double carriageway (median),Tangent road with flat terrain,No junction,Asphalt roads,Dry,Darkness - lights unlit,Normal,Vehicle Collision,2,3,Moving forward,na,na,na,,Normal,Not a Pedestrian,Overtaking,Slight Injury
11:00:00,Tuesday,Under 18,Male,Employee,2-5yr,Automobile,Owner,Residential areas,Double carriageway (median),Tangent road with flat terrain,Other,Asphalt roads,Dry,Daylight,Normal,Vehicle Collision,2,2,Moving forward,Male,31-50,3,Driver,Normal,Not a Pedestrian,No distancing,Slight Injury
11:00:00,Tuesday,Under 18,Male,Employee,5-10yr,Automobile,Owner,Office areas,Two-way (divided with broken lines road marking),Tangent road with mild grade and flat terrain,Other,Asphalt roads,Dry,Daylight,Normal,Self-accident,2,2,Moving forward,Male,18-30,3,Self-employed,Normal,Not a Pedestrian,No priority to vehicle,Slight Injury
18:00:00,Thursday,18-30,Male,Employee,Above 10yr,Other,Owner,Office areas,Two-way (divided with broken lines road marking),Tangent road with mild grade and flat terrain,No junction,Earth roads,Dry,Daylight,Normal,Vehicle Collision,1,2,Other,Male,5,3,Self-employed,Normal,Not a Pedestrian,Changing lane to the right,Slight Injury
18:00:00,Thursday,18-30,Male,Employee,Below 1yr,Automobile,Owner,Residential areas,Two-way (divided with broken lines road marking),Tangent road with flat terrain,No junction,Asphalt roads,Dry,Daylight,Normal,Vehicle Collision,1,2,Moving forward,na,na,na,,Normal,Not a Pedestrian,Changing lane to the left,Slight Injury
19:00:00,Friday,Unknown,Male,Employee,5-10yr,Public (13 - 45 seats),Owner, Church areas,other,Tangent road with flat terrain,Crossing,Asphalt roads,Dry,Darkness - lights lit,Normal,Pedestrian Collision,2,1,Moving forward,na,na,na,Self-employed,Normal,Not a Pedestrian,No distancing,Slight Injury
19:00:00,Friday,18-30,Male,Employee,2-5yr,Public (13 - 45 seats),Owner,Other,Two-way (divided with broken lines road marking),Tangent road with flat terrain,Crossing,Asphalt roads,Dry,Darkness - lights lit,Normal,Vehicle Collision,2,1,Moving forward,Female,18-30,3,Driver,Normal,Not a Pedestrian,Driving carelessly,Slight Injury
09:00:00,Tuesday,18-30,Male,Employee,2-5yr,Automobile,Owner,Office areas,Two-way (divided with broken lines road marking),Tangent road with flat terrain,No junction,Asphalt roads,Dry,Daylight,Normal,Vehicle Collision,2,1,Moving forward,na,na,na,Driver,Normal,Not a Pedestrian,No priority to pedestrian,Slight Injury
09:00:00,Tuesday,Unknown,Male,Employee,1-2yr,Public (12 seats),Owner,Other,Two-way (divided with broken lines road marking),Tangent road with flat terrain,No junction,Asphalt roads,Dry,Daylight,Normal,Vehicle Collision,2,1,Moving forward,Male,18-30,3,,Normal,Not a Pedestrian,Driving carelessly,Slight Injury
17:00:00,Friday,Under 18,Male,Employee,2-5yr,Public (12 seats),Owner,Other,Two-way (divided with broken lines road marking),Tangent road with flat terrain,Y Shape,Asphalt roads,Dry,Daylight,Normal,Vehicle Collision,2,1,Moving forward,Male,18-30,3,Driver,Normal,"In carriageway, statioNot a Pedestrianry - not crossing  (standing or playing) - masked by parked or statioNot a Pedestrianry vehicle",Moving Backward,Slight Injury
17:00:00,Friday,Unknown,Male,Employee,2-5yr,Lorry (41 - 100 Quintal),Owner,Other,,Tangent road with flat terrain,Y Shape,Asphalt roads,Dry,Daylight,Normal,Stationary Object Collision,2,1,Moving backward,na,na,na,Driver,Normal,Not a Pedestrian,No distancing,Slight Injury
21:00:00,Thursday,Under 18,Male,Employee,Above 10yr,Automobile,Governmental,Residential areas,Two-way (divided with broken lines road marking),,No junction,Asphalt roads,Dry,Darkness - lights lit,Normal,Vehicle Collision,2,1,Moving backward,Female,Over 51,2,Driver,Normal,Not a Pedestrian,No distancing,Serious Injury
21:00:00,Thursday,Under 18,Male,Employee,Below 1yr,Pick up upto 10 Quintal,Owner, Church areas,Undivided Two way,Tangent road with flat terrain,No junction,Asphalt roads,Dry,Darkness - lights lit,Normal,Vehicle Collision,2,1,Moving forward,Male,18-30,3,Self-employed,Normal,Not a Pedestrian,No distancing,Serious Injury
14:00:00,Thursday,Unknown,Male,Employee,2-5yr,Pick up upto 10 Quintal,Owner,Other,Undivided Two way,Tangent road with flat terrain,Y Shape,Asphalt roads,Dry,Daylight,Normal,Vehicle Collision,3,1,Moving forward,na,na,na,Driver,Normal,Not a Pedestrian,Changing lane to the left,Slight Injury
14:00:00,Thursday,31-50,Male,Employee,Above 10yr,Lorry (41 - 100 Quintal),Owner,Other,One way,Tangent road with flat terrain,Y Shape,Gravel roads,Dry,Daylight,Normal,Vehicle Collision,3,1,Turning,Female,Under 18,3,Driver,Normal,Crossing from nearside - masked by parked or statioNot a Pedestrianry vehicle,Changing lane to the left,Slight Injury
14:00:00,Thursday,18-30,Male,Employee,Above 10yr,Automobile,Owner,Residential areas,Two-way (divided with broken lines road marking),Tangent road with flat terrain,Y Shape,Asphalt roads,Dry,Daylight,Normal,Stationary Object Collision,3,1,Moving forward,Male,31-50,3,,Normal,Not a Pedestrian,Moving Backward,Slight Injury
16:00:00,Thursday,Unknown,Male,Employee,5-10yr,Stationwagen,Owner,Office areas,One way,Tangent road with flat terrain,No junction,Earth roads,Dry,Daylight,Normal,Vehicle Collision,1,2,Moving forward,Male,18-30,3,Driver,Normal,Not a Pedestrian,Changing lane to the right,Slight Injury
16:00:00,Thursday,Unknown,Male,Employee,Above 10yr,Motorcycle,Owner, Industrial areas,Two-way (divided with broken lines road marking),Tangent road with flat terrain,No junction,Asphalt roads,Dry,Daylight,Normal,Stationary Object Collision,1,2,Moving forward,Male,18-30,2,,,Not a Pedestrian,No priority to vehicle,Slight Injury
17:00:00,Monday,18-30,Male,Employee,1-2yr,Automobile,Governmental,Residential areas,Double carriageway (median),Tangent road with flat terrain,No junction,Asphalt roads,Dry,Daylight,Normal,Vehicle Collision,2,2,Moving forward,na,na,na,,,Not a Pedestrian,Moving Backward,Slight Injury
17:00:00,Monday,18-30,Male,Employee,2-5yr,Other,Owner,Office areas,Unknown,Tangent road with flat terrain,No junction,Asphalt roads,Dry,Daylight,Normal,Self-accident,2,2,Moving forward,na,na,na,,,Not a Pedestrian,Driving carelessly,Slight Injury
17:00:00,Monday,31-50,Male,Employee,2-5yr,Automobile,Owner,Other,,Tangent road with flat terrain,No junction,Earth roads,Dry,Daylight,Normal,Vehicle Collision,2,2,Moving forward,Male,31-50,3,Self-employed,Normal,Not a Pedestrian,Driving carelessly,Slight Injury
18:00:00,Friday,31-50,Male,Other,5-10yr,Automobile,Owner, Church areas,other,Tangent road with flat terrain,No junction,Asphalt roads,Dry,Daylight,Normal,Vehicle Collision,1,1,Moving forward,Male,31-50,3,Self-employed,Normal,Not a Pedestrian,Driving under the influence of drugs,Slight Injury
22:00:00,Thursday,18-30,Male,Employee,5-10yr,Automobile,Owner, Industrial areas,,Tangent road with flat terrain,Other,Asphalt roads,Dry,Darkness - lights lit,Normal,Vehicle Collision,3,1,Moving forward,na,na,na,Driver,Normal,Not a Pedestrian,No priority to pedestrian,Serious Injury
22:00:00,Thursday,31-50,Male,Owner,5-10yr,Public (> 45 seats),Owner,  Recreational areas,One way,Tangent road with flat terrain,Other,Asphalt roads,Dry,Darkness - lights lit,Normal,Vehicle Collision,3,1,Moving forward,Male,18-30,3,Self-employed,Normal,Not a Pedestrian,No priority to vehicle,Serious Injury
22:00:00,Thursday,31-50,Male,Employee,Above 10yr,Automobile,Owner,  Market areas,Undivided Two way,Tangent road with flat terrain,Other,Asphalt roads,Dry,Darkness - lights lit,Normal,Vehicle Collision,3,1,Other,Male,Under 18,3,Driver,Normal,Not a Pedestrian,Driving carelessly,Serious Injury
18:00:00,Thursday,18-30,Male,Employee,Below 1yr,Other,Owner,Other,Two-way (divided with broken lines road marking),Tangent road with flat terrain,No junction,Asphalt roads,Dry,Daylight,Normal,Pedestrian Collision,1,1,Exiting,Male,Over 51,3,Self-employed,Normal,Crossing from nearside - masked by parked or statioNot a Pedestrianry vehicle,Moving Backward,Serious Injury
16:00:00,Friday,31-50,Male,Other,Below 1yr,Automobile,Owner,Other,Two-way (divided with broken lines road marking),Tangent road with flat terrain,No junction,Asphalt roads,Dry,Daylight,Normal,Self-accident,2,3,Moving forward,Male,31-50,3,Employee,Normal,Not a Pedestrian,Driving carelessly,Slight Injury
16:00:00,Friday,31-50,Male,Employee,Above 10yr,Other,Owner, Industrial areas,Two-way (divided with broken lines road marking),,No junction,Asphalt roads,Dry,Daylight,Normal,Vehicle Collision,2,3,Moving forward,na,na,na,Driver,Normal,Not a Pedestrian,No priority to vehicle,Slight Injury
16:00:00,Friday,31-50,Male,Owner,5-10yr,Lorry (41 - 100 Quintal),Governmental,Other,Two-way (divided with broken lines road marking),Tangent road with flat terrain,No junction,Asphalt roads,Dry,Daylight,Normal,Self-accident,2,3,Moving forward,Female,18-30,3,Driver,Normal,Crossing from nearside - masked by parked or statioNot a Pedestrianry vehicle,Changing lane to the right,Slight Injury
16:00:00,Wednesday,Under 18,Male,Owner,5-10yr,Pick up upto 10 Quintal,Governmental,Office areas,other,Tangent road with flat terrain,No junction,Asphalt roads,Dry,Daylight,Normal,Vehicle Collision,2,1,Other,na,na,na,Driver,Normal,Not a Pedestrian,Changing lane to the left,Slight Injury
16:00:00,Wednesday,18-30,Male,Employee,2-5yr,Public (13 - 45 seats),Owner,Other,other,Tangent road with flat terrain,No junction,Asphalt roads,Dry,Daylight,Normal,Vehicle Collision,2,1,Moving forward,Male,18-30,3,Driver,Normal,Not a Pedestrian,No priority to vehicle,Slight Injury
21:00:00,Friday,18-30,Male,Employee,2-5yr,Automobile,Owner,Office areas,Two-way (divided with broken lines road marking),Tangent road with flat terrain,Y Shape,Asphalt roads,Dry,Darkness - lights lit,Normal,Vehicle Collision,2,4,Moving backward,Female,Under 18,3,Driver,Normal,Not a Pedestrian,Driving carelessly,Slight Injury
21:00:00,Friday,18-30,Male,Employee,5-10yr,Pick up upto 10 Quintal,Owner,Office areas,Undivided Two way,Tangent road with flat terrain,Y Shape,Asphalt roads,Dry,Darkness - lights lit,Normal,Self-accident,2,4,Other,Male,31-50,3,Driver,Normal,Not a Pedestrian,Moving Backward,Slight Injury
21:00:00,Friday,31-50,Male,Owner,2-5yr,Automobile,Organization,Other,other,Tangent road with flat terrain,Y Shape,Asphalt roads,Dry,Darkness - lights lit,Normal,Vehicle Collision,2,4,Moving forward,Male,Over 51,3,Self-employed,Normal,Not a Pedestrian,No distancing,Slight Injury
21:00:00,Friday,31-50,Male,Employee,5-10yr,Lorry (41 - 100 Quintal),Governmental,Other,other,Tangent road with flat terrain,Y Shape,Asphalt roads,Dry,Darkness - lights lit,Normal,Stationary Object Collision,2,4,Moving forward,na,na,na,Self-employed,Normal,Not a Pedestrian,Changing lane to the left,Slight Injury
19:00:00,Friday,31-50,Male,Employee,2-5yr,Automobile,Owner,Other,Undivided Two way,Tangent road with flat terrain,Crossing,Asphalt roads,Dry,Daylight,Normal,Vehicle Collision,2,1,Moving forward,Female,31-50,2,Self-employed,Normal,Not a Pedestrian,Changing lane to the left,Slight Injury
19:00:00,Friday,31-50,Male,Employee,5-10yr,Lorry (41 - 100 Quintal),Owner,Other,other,Tangent road with flat terrain,Crossing,Asphalt roads,Dry,Daylight,Normal,Vehicle Collision,2,1,Moving forward,na,na,na,Driver,Normal,Not a Pedestrian,No distancing,Slight Injury