Time,Day,Age_band_of_driver,Sex_of_driver,Vehicle_driver_relation,Driving_experience,Type_of_vehicle,Owner_of_vehicle,Area_accident_occured,Lanes_or_Medians,Road_allignment,Types_of_Junction,Road_surface_type,Road_surface_conditions,Light_conditions,Weather_conditions,Type_of_collision,Number_of_vehicles_involved,Number_of_casualties,Vehicle_movement,Sex_of_casualty,Age_band_of_casualty,Casualty_severity,Work_of_casuality,Fitness_of_casuality,Pedestrian_movement,Cause_of_accident,Accident_severity
16:00:00,Wednesday,18-30,Male,Employee,Above 10yr,Lorry (11 - 40 Quintal),Owner,Other,Two-way (divided with broken lines road marking),Tangent road with flat terrain,Other,Asphalt roads,Dry,Daylight,Normal,Vehicle Collision,2,1,Other,na,na,na,,Normal,Not a Pedestrian,No distancing,Slight Injury
11:00:00,Thursday,18-30,Male,Employee,5-10yr,Pick up upto 10 Quintal,Owner,Other,Two-way (divided with broken lines road marking),Tangent road with flat terrain,No junction,Asphalt roads,Dry,Daylight,Normal,Stationary Object Collision,2,1,Moving forward,Male,18-30,3,,Normal,Not a Pedestrian,Moving Backward,Slight Injury
11:00:00,Thursday,18-30,Male,Employee,Above 10yr,Lorry (41 - 100 Quintal),Owner, Industrial areas,Two-way (divided with broken lines road marking),,No junction,Asphalt roads,Dry,Daylight,Normal,Stationary Object Collision,2,1,Moving forward,Male,31-50,3,,Normal,Unknown or other,No priority to pedestrian,Slight Injury
11:00:00,Wednesday,18-30,Male,Employee,2-5yr,Other,Governmental,Other,Two-way (divided with broken lines road marking),Tangent road with flat terrain,Crossing,Asphalt roads,Dry,Daylight,Normal,Vehicle Collision,2,1,Moving backward,Female,31-50,3,Driver,,Not a Pedestrian,Moving Backward,Slight Injury
11:00:00,Wednesday,18-30,Male,Employee,Below 1yr,Automobile,Governmental,Office areas,other,Tangent road with flat terrain,Crossing,Asphalt roads,Dry,Daylight,Normal,Vehicle Collision,2,1,Moving forward,na,na,na,Driver,,Not a Pedestrian,Changing lane to the right,Slight Injury
17:00:00,Friday,18-30,Male,Employee,Below 1yr,Long lorry,Owner,Other,other,Tangent road with flat terrain,No junction,Asphalt roads,Wet or damp,Daylight,Normal,Stationary Object Collision,2,1,Moving backward,Male,18-30,3,Driver,Normal,Not a Pedestrian,No distancing,Slight Injury
17:00:00,Friday,31-50,Male,Owner,5-10yr,Lorry (11 - 40 Quintal),Owner,Office areas,Two-way (divided with broken lines road marking),Tangent road with flat terrain,No junction,Asphalt roads,Wet or damp,Daylight,Normal,Stationary Object Collision,2,1,Other,Female,Under 18,3,Driver,Normal,Not a Pedestrian,Drunk driving,Slight Injury
06:00:00,Monday,31-50,Male,Employee,2-5yr,Long lorry,Owner,Office areas,Undivided Two way,Tangent road with flat terrain,Y Shape,Asphalt roads,Dry,Daylight,Normal,Vehicle Collision,2,3,Moving forward,Male,31-50,3,Driver,Normal,Crossing from driver's nearside,Changing lane to the right,Slight Injury
06:00:00,Monday,Under 18,Male,Employee,Below 1yr,Automobile,Organization,Other,other,Tangent road with flat terrain,Y Shape,Asphalt roads,Dry,Daylight,Normal,Pedestrian Collision,2,3,Moving backward,Female,Under 18,3,,Normal,Crossing from nearside - masked by parked or statioNot a Pedestrianry vehicle,Driving carelessly,Slight Injury
06:00:00,Monday,Under 18,Male,Employee,2-5yr,Taxi,Governmental,Other,other,Tangent road with flat terrain,Y Shape,Asphalt roads,Dry,Daylight,Normal,Vehicle Collision,2,3,Moving forward,Female,Over 51,3,Driver,Normal,"In carriageway, statioNot a Pedestrianry - not crossing  (standing or playing)",Driving to the left,Slight Injury
11:00:00,Friday,31-50,Male,Employee,5-10yr,Taxi,Owner,Other,Undivided Two way,Tangent road with flat terrain,No junction,Asphalt roads,Wet or damp,Daylight,Raining,Vehicle Collision,2,2,Other,na,na,na,Driver,Normal,Not a Pedestrian,Changing lane to the right,Serious Injury
11:00:00,Friday,31-50,Male,Employee,Above 10yr,Long lorry,Owner,Other,other,Tangent road with flat terrain,No junction,Asphalt roads,Wet or damp,Daylight,Raining,Vehicle Collision,2,2,Other,Female,31-50,3,Self-employed,Normal,Not a Pedestrian,Changing lane to the right,Serious Injury
11:00:00,Friday,Unknown,Male,Employee,Above 10yr,Lorry (11 - 40 Quintal),Owner,Residential areas,Undivided Two way,Tangent road with flat terrain,No junction,Asphalt roads,Wet or damp,Daylight,Raining,Vehicle Collision,2,2,Other,Male,Under 18,3,Driver,Normal,Not a Pedestrian,Driving carelessly,Serious Injury
01:00:00,Sunday,18-30,Male,Employee,5-10yr,Lorry (11 - 40 Quintal),Owner, Church areas,Undivided Two way,Tangent road with flat terrain,No junction,Asphalt roads,Dry,Darkness - lights lit,Normal,Vehicle Collision,2,1,Stopping,Male,18-30,3,Driver,Normal,Not a Pedestrian,Changing lane to the left,Slight Injury
01:00:00,Sunday,Over 51,Male,Employee,1-2yr,Long lorry,Owner,Office areas,Double carriageway (median),Tangent road with flat terrain,No junction,Earth roads,Dry,Darkness - lights lit,Normal,Stationary Object Collision,2,1,Other,na,na,na,Self-employed,Normal,Not a Pedestrian,No priority to vehicle,Slight Injury
15:00:00,Wednesday,Unknown,Female,Employee,5-10yr,Turbo,Owner, Church areas,other,Tangent road with flat terrain,No junction,Asphalt roads,Dry,Daylight,Normal,Stationary Object Collision,2,1,Other,Male,18-30,3,,,Not a Pedestrian,Driving carelessly,Slight Injury
15:00:00,Wednesday,Under 18,Unknown,Employee,5-10yr,Long lorry,Owner,Other,Two-way (divided with broken lines road marking),Tangent road with flat terrain,No junction,Asphalt roads,Dry,Daylight,Normal,Vehicle Collision,2,1,Other,Female,18-30,3,Driver,Normal,Unknown or other,Changing lane to the right,Slight Injury
13:00:00,Monday,31-50,Male,Employee,1-2yr,Long lorry,Owner,Other,other,Tangent road with flat terrain,Y Shape,Asphalt roads,Dry,Daylight,Normal,Vehicle Collision,1,1,Moving forward,Female,18-30,3,Other,Normal,Unknown or other,Driving carelessly,Slight Injury
14:00:00,Monday,Unknown,Male,Owner,5-10yr,Public (13 - 45 seats),Owner,School areas,other,Steep grade downward with mountainous terrain,No junction,Asphalt roads,Dry,Daylight,Normal,Vehicle Collision,2,1,Moving forward,Male,31-50,3,Driver,Normal,Not a Pedestrian,Driving under the influence of drugs,Slight Injury
14:00:00,Monday,31-50,Male,Owner,Above 10yr,Automobile,Owner,Office areas,Two-way (divided with broken lines road marking),Tangent road with mild grade and flat terrain,No junction,Asphalt roads,Dry,Daylight,Normal,Vehicle Collision,2,1,Moving forward,na,na,na,Self-employed,Normal,Not a Pedestrian,No distancing,Slight Injury
17:00:00,Monday,Unknown,Male,Owner,Below 1yr,Automobile,Owner,Other,other,Steep grade downward with mountainous terrain,No junction,Asphalt roads,Dry,Daylight,Normal,Vehicle Collision,2,2,Moving forward,Female,Under 18,3,Driver,Normal,Not a Pedestrian,Changing lane to the left,Slight Injury
17:00:00,Monday,31-50,Male,Owner,5-10yr,Pick up upto 10 Quintal,Owner,Office areas,Undivided Two way,Tangent road with flat terrain,No junction,Asphalt roads,Dry,Daylight,Normal,Vehicle Collision,2,2,Moving forward,Male,Over 51,3,Driver,Normal,Not a Pedestrian,No priority to vehicle,Slight Injury
15:00:00,Tuesday,31-50,Male,Employee,Above 10yr,Automobile,Owner,Other,Undivided Two way,Tangent road with flat terrain,Y Shape,Asphalt roads,Dry,Daylight,Normal,Vehicle Collision,2,2,Moving forward,na,na,na,,,Not a Pedestrian,Moving Backward,Slight Injury
15:00:00,Tuesday,Over 51,Male,Employee,Below 1yr,Stationwagen,Owner,Other,Two-way (divided with broken lines road marking),Tangent road with flat terrain,Y Shape,Asphalt roads,Dry,Daylight,Normal,Vehicle Collision,2,2,Moving forward,Male,18-30,3,Driver,Normal,Not a Pedestrian,Moving Backward,Slight Injury
12:00:00,Saturday,Under 18,Male,Employee,1-2yr,Automobile,Owner,Office areas,Undivided Two way,Tangent road with flat terrain,Other,Asphalt roads with some distress,Dry,Daylight,Normal,Vehicle Collision,2,2,Moving forward,na,na,na,Driver,Normal,Not a Pedestrian,No distancing,Slight Injury
12:00:00,Saturday,Under 18,Male,Employee,Above 10yr,Automobile,Owner,Other,Double carriageway (median),Tangent road with flat terrain,Other,Asphalt roads,Dry,Daylight,Normal,Vehicle Collision,2,2,Moving forward,Male,18-30,3,,,Not a Pedestrian,Changing lane to the right,Slight Injury
12:00:00,Saturday,31-50,Male,Owner,Above 10yr,Automobile,Owner, Church areas,other,Tangent road with flat terrain,Other,Asphalt roads,Dry,Daylight,Normal,Other,2,2,Moving forward,na,na,na,,,Not a Pedestrian,Changing lane to the right,Slight Injury
17:00:00,Saturday,Under 18,Male,Employee,Above 10yr,Long lorry,Owner,Office areas,Two-way (divided with broken lines road marking),Tangent road with flat terrain,Y Shape,Asphalt roads,Wet or damp,Daylight,Raining,Vehicle Collision,2,2,Moving forward,na,na,na,Driver,Normal,Not a Pedestrian,Moving Backward,Slight Injury
17:00:00,Saturday,31-50,Male,Employee,No Licence,Public (13 - 45 seats),Owner,Office areas,Two-way (divided with broken lines road marking),Tangent road with flat terrain,Y Shape,Asphalt roads,Wet or damp,Daylight,Raining,Stationary Object Collision,2,2,Moving backward,Male,31-50,3,Driver,Normal,Not a Pedestrian,Driving carelessly,Slight Injury
17:00:00,Saturday,31-50,Male,Employee,1-2yr,Public (13 - 45 seats),Owner,Other,Undivided Two way,Tangent road with mountainous terrain and,Y Shape,Asphalt roads,Wet or damp,Daylight,Raining,Vehicle Collision,2,2,Moving forward,na,na,na,,,Not a Pedestrian,Driving under the influence of drugs,Slight Injury
07:00:00,Friday,18-30,Male,Owner,1-2yr,Lorry (11 - 40 Quintal),Owner,Residential areas,Undivided Two way,Tangent road with flat terrain,Other,Asphalt roads,Dry,Daylight,Normal,Vehicle Collision,2,1,Other,na,na,na,,,Not a Pedestrian,No distancing,Slight Injury
07:00:00,Friday,18-30,Male,Owner,Below 1yr,Lorry (11 - 40 Quintal),Owner,Residential areas,Undivided Two way,Tangent road with flat terrain,Other,Asphalt roads,Dry,Daylight,Normal,Vehicle Collision,2,1,Moving forward,Male,31-50,3,Driver,Normal,Not a Pedestrian,No distancing,Slight Injury
13:00:00,Sunday,18-30,Male,Owner,1-2yr,Pick up upto 10 Quintal,Owner,Other,Two-way (divided with broken lines road marking),Tangent road with flat terrain,Crossing,Asphalt roads,Wet or damp,Daylight,Raining,Vehicle Collision,2,3,Exiting,Female,Over 51,3,Driver,Normal,Not a Pedestrian,No priority to vehicle,Slight Injury
13:00:00,Sunday,18-30,Male,Owner,2-5yr,Automobile,Owner,Other,other,Tangent road with flat terrain,Crossing,Asphalt roads,Wet or damp,Daylight,Raining,Vehicle Collision,2,3,Moving forward,na,na,na,,,Not a Pedestrian,Driving to the left,Slight Injury
13:00:00,Sunday,18-30,Male,Owner,5-10yr,Automobile,Owner,Office areas,,Steep grade downward with mountainous terrain,Crossing,Asphalt roads,Wet or damp,Daylight,Raining,Vehicle Collision,2,3,Moving forward,na,na,na,,,Not a Pedestrian,No priority to vehicle,Slight Injury
16:00:00,Tuesday,31-50,Male,Owner,Above 10yr,Automobile,Governmental,School areas,Double carriageway (median),Tangent road with flat terrain,No junction,Asphalt roads,Dry,Daylight,Normal,Stationary Object Collision,1,2,Moving forward,na,na,na,Driver,Normal,Not a Pedestrian,No priority to vehicle,Serious Injury
16:00:00,Tuesday,31-50,Male,Owner,2-5yr,Long lorry,Owner,Other,Two-way (divided with broken lines road marking),Steep grade downward with mountainous terrain,No junction,Asphalt roads,Dry,Daylight,Normal,Stationary Object Collision,1,2,Moving forward,Male,18-30,3,Driver,Normal,Not a Pedestrian,No priority to vehicle,Serious Injury
16:00:00,Tuesday,Unknown,Male,Owner,Above 10yr,Long lorry,Owner,Other,Two-way (divided with broken lines road marking),Tangent road with rolling terrain,No junction,Asphalt roads,Wet or damp,Daylight,Raining,Vehicle Collision,2,2,Turning,na,na,na,,,Not a Pedestrian,No distancing,Slight Injury
16:00:00,Tuesday,31-50,Male,Owner,5-10yr,Automobile,Governmental, Church areas,Two-way (divided with broken lines road marking),Tangent road with flat terrain,No junction,Asphalt roads,Wet or damp,Daylight,Raining,Stationary Object Collision,2,2,Moving forward,Male,18-30,3,Driver,,Not a Pedestrian,Moving Backward,Slight Injury
16:00:00,Tuesday,31-50,Male,Owner,5-10yr,Stationwagen,Owner,Office areas,,Tangent road with mild grade and flat terrain,No junction,Asphalt roads,Wet or damp,Daylight,Raining,Stationary Object Collision,2,2,Moving forward,Female,31-50,3,Driver,Normal,Crossing from nearside - masked by parked or statioNot a Pedestrianry vehicle,Changing lane to the right,Slight Injury
07:00:00,Tuesday,18-30,Male,Owner,5-10yr,Automobile,Owner,Other,Two-way (divided with broken lines road marking),Tangent road with mild grade and flat terrain,Y Shape,Asphalt roads,Dry,Daylight,Normal,Vehicle Collision,2,1,Moving forward,Male,Over 51,3,Driver,Normal,Not a Pedestrian,Driving carelessly,Slight Injury
07:00:00,Tuesday,31-50,Male,Owner,Below 1yr,Other,Governmental,Residential areas,Double carriageway (median),Tangent road with flat terrain,Y Shape,Asphalt roads,Dry,Daylight,Normal,Vehicle Collision,2,1,Moving forward,na,na,na,Driver,Normal,Not a Pedestrian,Changing lane to the left,Slight Injury
16:00:00,Saturday,31-50,Male,Owner,2-5yr,Special vehicle,Owner,Office areas,Two-way (divided with broken lines road marking),Tangent road with flat terrain,No junction,Asphalt roads,Dry,Daylight,Normal,Stationary Object Collision,3,2,Other,Male,Under 18,3,Driver,Normal,Not a Pedestrian,No distancing,Slight Injury
16:00:00,Saturday,31-50,Male,Employee,2-5yr,Lorry (41 - 100 Quintal),Owner,Office areas,Undivided Two way,Tangent road with flat terrain,No junction,Asphalt roads,Dry,Daylight,Normal,Vehicle Collision,3,2,Moving forward,na,na,na,,,Not a Pedestrian,Changing lane to the right,Slight Injury
16:00:00,Saturday,31-50,Male,Employee,2-5yr,Pick up upto 10 Quintal,Owner,Office areas,Two-way (divided with broken lines road marking),Tangent road with flat terrain,No junction,Asphalt roads,Dry,Daylight,Normal,Vehicle Collision,3,2,Turning,Female,Over 51,3,Driver,,Crossing from offside - masked by  parked or statioNot a Pedestrianry vehicle,Driving under the influence of drugs,Slight Injury
16:00:00,Saturday,Unknown,Male,Employee,2-5yr,Lorry (11 - 40 Quintal),Organization, Church areas,,Tangent road with flat terrain,No junction,Asphalt roads,Dry,Daylight,Normal,Vehicle Collision,3,2,Moving forward,Male,18-30,3,Driver,Normal,Unknown or other,No distancing,Slight Injury
15:00:00,Tuesday,31-50,Male,Employee,5-10yr,Lorry (41 - 100 Quintal),Owner,Office areas,Two-way (divided with broken lines road marking),Tangent road with flat terrain,Crossing,Asphalt roads,Dry,Daylight,Normal,Vehicle Collision,1,1,Moving forward,Male,31-50,3,Self-employed,Normal,Not a Pedestrian,Overturning,Serious Injury
18:00:00,Monday,18-30,Male,Employee,5-10yr,Motorcycle,Owner,Office areas,Two-way (divided with broken lines road marking),Tangent road with mild grade and flat terrain,No junction,Asphalt roads,Wet or damp,Daylight,Raining,Vehicle Collision,2,1,Moving forward,Male,18-30,3,Employee,Normal,Not a Pedestrian,No distancing,Slight Injury
18:00:00,Monday,18-30,Male,Employee,Above 10yr,Automobile,Owner,Office areas,Two-way (divided with broken lines road marking),Tangent road with mild grade and flat terrain,No junction,Asphalt roads,Wet or damp,Daylight,Raining,Vehicle Collision,2,1,Moving forward,Male,18-30,3,Driver,Normal,Not a Pedestrian,Changing lane to the right,Slight Injury
07:00:00,Friday,31-50,Male,Employee,5-10yr,Automobile,Owner,Office areas,Two-way (divided with broken lines road marking),Tangent road with flat terrain,O Shape,Asphalt roads,Dry,Daylight,Normal,Pedestrian Collision,2,1,Moving forward,na,na,na,Other,Normal,Not a Pedestrian,No priority to vehicle,Slight Injury
07:00:00,Friday,Unknown,Male,Employee,5-10yr,Automobile,Owner,Other,Two-way (divided with broken lines road marking),Tangent road with flat terrain,O Shape,Asphalt roads,Dry,Daylight,Normal,Vehicle Collision,2,1,Other,Male,18-30,3,Self-employed,Normal,Not a Pedestrian,Changing lane to the right,Slight Injury
13:00:00,Monday,Under 18,Male,Employee,Above 10yr,Stationwagen,Owner,Residential areas,Double carriageway (median),Tangent road with flat terrain,Y Shape,Asphalt roads,Dry,Daylight,Normal,Stationary Object Collision,2,1,Moving forward,Female,Over 51,3,Self-employed,Normal,Not a Pedestrian,Changing lane to the left,Slight Injury
13:00:00,Monday,Over 51,Male,Owner,5-10yr,Automobile,Owner, Church areas,Undivided Two way,Tangent road with flat terrain,Y Shape,Asphalt roads,Dry,Daylight,Normal,Vehicle Collision,2,1,Moving forward,na,na,na,Employee,Normal,Not a Pedestrian,No distancing,Slight Injury
11:00:00,Thursday,Unknown,Male,Owner,5-10yr,Public (> 45 seats),Owner,Other,Two-way (divided with broken lines road marking),Tangent road with flat terrain,Crossing,Asphalt roads,Dry,Daylight,Normal,Vehicle Collision,4,1,Other,na,na,na,Self-employed,Normal,Not a Pedestrian,No priority to pedestrian,Slight Injury
11:00:00,Thursday,Unknown,Male,Employee,5-10yr,Public (> 45 seats),Owner,  Recreational areas,Two-way (divided with broken lines road marking),Tangent road with flat terrain,Crossing,Asphalt roads,Dry,Daylight,Normal,Vehicle Collision,4,1,Moving forward,Male,18-30,2,,,Not a Pedestrian,Driving carelessly,Slight Injury
11:00:00,Thursday,Unknown,Male,Employee,Below 1yr,Stationwagen,Owner,Other,,Tangent road with flat terrain,Crossing,Asphalt roads,Dry,Daylight,Normal,Vehicle Collision,4,1,Moving forward,Female,31-50,3,Driver,Normal,Crossing from driver's nearside,No distancing,Slight Injury
11:00:00,Thursday,31-50,Male,Employee,5-10yr,Automobile,Owner, Industrial areas,Undivided Two way,Tangent road with mild grade and flat terrain,Crossing,Asphalt roads,Dry,Daylight,Normal,Vehicle Collision,4,1,Moving forward,Male,18-30,3,Driver,Normal,Not a Pedestrian,Driving carelessly,Slight Injury
07:00:00,Tuesday,18-30,Male,Employee,5-10yr,Bicycle,Owner,Other,Two-way (divided with broken lines road marking),Tangent road with flat terrain,Y Shape,Asphalt roads,Dry,Daylight,Normal,Vehicle Collision,2,1,Moving forward,na,na,na,Driver,Normal,Not a Pedestrian,Driving carelessly,Slight Injury
07:00:00,Tuesday,31-50,Male,Employee,5-10yr,Automobile,Owner,Other,other,Tangent road with flat terrain,Y Shape,Asphalt roads,Dry,Daylight,Normal,Vehicle Collision,2,1,Moving forward,Male,31-50,3,Driver,Normal,Unknown or other,Moving Backward,Slight Injury
17:00:00,Friday,31-50,Male,Employee,Above 10yr,Lorry (41 - 100 Quintal),Owner, Church areas,other,Tangent road with flat terrain,No junction,Asphalt roads,Dry,Daylight,Normal,Vehicle Collision,1,1,Moving backward,Male,18-30,2,,,Not a Pedestrian,Overtaking,Slight Injury
18:00:00,Tuesday,Unknown,Male,Employee,Above 10yr,Automobile,Owner, Church areas,Undivided Two way,Tangent road with flat terrain,Crossing,Asphalt roads,Dry,Daylight,Normal,Vehicle Collision,2,1,Moving backward,na,na,na,Driver,Normal,Not a Pedestrian,No priority to vehicle,Slight Injury
18:00:00,Tuesday,Over 51,Male,Employee,Above 10yr,Public (13 - 45 seats),Owner,Other,Two-way (divided with broken lines road marking),Tangent road with flat terrain,Crossing,Asphalt roads,Dry,Daylight,Normal,Stationary Object Collision,2,1,Moving forward,Male,31-50,3,,,Not a Pedestrian,No priority to vehicle,Slight Injury
15:00:00,Tuesday,18-30,Male,Employee,Above 10yr,Special vehicle,Owner,Other,One way,Tangent road with flat terrain,Other,Asphalt roads,Dry,Daylight,Normal,Vehicle Collision,1,1,Moving forward,Male,18-30,2,Driver,Normal,Not a Pedestrian,Changing lane to the left,Serious Injury
17:00:00,Thursday,Over 51,Male,Employee,Above 10yr,Automobile,Governmental,  Recreational areas,Two-way (divided with broken lines road marking),Tangent road with flat terrain,No junction,Asphalt roads,Dry,Daylight,Normal,Stationary Object Collision,2,3,Moving forward,Female,18-30,3,Self-employed,Normal,Not a Pedestrian,No priority to vehicle,Slight Injury
17:00:00,Thursday,Over 51,Male,Employee,Above 10yr,Public (13 - 45 seats),Owner,Other,Undivided Two way,Tangent road with flat terrain,No junction,Asphalt roads,Dry,Daylight,Normal,Vehicle Collision,2,3,Moving forward,na,na,na,Driver,Normal,Not a Pedestrian,No distancing,Slight Injury
17:00:00,Thursday,31-50,Male,Employee,5-10yr,Automobile,Owner,Office areas,Undivided Two way,Tangent road with flat terrain,No junction,Asphalt roads,Dry,Daylight,Normal,Vehicle Collision,2,3,Moving forward,na,na,na,Driver,Normal,Not a Pedestrian,Moving Backward,Slight Injury
12:00:00,Wednesday,Unknown,Male,Employee,2-5yr,Lorry (41 - 100 Quintal),Owner, Church areas,Two-way (divided with broken lines road marking),Tangent road with flat terrain,Y Shape,Asphalt roads,Dry,Daylight,Normal,Vehicle Collision,2,1,Moving forward,na,na,na,Self-employed,Normal,Not a Pedestrian,Changing lane to the right,Slight Injury
12:00:00,Wednesday,Over 51,Male,Employee,Below 1yr,Lorry (41 - 100 Quintal),Owner,Office areas,Two-way (divided with broken lines road marking),Tangent road with flat terrain,Y Shape,Asphalt roads,Dry,Daylight,Normal,Pedestrian Collision,2,1,Moving forward,Male,18-30,3,Driver,Normal,Not a Pedestrian,No distancing,Slight Injury
16:00:00,Thursday,Under 18,Male,Employee,Below 1yr,Public (12 seats),Owner,Office areas,Undivided Two way,Tangent road with mountainous terrain and,Y Shape,Asphalt roads,Dry,Daylight,Normal,Vehicle Collision,3,4,Moving forward,Male,31-50,3,Driver,Normal,Not a Pedestrian,Overtaking,Slight Injury
16:00:00,Thursday,18-30,Male,Employee,2-5yr,Lorry (41 - 100 Quintal),Owner,Other,Undivided Two way,Tangent road with flat terrain,Y Shape,Asphalt roads,Dry,Daylight,Normal,Vehicle Collision,3,4,Moving forward,na,na,na,Self-employed,Normal,Not a Pedestrian,No distancing,Slight Injury
16:00:00,Thursday,18-30,Male,Employee,Below 1yr,Lorry (41 - 100 Quintal),Governmental,Residential areas,Two-way (divided with broken lines road marking),Tangent road with flat terrain,Y Shape,Asphalt roads,Dry,Daylight,Normal,Vehicle Collision,3,4,Moving forward,Male,31-50,3,,,Not a Pedestrian,Changing lane to the left,Slight Injury
16:00:00,Thursday,Over 51,Male,Employee,Below 1yr,Public (12 seats),Owner,Office areas,Two-way (divided with broken lines road marking),Tangent road with mild grade and flat terrain,Y Shape,Asphalt roads,Dry,Daylight,Normal,Pedestrian Collision,3,4,Moving forward,na,na,na,Self-employed,Normal,Not a Pedestrian,Driving under the influence of drugs,Slight Injury
11:00:00,Tuesday,31-50,Male,Employee,5-10yr,Public (> 45 seats),Owner,Residential areas,other,Tangent road with flat terrain,No junction,Asphalt roads,Dry,Daylight,Normal,Stationary Object Collision,2,4,Moving forward,Male,Under 18,3,Self-employed,Normal,Not a Pedestrian,No distancing,Slight Injury
11:00:00,Tuesday,31-50,Male,Employee,5-10yr,Automobile,Owner,Residential areas,Two-way (divided with broken lines road marking),Tangent road with flat terrain,No junction,Asphalt roads,Dry,Daylight,Normal,Vehicle Collision,2,4,Other,na,na,na,Self-employed,Normal,Not a Pedestrian,No distancing,Slight Injury
11:00:00,Tuesday,31-50,Male,Employee,Below 1yr,Pick up upto 10 Quintal,Owner,Other,Double carriageway (median),Tangent road with flat terrain,No junction,Asphalt roads,Dry,Daylight,Normal,Vehicle Collision,2,4,Moving forward,Male,18-30,3,Driver,Normal,Unknown or other,Changing lane to the right,Slight Injury
11:00:00,Tuesday,18-30,Male,Employee,Below 1yr,Stationwagen,Owner, Hospital areas,One way,Tangent road with flat terrain,No junction,Asphalt roads,Dry,Daylight,Normal,Vehicle Collision,2,4,Moving backward,Male,Over 51,3,,,Not a Pedestrian,Changing lane to the left,Slight Injury
15:00:00,Thursday,Unknown,Male,Employee,1-2yr,Other,Governmental,Other,Undivided Two way,Tangent road with flat terrain,Other,Asphalt roads,Dry,Daylight,Normal,Vehicle Collision,2,1,Other,na,na,na,Student,Normal,Not a Pedestrian,Moving Backward,Slight Injury
15:00:00,Thursday,Under 18,Male,Employee,Above 10yr,Automobile,Owner,Other,Undivided Two way,Tangent road with flat terrain,Other,Asphalt roads,Dry,Daylight,Normal,Vehicle Collision,2,1,Moving forward,na,na,na,Driver,Normal,Not a Pedestrian,No distancing,Slight Injury
07:00:00,Thursday,Unknown,Female,Employee,Above 10yr,Automobile,Owner,  Recreational areas,One way,Tangent road with mild grade and flat terrain,No junction,Asphalt roads,Dry,Daylight,Normal,Vehicle Collision,2,1,Moving forward,na,na,na,,,Not a Pedestrian,No distancing,Slight Injury
07:00:00,Thursday,18-30,Male,Employee,Below 1yr,Stationwagen,Owner,Other,Undivided Two way,Tangent road with flat terrain,No junction,Asphalt roads,Dry,Daylight,Normal,Vehicle Collision,2,1,Moving forward,na,na,na,Self-employed,Normal,Not a Pedestrian,Driving carelessly,Slight Injury
19:00:00,Saturday,31-50,Male,Employee,2-5yr,Pick up upto 10 Quintal,Owner,Other,Undivided Two way,Tangent road with flat terrain,Y Shape,Asphalt roads,Dry,Darkness - lights lit,Normal,Stationary Object Collision,2,1,Moving forward,Male,5,3,Self-employed,Normal,Not a Pedestrian,Moving Backward,Slight Injury
19:00:00,Saturday,18-30,Male,Employee,2-5yr,Lorry (41 - 100 Quintal),Owner,Other,Undivided Two way,Tangent road with flat terrain,Y Shape,Asphalt roads,Dry,Darkness - lights lit,Normal,Stationary Object Collision,2,1,Moving forward,na,na,na,Driver,Normal,Not a Pedestrian,No distancing,Slight Injury
19:00:00,Thursday,18-30,Male,Employee,Above 10yr,Automobile,Owner,Office areas,Two-way (divided with broken lines road marking),Tangent road with flat terrain,Other,Asphalt roads,Dry,Darkness - lights lit,Normal,Vehicle Collision,2,1,Moving forward,Male,18-30,3,,Normal,Not a Pedestrian,Changing lane to the right,Slight Injury
19:00:00,Thursday,Over 51,Male,Employee,2-5yr,Automobile,Owner,Other,Two-way (divided with broken lines road marking),Tangent road with mild grade and flat terrain,Other,Asphalt roads,Dry,Darkness - lights lit,Normal,Vehicle Collision,2,1,Moving forward,Male,31-50,3,,,Not a Pedestrian,Driving carelessly,Slight Injury
16:00:00,Tuesday,31-50,Male,Employee,2-5yr,Lorry (41 - 100 Quintal),Owner,Residential areas,Two-way (divided with broken lines road marking),Tangent road with flat terrain,Y Shape,Asphalt roads,Dry,Daylight,Normal,Vehicle Collision,2,1,Moving forward,na,na,na,Self-employed,Normal,Not a Pedestrian,Driving to the left,Serious Injury
16:00:00,Tuesday,Unknown,Male,Employee,1-2yr,Lorry (41 - 100 Quintal),Owner,Other,Undivided Two way,Tangent road with flat terrain,Y Shape,Asphalt roads,Dry,Daylight,Normal,Vehicle Collision,2,1,Moving forward,na,na,na,Driver,Normal,Not a Pedestrian,Changing lane to the right,Serious Injury
08:00:00,Friday,Over 51,Male,Employee,5-10yr,Lorry (41 - 100 Quintal),Owner,Other,Undivided Two way,Tangent road with flat terrain,No junction,Asphalt roads,Dry,Daylight,Normal,Vehicle Collision,2,1,Other,Male,31-50,2,,Normal,Not a Pedestrian,Driving carelessly,Slight Injury
08:00:00,Friday,18-30,Male,Employee,Below 1yr,Pick up upto 10 Quintal,Owner, Church areas,Undivided Two way,Tangent road with flat terrain,No junction,Asphalt roads,Dry,Daylight,Normal,Self-accident,2,1,Moving backward,Female,31-50,3,,Normal,Unknown or other,Changing lane to the right,Slight Injury
16:00:00,Tuesday,Unknown,Male,Employee,Below 1yr,Pick up upto 10 Quintal,Owner,Office areas,Undivided Two way,Tangent road with flat terrain,Y Shape,Asphalt roads,Dry,Daylight,Normal,Vehicle Collision,3,2,Other,Male,31-50,3,Self-employed,Normal,Not a Pedestrian,No priority to vehicle,Slight Injury
16:00:00,Tuesday,Unknown,Male,Employee,5-10yr,Automobile,Owner,School areas,other,Tangent road with flat terrain,Y Shape,Asphalt roads,Dry,Daylight,Normal,Stationary Object Collision,3,2,Other,Male,18-30,3,Self-employed,Normal,Crossing from driver's nearside,Changing lane to the right,Slight Injury