Time,Day,Age_band_of_driver,Sex_of_driver,Vehicle_driver_relation,Driving_experience,Type_of_vehicle,Owner_of_vehicle,Area_accident_occured,Lanes_or_Medians,Road_allignment,Types_of_Junction,Road_surface_type,Road_surface_conditions,Light_conditions,Weather_conditions,Type_of_collision,Number_of_vehicles_involved,Number_of_casualties,Vehicle_movement,Sex_of_casualty,Age_band_of_casualty,Casualty_severity,Work_of_casuality,Fitness_of_casuality,Pedestrian_movement,Cause_of_accident,Accident_severity
17:00:00,Monday,18-30,Male,Employee,5-10yr,Pick up upto 10 Quintal,Owner,  Recreational areas,Undivided Two way,Tangent road with flat terrain,Y Shape,Asphalt roads,Wet or damp,Daylight,Raining,Vehicle Collision,2,1,Other,na,na,na,Self-employed,Normal,Not a Pedestrian,No priority to vehicle,Slight Injury
17:00:00,Monday,18-30,Male,Employee,5-10yr,Turbo,Owner, Church areas,Two-way (divided with broken lines road marking),Tangent road with flat terrain,Y Shape,Asphalt roads,Wet or damp,Daylight,Raining,Vehicle Collision,2,1,Moving forward,Male,31-50,3,,,Not a Pedestrian,No priority to pedestrian,Slight Injury
19:00:00,Sunday,31-50,Male,Owner,Above 10yr,Pick up upto 10 Quintal,Owner,Office areas,Two-way (divided with broken lines road marking),Tangent road with flat terrain,Y Shape,Asphalt roads,Dry,Darkness - lights lit,Normal,Vehicle Collision,2,1,Moving forward,na,na,na,Self-employed,Normal,Not a Pedestrian,Changing lane to the right,Slight Injury
19:00:00,Sunday,Over 51,Male,Owner,Below 1yr,Other,Owner,Other,Two-way (divided with broken lines road marking),Tangent road with flat terrain,Y Shape,Gravel roads,Dry,Darkness - lights lit,Normal,Stationary Object Collision,2,1,Moving forward,Male,18-30,3,,,Not a Pedestrian,Changing lane to the right,Slight Injury
19:00:00,Thursday,Under 18,Male,Owner,2-5yr,Stationwagen,Owner,Office areas,Undivided Two way,Tangent road with flat terrain,Y Shape,Asphalt roads,Dry,Daylight,Normal,Vehicle Collision,2,1,Turning,na,na,na,,,Not a Pedestrian,Changing lane to the right,Slight Injury
19:00:00,Thursday,31-50,Male,Owner,2-5yr,Pick up upto 10 Quintal,Owner,Office areas,Two-way (divided with broken lines road marking),Tangent road with flat terrain,Y Shape,Asphalt roads,Dry,Daylight,Normal,Stationary Object Collision,2,1,Moving forward,na,na,na,Self-employed,Normal,Not a Pedestrian,Driving to the left,Slight Injury
16:00:00,Tuesday,31-50,Male,Owner,5-10yr,Lorry (41 - 100 Quintal),Owner,Other,Two-way (divided with broken lines road marking),Tangent road with flat terrain,Y Shape,Asphalt roads,Dry,Daylight,Normal,Vehicle Collision,3,3,Moving forward,Male,18-30,3,Employee,Normal,Not a Pedestrian,Changing lane to the left,Serious Injury
16:00:00,Tuesday,Under 18,Male,Owner,5-10yr,Lorry (41 - 100 Quintal),Owner,Residential areas,Undivided Two way,Tangent road with flat terrain,Y Shape,Other,Dry,Daylight,Normal,Vehicle Collision,3,3,Moving backward,Female,18-30,3,Other,Normal,Not a Pedestrian,Moving Backward,Serious Injury
16:00:00,Tuesday,Under 18,Male,Employee,Above 10yr,Automobile,Owner,Office areas,other,Tangent road with mountainous terrain and,Y Shape,Asphalt roads,Dry,Daylight,Normal,Stationary Object Collision,3,3,Other,na,na,na,Employee,Normal,Not a Pedestrian,Driving at high speed,Serious Injury
16:00:00,Tuesday,Under 18,Male,Owner,2-5yr,Automobile,Owner,Residential areas,other,Tangent road with flat terrain,Y Shape,Other,Dry,Daylight,Normal,Vehicle Collision,3,3,Moving forward,na,na,na,,,Not a Pedestrian,Moving Backward,Serious Injury
12:00:00,Sunday,31-50,Male,Employee,5-10yr,Pick up upto 10 Quintal,Owner,School areas,Two-way (divided with broken lines road marking),Tangent road with flat terrain,Y Shape,Asphalt roads,Dry,Daylight,Normal,Vehicle Collision,1,1,Moving forward,Male,31-50,3,Employee,Normal,Not a Pedestrian,No distancing,Slight Injury
18:00:00,Sunday,31-50,Male,Employee,Below 1yr,Pick up upto 10 Quintal,Owner,Office areas,Two-way (divided with broken lines road marking),Sharp reverse curve,Y Shape,Asphalt roads,Dry,Daylight,Normal,Stationary Object Collision,3,2,Moving backward,Female,31-50,3,,,Not a Pedestrian,Other,Slight Injury
18:00:00,Sunday,31-50,Male,Employee,5-10yr,Lorry (41 - 100 Quintal),Owner,Other,other,Tangent road with flat terrain,Y Shape,Asphalt roads,Dry,Daylight,Normal,Stationary Object Collision,3,2,Moving backward,na,na,na,Employee,Normal,Not a Pedestrian,No priority to vehicle,Slight Injury
18:00:00,Sunday,18-30,Male,Employee,Above 10yr,Public (12 seats),Owner,Other,Undivided Two way,Tangent road with flat terrain,Y Shape,Asphalt roads,Dry,Daylight,Normal,Vehicle Collision,3,2,Moving forward,Female,31-50,3,Employee,Normal,Not a Pedestrian,Changing lane to the right,Slight Injury
16:00:00,Thursday,18-30,Male,Employee,5-10yr,Other,Owner, Church areas,other,Tangent road with flat terrain,Other,Asphalt roads,Dry,Daylight,Normal,Vehicle Collision,2,1,Moving forward,Female,Over 51,3,Employee,Normal,Not a Pedestrian,Other,Slight Injury
16:00:00,Thursday,18-30,Male,Employee,1-2yr,Stationwagen,Owner,Office areas,Two-way (divided with broken lines road marking),Tangent road with flat terrain,Other,Asphalt roads,Dry,Daylight,Normal,Vehicle Collision,2,1,Moving backward,Female,18-30,3,Driver,Normal,Not a Pedestrian,No distancing,Slight Injury
00:00:00,Saturday,18-30,Male,Employee,5-10yr,Automobile,Owner,Other,Two-way (divided with broken lines road marking),Tangent road with flat terrain,Crossing,Asphalt roads,Dry,Darkness - lights lit,Normal,Vehicle Collision,3,3,Moving forward,na,na,na,Driver,Normal,Not a Pedestrian,Driving carelessly,Slight Injury
00:00:00,Saturday,18-30,Male,Employee,1-2yr,Automobile,Owner,Office areas,Two-way (divided with broken lines road marking),Tangent road with mild grade and flat terrain,Crossing,Asphalt roads,Dry,Darkness - lights lit,Normal,Vehicle Collision,3,3,Moving forward,Male,Under 18,3,Student,Normal,Not a Pedestrian,No distancing,Slight Injury
00:00:00,Saturday,18-30,Male,Employee,Above 10yr,Lorry (41 - 100 Quintal),Owner,Office areas,Two-way (divided with broken lines road marking),Tangent road with flat terrain,Crossing,Asphalt roads,Dry,Darkness - lights lit,Normal,Vehicle Collision,3,3,Moving forward,Male,18-30,3,Driver,Normal,Not a Pedestrian,Moving Backward,Slight Injury
00:00:00,Saturday,18-30,Male,Employee,1-2yr,Stationwagen,Owner,Office areas,Two-way (divided with broken lines road marking),Sharp reverse curve,Crossing,Asphalt roads,Dry,Darkness - lights lit,Normal,Vehicle Collision,3,3,Moving forward,na,na,na,Self-employed,Normal,Not a Pedestrian,No distancing,Slight Injury
00:00:00,Saturday,18-30,Male,Employee,5-10yr,Lorry (41 - 100 Quintal),Owner, Church areas,Undivided Two way,Sharp reverse curve,Crossing,Asphalt roads,Dry,Darkness - lights lit,Normal,Vehicle Collision,3,3,Moving forward,na,na,na,,,Not a Pedestrian,Moving Backward,Slight Injury
15:00:00,Wednesday,18-30,Male,Employee,2-5yr,Public (> 45 seats),Owner,Office areas,Undivided Two way,Gentle horizontal curve,No junction,Asphalt roads,Dry,Daylight,Normal,Vehicle Collision,2,3,Moving forward,Male,18-30,3,,,Not a Pedestrian,No priority to pedestrian,Slight Injury
15:00:00,Wednesday,31-50,Male,Employee,5-10yr,Automobile,Owner,Other,Double carriageway (median),Gentle horizontal curve,No junction,Asphalt roads,Dry,Daylight,Normal,Vehicle Collision,2,3,Moving forward,Male,Under 18,3,Driver,Normal,Not a Pedestrian,Changing lane to the left,Slight Injury
15:00:00,Wednesday,31-50,Male,Employee,2-5yr,Automobile,Owner,Other,Two-way (divided with broken lines road marking),Tangent road with flat terrain,No junction,Asphalt roads,Dry,Daylight,Normal,Vehicle Collision,2,3,Moving forward,Male,5,3,Driver,Normal,Not a Pedestrian,No distancing,Slight Injury
15:00:00,Wednesday,31-50,Male,Employee,2-5yr,Automobile,Owner, Church areas,Unknown,Tangent road with mountainous terrain and,No junction,Asphalt roads,Dry,Daylight,Normal,Vehicle Collision,2,3,Moving backward,Male,Over 51,3,Driver,Normal,Not a Pedestrian,Other,Slight Injury
15:00:00,Sunday,31-50,Male,Employee,Above 10yr,Automobile,Owner,School areas,Undivided Two way,Tangent road with flat terrain,Y Shape,Asphalt roads,Dry,Daylight,Normal,Vehicle Collision,2,1,Moving forward,Male,18-30,3,Driver,Normal,Not a Pedestrian,No distancing,Slight Injury
15:00:00,Sunday,Over 51,Male,Employee,1-2yr,Lorry (41 - 100 Quintal),Owner, Church areas,Two-way (divided with broken lines road marking),Tangent road with flat terrain,Y Shape,Asphalt roads,Dry,Daylight,Normal,Vehicle Collision,2,1,Moving forward,Female,31-50,3,,,Not a Pedestrian,No priority to pedestrian,Slight Injury
09:00:00,Sunday,18-30,Male,Owner,1-2yr,Lorry (41 - 100 Quintal),Owner,Office areas,Undivided Two way,Tangent road with flat terrain,Y Shape,Asphalt roads,Dry,Daylight,Cloudy,Vehicle Collision,2,1,Moving forward,Male,31-50,2,Driver,Normal,Not a Pedestrian,Moving Backward,Slight Injury
09:00:00,Sunday,Over 51,Male,Employee,No Licence,Automobile,Owner,Other,other,Tangent road with flat terrain,Y Shape,Asphalt roads,Dry,Daylight,Cloudy,Vehicle Collision,2,1,Moving forward,na,na,na,Self-employed,Normal,Not a Pedestrian,No priority to pedestrian,Slight Injury
15:00:00,Sunday,Over 51,Male,Employee,1-2yr,Stationwagen,Owner, Church areas,Two-way (divided with broken lines road marking),Steep grade upward with mountainous terrain,Crossing,Asphalt roads,Dry,Daylight,Normal,Vehicle Collision,2,2,Moving forward,Male,18-30,3,Self-employed,Normal,Not a Pedestrian,No distancing,Slight Injury
15:00:00,Sunday,Over 51,Male,Employee,5-10yr,Public (12 seats),Governmental,Other,Double carriageway (median),Tangent road with flat terrain,Crossing,Asphalt roads,Dry,Daylight,Normal,Vehicle Collision,2,2,Moving forward,na,na,na,Self-employed,Normal,Not a Pedestrian,No priority to pedestrian,Slight Injury
15:00:00,Thursday,Over 51,Male,Employee,Above 10yr,Public (12 seats),Governmental,Other,Double carriageway (median),Tangent road with flat terrain,No junction,Earth roads,Dry,Daylight,Normal,Stationary Object Collision,2,1,Other,Male,18-30,3,Driver,Normal,Not a Pedestrian,Driving carelessly,Slight Injury
15:00:00,Thursday,31-50,Male,Employee,Above 10yr,Automobile,Organization,Office areas,Two-way (divided with broken lines road marking),Gentle horizontal curve,No junction,Asphalt roads,Dry,Daylight,Normal,Vehicle Collision,2,1,Moving backward,Male,31-50,3,Other,Normal,Crossing from nearside - masked by parked or statioNot a Pedestrianry vehicle,Getting off the vehicle improperly,Slight Injury
02:00:00,Tuesday,31-50,Male,Owner,5-10yr,Public (12 seats),Organization,Other,Two-way (divided with broken lines road marking),Tangent road with flat terrain,Y Shape,Asphalt roads,Dry,Darkness - lights lit,Normal,Pedestrian Collision,2,1,Other,Female,18-30,3,,,Not a Pedestrian,Driving carelessly,Slight Injury
02:00:00,Tuesday,31-50,Male,Employee,2-5yr,Public (12 seats),Owner,Other,Two-way (divided with broken lines road marking),Tangent road with flat terrain,Y Shape,Asphalt roads,Dry,Darkness - lights lit,Normal,Vehicle Collision,2,1,Moving forward,Female,Under 18,3,Self-employed,Normal,Not a Pedestrian,Changing lane to the left,Slight Injury
07:00:00,Monday,18-30,Male,Employee,2-5yr,Lorry (41 - 100 Quintal),Governmental,Residential areas,Two-way (divided with broken lines road marking),Tangent road with flat terrain,Y Shape,Asphalt roads,Dry,Daylight,Normal,Stationary Object Collision,2,2,Moving forward,na,na,na,Other,Normal,Not a Pedestrian,No priority to vehicle,Slight Injury
07:00:00,Monday,31-50,Male,Employee,Below 1yr,Automobile,Owner,Office areas,Two-way (divided with broken lines road marking),Tangent road with flat terrain,Y Shape,Asphalt roads,Dry,Daylight,Normal,Vehicle Collision,2,2,Moving forward,Male,31-50,3,,,Not a Pedestrian,Changing lane to the right,Slight Injury
07:00:00,Monday,31-50,Male,Employee,2-5yr,Lorry (41 - 100 Quintal),Owner, Church areas,One way,Tangent road with flat terrain,Y Shape,Asphalt roads,Dry,Daylight,Normal,Vehicle Collision,2,2,Other,Male,31-50,3,,,Not a Pedestrian,Changing lane to the right,Slight Injury
14:00:00,Wednesday,Unknown,Female,Employee,2-5yr,Automobile,Owner,Other,Undivided Two way,Tangent road with flat terrain,Y Shape,Asphalt roads,Dry,Daylight,Normal,Vehicle Collision,3,1,Moving forward,Female,31-50,3,Driver,Normal,Not a Pedestrian,No distancing,Slight Injury
14:00:00,Wednesday,31-50,Male,Employee,5-10yr,Automobile,Owner,  Market areas,other,Steep grade downward with mountainous terrain,Y Shape,Asphalt roads,Dry,Daylight,Normal,Vehicle Collision,3,1,Moving forward,Female,31-50,3,,,Not a Pedestrian,No distancing,Slight Injury
14:00:00,Wednesday,18-30,Male,Employee,Above 10yr,Stationwagen,Owner,Other,Two-way (divided with broken lines road marking),Tangent road with mountainous terrain and,Y Shape,Asphalt roads,Dry,Daylight,Normal,Vehicle Collision,3,1,Moving forward,Male,18-30,3,Driver,Normal,Not a Pedestrian,Changing lane to the left,Slight Injury
15:00:00,Tuesday,Over 51,Male,Employee,5-10yr,Automobile,Owner,Other,Undivided Two way,Tangent road with mountainous terrain and,Y Shape,Asphalt roads,Dry,Daylight,Normal,Self-accident,2,1,Moving forward,Male,31-50,3,Driver,Normal,Crossing from offside - masked by  parked or statioNot a Pedestrianry vehicle,Changing lane to the right,Slight Injury
15:00:00,Tuesday,18-30,Male,Employee,2-5yr,Automobile,Owner, Church areas,Undivided Two way,Tangent road with flat terrain,Y Shape,Gravel roads,Dry,Daylight,Normal,Stationary Object Collision,2,1,Moving forward,na,na,na,Driver,Normal,Not a Pedestrian,No priority to vehicle,Slight Injury
14:00:00,Saturday,Unknown,Female,Employee,5-10yr,Automobile,Governmental,Residential areas,Undivided Two way,Tangent road with flat terrain,Y Shape,Asphalt roads,Wet or damp,Daylight,Raining,Vehicle Collision,1,1,Moving forward,Male,18-30,3,Driver,Normal,Not a Pedestrian,Changing lane to the left,Slight Injury
17:00:00,Tuesday,18-30,Male,Employee,2-5yr,Stationwagen,Owner,Other,Undivided Two way,Tangent road with flat terrain,No junction,Earth roads,Dry,Daylight,Normal,Stationary Object Collision,2,1,Moving backward,Female,18-30,3,Self-employed,Normal,Not a Pedestrian,No priority to vehicle,Slight Injury
17:00:00,Tuesday,Over 51,Male,Employee,5-10yr,Automobile,Owner,Other,Two-way (divided with broken lines road marking),Tangent road with flat terrain,No junction,Asphalt roads,Dry,Daylight,Normal,Vehicle Collision,2,1,Moving backward,na,na,na,Self-employed,Normal,Not a Pedestrian,Moving Backward,Slight Injury
09:00:00,Wednesday,Over 51,Male,Employee,1-2yr,Other,Owner,Other,Double carriageway (median),Tangent road with flat terrain,No junction,Asphalt roads,Dry,Daylight,Normal,Vehicle Collision,2,1,Moving forward,Male,Under 18,3,Driver,Normal,Not a Pedestrian,Turnover,Slight Injury
09:00:00,Wednesday,31-50,Male,Employee,2-5yr,Other,Owner,  Recreational areas,Two-way (divided with broken lines road marking),Tangent road with flat terrain,No junction,Asphalt roads,Dry,Daylight,Normal,Vehicle Collision,2,1,Moving forward,Female,18-30,3,Driver,Normal,Not a Pedestrian,No distancing,Slight Injury
10:00:00,Wednesday,31-50,Male,Employee,Above 10yr,Automobile,Owner,  Recreational areas,One way,Tangent road with flat terrain,Y Shape,Earth roads,Wet or damp,Daylight,Raining,Vehicle Collision,1,1,Turning,na,na,na,,,Not a Pedestrian,No distancing,Serious Injury
16:00:00,Thursday,31-50,Male,Employee,Below 1yr,Lorry (41 - 100 Quintal),Owner,Other,Two-way (divided with broken lines road marking),Tangent road with flat terrain,No junction,Asphalt roads,Dry,Daylight,Normal,Vehicle Collision,2,1,Moving forward,Female,31-50,3,Driver,Normal,Crossing from nearside - masked by parked or statioNot a Pedestrianry vehicle,No distancing,Slight Injury
16:00:00,Thursday,31-50,Male,Employee,2-5yr,Lorry (41 - 100 Quintal),Organization,Office areas,Two-way (divided with broken lines road marking),Tangent road with flat terrain,No junction,Asphalt roads,Dry,Daylight,Normal,Stationary Object Collision,2,1,Moving forward,Male,18-30,3,Driver,Normal,Not a Pedestrian,Changing lane to the left,Slight Injury
08:00:00,Tuesday,18-30,Male,Employee,Below 1yr,Lorry (41 - 100 Quintal),Owner,Residential areas,Two-way (divided with broken lines road marking),Tangent road with flat terrain,Y Shape,Asphalt roads,Dry,Daylight,Normal,Vehicle Collision,3,2,Moving forward,Female,18-30,3,Driver,Normal,Not a Pedestrian,No priority to vehicle,Slight Injury
08:00:00,Tuesday,31-50,Male,Employee,5-10yr,Automobile,Owner,Other,Two-way (divided with broken lines road marking),Tangent road with flat terrain,Y Shape,Asphalt roads,Dry,Daylight,Normal,Stationary Object Collision,3,2,Moving forward,Male,Over 51,3,,Normal,Not a Pedestrian,Driving at high speed,Slight Injury
08:00:00,Tuesday,18-30,Male,Employee,1-2yr,Automobile,Owner,Residential areas,Undivided Two way,Steep grade downward with mountainous terrain,Y Shape,Asphalt roads,Dry,Daylight,Normal,Vehicle Collision,3,2,Moving forward,na,na,na,,,Not a Pedestrian,Overtaking,Slight Injury
17:00:00,Friday,31-50,Male,Employee,Below 1yr,Public (13 - 45 seats),Owner, Church areas,Double carriageway (median),Tangent road with flat terrain,Y Shape,Asphalt roads,Wet or damp,Daylight,Raining,Vehicle Collision,2,1,Moving forward,na,na,na,Driver,Normal,Not a Pedestrian,Other,Slight Injury
17:00:00,Friday,Under 18,Male,Employee,5-10yr,Public (13 - 45 seats),Owner,Other,One way,Tangent road with flat terrain,Y Shape,Asphalt roads,Wet or damp,Daylight,Raining,Vehicle Collision,2,1,Moving forward,Male,18-30,3,Driver,Normal,Not a Pedestrian,Changing lane to the left,Slight Injury
09:00:00,Friday,Over 51,Male,Employee,Below 1yr,Lorry (41 - 100 Quintal),Owner,Office areas,Two-way (divided with broken lines road marking),Tangent road with mountainous terrain and,Y Shape,Asphalt roads,Dry,Daylight,Normal,Vehicle Collision,2,1,Moving forward,Male,Over 51,3,Self-employed,Normal,Not a Pedestrian,No priority to pedestrian,Serious Injury
09:00:00,Friday,Unknown,Female,Employee,Below 1yr,Lorry (41 - 100 Quintal),Owner,Other,Undivided Two way,Tangent road with flat terrain,Y Shape,Asphalt roads,Dry,Daylight,Normal,Vehicle Collision,2,1,Moving forward,Female,31-50,2,Driver,Normal,Not a Pedestrian,Changing lane to the left,Serious Injury
08:00:00,Wednesday,Over 51,Male,Employee,5-10yr,Public (12 seats),Owner,  Recreational areas,Two-way (divided with broken lines road marking),Steep grade downward with mountainous terrain,Y Shape,Asphalt roads,Wet or damp,Daylight,Normal,Vehicle Collision,2,1,Other,Male,18-30,3,Driver,Normal,Not a Pedestrian,No distancing,Slight Injury
08:00:00,Wednesday,Over 51,Male,Employee,2-5yr,Other,Owner,Other,Undivided Two way,Tangent road with flat terrain,Y Shape,Asphalt roads,Wet or damp,Daylight,Normal,Vehicle Collision,2,1,Exiting,na,na,na,Driver,Normal,Not a Pedestrian,Moving Backward,Slight Injury
15:00:00,Sunday,31-50,Male,Employee,Above 10yr,Lorry (41 - 100 Quintal),Owner,Office areas,Two-way (divided with broken lines road marking),Tangent road with flat terrain,No junction,Asphalt roads,Dry,Daylight,Normal,Vehicle Collision,2,1,Moving forward,Female,31-50,3,,,"In carriageway, statioNot a Pedestrianry - not crossing  (standing or playing)",Changing lane to the left,Slight Injury
15:00:00,Sunday,Unknown,Female,Employee,Above 10yr,Automobile,Governmental,Residential areas,Undivided Two way,Tangent road with flat terrain,No junction,Asphalt roads,Dry,Daylight,Normal,Vehicle Collision,2,1,Moving forward,Male,18-30,3,Driver,Normal,Crossing from offside - masked by  parked or statioNot a Pedestrianry vehicle,Other,Slight Injury
13:00:00,Friday,31-50,Male,Employee,5-10yr,Other,Owner,Office areas,One way,Tangent road with flat terrain,No junction,Asphalt roads,Dry,Daylight,Normal,Vehicle Collision,2,1,Moving forward,Male,18-30,3,Driver,Normal,Crossing from offside - masked by  parked or statioNot a Pedestrianry vehicle,No distancing,Serious Injury
13:00:00,Friday,31-50,Male,Employee,1-2yr,Motorcycle,Owner,Office areas,Two-way (divided with broken lines road marking),Tangent road with flat terrain,No junction,Asphalt roads,Dry,Daylight,Normal,Vehicle Collision,2,1,Other,na,na,na,Self-employed,Normal,Not a Pedestrian,Moving Backward,Serious Injury
19:00:00,Wednesday,Under 18,Male,Employee,Below 1yr,Automobile,Owner, Church areas,Double carriageway (median),Tangent road with flat terrain,No junction,Asphalt roads,Dry,Daylight,Normal,Self-accident,1,2,Moving forward,Male,18-30,3,,Normal,Not a Pedestrian,No distancing,Serious Injury
19:00:00,Wednesday,Under 18,Male,Employee,Below 1yr,Automobile,Owner, Church areas,Undivided Two way,Tangent road with flat terrain,No junction,Asphalt roads,Dry,Daylight,Normal,Stationary Object Collision,1,2,Moving backward,na,na,na,,,Not a Pedestrian,Changing lane to the left,Serious Injury
08:00:00,Friday,31-50,Male,Employee,2-5yr,Lorry (41 - 100 Quintal),Owner,Residential areas,Undivided Two way,Tangent road with flat terrain,Y Shape,Asphalt roads,Wet or damp,Daylight,Normal,Vehicle Collision,2,1,Other,Male,31-50,3,Driver,Normal,Not a Pedestrian,Changing lane to the left,Slight Injury
08:00:00,Friday,Over 51,Male,Owner,1-2yr,Automobile,Owner,Other,Undivided Two way,Tangent road with flat terrain,Y Shape,Asphalt roads,Wet or damp,Daylight,Normal,Vehicle Collision,2,1,Moving forward,na,na,na,Driver,Normal,Not a Pedestrian,No priority to pedestrian,Slight Injury
20:00:00,Saturday,18-30,Male,Employee,5-10yr,Public (> 45 seats),Owner,Other,other,Tangent road with flat terrain,Y Shape,Asphalt roads,Dry,Daylight,Normal,Stationary Object Collision,2,2,Moving forward,Male,Under 18,3,Driver,Normal,Not a Pedestrian,Changing lane to the left,Serious Injury
20:00:00,Saturday,18-30,Male,Employee,2-5yr,Lorry (41 - 100 Quintal),Owner,Other,Undivided Two way,Tangent road with flat terrain,Y Shape,Earth roads,Dry,Daylight,Normal,Vehicle Collision,2,2,Moving forward,Male,31-50,3,,,Not a Pedestrian,Driving carelessly,Serious Injury
20:00:00,Saturday,18-30,Male,Owner,5-10yr,Public (> 45 seats),Owner,Residential areas,Undivided Two way,Tangent road with flat terrain,Y Shape,Asphalt roads,Dry,Daylight,Normal,Vehicle Collision,2,2,Moving forward,na,na,na,Driver,Normal,Not a Pedestrian,Driving carelessly,Serious Injury
14:00:00,Sunday,31-50,Male,Employee,Above 10yr,Lorry (41 - 100 Quintal),Owner,Office areas,Undivided Two way,Tangent road with flat terrain,No junction,Asphalt roads,Dry,Daylight,Normal,Vehicle Collision,1,1,Moving forward,Female,18-30,3,Self-employed,Normal,Not a Pedestrian,No priority to pedestrian,Serious Injury
09:00:00,Wednesday,18-30,Male,Employee,5-10yr,Lorry (41 - 100 Quintal),Owner,Residential areas,Undivided Two way,Tangent road with flat terrain,Y Shape,Other,Wet or damp,Daylight,Normal,Self-accident,3,4,Moving forward,na,na,na,Self-employed,Normal,Not a Pedestrian,Getting off the vehicle improperly,Slight Injury
09:00:00,Wednesday,Under 18,Male,Employee,5-10yr,Lorry (41 - 100 Quintal),Owner,Other,Two-way (divided with broken lines road marking),Tangent road with flat terrain,Y Shape,Asphalt roads,Wet or damp,Daylight,Normal,Self-accident,3,4,Moving forward,Male,31-50,3,,,Not a Pedestrian,No distancing,Slight Injury
09:00:00,Wednesday,Under 18,Male,Employee,5-10yr,Public (12 seats),Owner,Other,Two-way (divided with broken lines road marking),Tangent road with flat terrain,Y Shape,Asphalt roads,Wet or damp,Daylight,Normal,Pedestrian Collision,3,4,Moving forward,na,na,na,,Normal,Not a Pedestrian,Changing lane to the left,Slight Injury
09:00:00,Wednesday,18-30,Male,Employee,Above 10yr,Public (12 seats),Owner,  Recreational areas,Two-way (divided with broken lines road marking),Tangent road with flat terrain,Y Shape,Asphalt roads,Wet or damp,Daylight,Normal,Vehicle Collision,3,4,Moving forward,Male,Over 51,3,Driver,Normal,Not a Pedestrian,No priority to vehicle,Slight Injury
08:00:00,Monday,Unknown,Female,Employee,1-2yr,Stationwagen,Owner, Church areas,One way,Tangent road with flat terrain,No junction,Asphalt roads,Wet or damp,Daylight,Normal,Vehicle Collision,2,1,Moving forward,na,na,na,Driver,Normal,Not a Pedestrian,No distancing,Slight Injury
08:00:00,Monday,18-30,Male,Employee,2-5yr,Lorry (41 - 100 Quintal),Owner,School areas,Two-way (divided with broken lines road marking),Tangent road with flat terrain,No junction,Asphalt roads,Wet or damp,Daylight,Normal,Vehicle Collision,2,1,Moving forward,Male,31-50,3,,,Not a Pedestrian,No priority to pedestrian,Slight Injury
16:00:00,Wednesday,31-50,Male,Employee,1-2yr,Automobile,Owner,Office areas,Undivided Two way,Tangent road with flat terrain,Y Shape,Asphalt roads,Dry,Daylight,Other,Pedestrian Collision,2,1,Moving forward,na,na,na,Driver,Normal,Not a Pedestrian,No priority to pedestrian,Slight Injury
16:00:00,Wednesday,Over 51,Male,Employee,Above 10yr,Pick up upto 10 Quintal,Owner,Other,,Tangent road with flat terrain,Y Shape,Asphalt roads,Dry,Daylight,Other,Pedestrian Collision,2,1,Moving forward,Male,18-30,3,Self-employed,Normal,Not a Pedestrian,No priority to vehicle,Slight Injury
16:00:00,Friday,18-30,Male,Owner,2-5yr,Automobile,Owner,Residential areas,Undivided Two way,Tangent road with flat terrain,Y Shape,Asphalt roads,Wet or damp,Daylight,Other,Vehicle Collision,2,3,Moving forward,Male,31-50,3,Self-employed,Normal,Not a Pedestrian,Driving carelessly,Slight Injury
16:00:00,Friday,18-30,Male,Employee,5-10yr,Public (13 - 45 seats),Owner,Other,Undivided Two way,Tangent road with flat terrain,Y Shape,Asphalt roads,Wet or damp,Daylight,Other,Vehicle Collision,2,3,Moving forward,Male,5,3,Self-employed,Normal,Not a Pedestrian,Changing lane to the right,Slight Injury
16:00:00,Friday,18-30,Male,Employee,Below 1yr,Public (> 45 seats),Owner,Other,other,Steep grade downward with mountainous terrain,Y Shape,Asphalt roads,Wet or damp,Daylight,Other,Vehicle Collision,2,3,Moving forward,Male,5,3,,,Not a Pedestrian,Changing lane to the left,Slight Injury
16:00:00,Friday,18-30,Male,Employee,5-10yr,Stationwagen,Owner,Office areas,One way,Steep grade downward with mountainous terrain,Y Shape,Asphalt roads,Wet or damp,Daylight,Other,Stationary Object Collision,2,3,Moving forward,Female,5,3,Self-employed,Normal,Not a Pedestrian,Moving Backward,Slight Injury
16:00:00,Wednesday,Unknown,Female,Employee,Above 10yr,Automobile,Owner,Residential areas,Two-way (divided with broken lines road marking),Tangent road with flat terrain,Y Shape,Asphalt roads,Dry,Daylight,Normal,Vehicle Collision,2,1,Moving forward,na,na,na,Self-employed,Normal,Not a Pedestrian,Driving carelessly,Serious Injury
16:00:00,Wednesday,18-30,Male,Employee,5-10yr,Lorry (41 - 100 Quintal),Owner,Other,Two-way (divided with broken lines road marking),Tangent road with flat terrain,Y Shape,Asphalt roads,Dry,Daylight,Normal,Stationary Object Collision,2,1,Moving forward,Female,18-30,3,Driver,Deaf,Not a Pedestrian,Driving to the left,Serious Injury
18:00:00,Sunday,31-50,Male,Employee,1-2yr,Stationwagen,Organization,Residential areas,Undivided Two way,Tangent road with flat terrain,Crossing,Asphalt roads,Dry,Daylight,Normal,Vehicle Collision,1,1,Moving forward,na,na,na,Driver,Normal,Not a Pedestrian,Driving to the left,Serious Injury
08:00:00,Thursday,Under 18,Male,Employee,5-10yr,Lorry (41 - 100 Quintal),Owner, Church areas,Two-way (divided with broken lines road marking),Tangent road with flat terrain,Y Shape,Asphalt roads,Dry,Daylight,Normal,Vehicle Collision,3,1,Turning,Male,31-50,3,Self-employed,Normal,Not a Pedestrian,No priority to pedestrian,Slight Injury