Time,Day,Age_band_of_driver,Sex_of_driver,Vehicle_driver_relation,Driving_experience,Type_of_vehicle,Owner_of_vehicle,Area_accident_occured,Lanes_or_Medians,Road_allignment,Types_of_Junction,Road_surface_type,Road_surface_conditions,Light_conditions,Weather_conditions,Type_of_collision,Number_of_vehicles_involved,Number_of_casualties,Vehicle_movement,Sex_of_casualty,Age_band_of_casualty,Casualty_severity,Work_of_casuality,Fitness_of_casuality,Pedestrian_movement,Cause_of_accident,Accident_severity
22:00:00,Friday,18-30,Male,Employee,5-10yr,Automobile,Owner,Other,Two-way (divided with broken lines road marking),Tangent road with flat terrain,Y Shape,Asphalt roads,Wet or damp,Darkness - lights lit,Raining,Vehicle Collision,2,3,Moving backward,Male,31-50,3,Driver,Normal,Not a Pedestrian,Moving Backward,Serious Injury
22:00:00,Friday,18-30,Male,Employee,5-10yr,Lorry (41 - 100 Quintal),Organization, Outside rural areas,Undivided Two way,Tangent road with flat terrain,Y Shape,Asphalt roads,Wet or damp,Darkness - lights lit,Raining,Vehicle Collision,2,3,Other,Female,18-30,2,Driver,Normal,Crossing from driver's nearside,Driving carelessly,Serious Injury
22:00:00,Friday,18-30,Male,Employee,Above 10yr,Other,Owner,Other,other,Tangent road with flat terrain,Y Shape,Asphalt roads,Wet or damp,Darkness - lights lit,Raining,Vehicle Collision,2,3,Moving forward,na,na,na,,,Not a Pedestrian,Driving to the left,Serious Injury
03:00:00,Saturday,18-30,Male,Owner,5-10yr,Pick up upto 10 Quintal,Owner,Residential areas,Two-way (divided with broken lines road marking),Tangent road with flat terrain,Y Shape,Asphalt roads,Wet or damp,Darkness - lights lit,Windy,Vehicle Collision,1,1,Moving forward,Male,18-30,3,,,Not a Pedestrian,Changing lane to the left,Slight Injury
09:00:00,Tuesday,Over 51,Male,Owner,5-10yr,Automobile,Owner,Office areas,Two-way (divided with broken lines road marking),Tangent road with flat terrain,Crossing,Asphalt roads,Dry,Daylight,Normal,Pedestrian Collision,6,1,Moving forward,Female,31-50,3,,,Not a Pedestrian,No distancing,Slight Injury
09:00:00,Tuesday,Unknown,Female,Employee,5-10yr,Lorry (41 - 100 Quintal),Owner,Office areas,Double carriageway (median),Tangent road with flat terrain,Crossing,Asphalt roads,Dry,Daylight,Normal,Stationary Object Collision,6,1,Moving forward,Female,Over 51,3,,,Not a Pedestrian,No distancing,Slight Injury
09:00:00,Tuesday,Unknown,Female,Employee,Below 1yr,Automobile,Owner, Hospital areas,One way,,Crossing,Asphalt roads,Dry,Daylight,Normal,Vehicle Collision,6,1,Moving forward,na,na,na,Other,Normal,Not a Pedestrian,Changing lane to the right,Slight Injury
09:00:00,Tuesday,Unknown,Female,Employee,5-10yr,Public (13 - 45 seats),Owner, Industrial areas,Two-way (divided with broken lines road marking),Tangent road with flat terrain,Crossing,Asphalt roads,Dry,Daylight,Normal,Vehicle Collision,6,1,Moving forward,na,na,na,Self-employed,Normal,Not a Pedestrian,Driving under the influence of drugs,Slight Injury
09:00:00,Tuesday,Unknown,Female,Employee,5-10yr,Automobile,Owner,Other,Undivided Two way,Tangent road with flat terrain,Crossing,Asphalt roads,Dry,Daylight,Normal,Vehicle Collision,6,1,Moving forward,na,na,na,,,Not a Pedestrian,Changing lane to the right,Slight Injury
09:00:00,Tuesday,Unknown,Female,Employee,5-10yr,Lorry (41 - 100 Quintal),Owner,Office areas,Undivided Two way,Tangent road with flat terrain,Crossing,Asphalt roads,Dry,Daylight,Normal,Vehicle Collision,6,1,Moving forward,Male,31-50,3,Student,Normal,Not a Pedestrian,Changing lane to the left,Slight Injury
07:00:00,Thursday,Under 18,Male,Employee,Above 10yr,Public (12 seats),Owner,Office areas,other,Tangent road with flat terrain,Y Shape,Asphalt roads,Wet or damp,Daylight,Raining,Train Collision,2,2,Moving forward,Male,31-50,3,Other,Normal,Not a Pedestrian,Moving Backward,Slight Injury
07:00:00,Thursday,18-30,Male,Employee,Above 10yr,Motorcycle,Owner,Residential areas,Two-way (divided with broken lines road marking),Tangent road with flat terrain,Y Shape,Asphalt roads,Wet or damp,Daylight,Raining,Vehicle Collision,2,2,Other,na,na,na,Driver,Normal,Not a Pedestrian,No distancing,Slight Injury
20:00:00,Tuesday,18-30,Male,Employee,Above 10yr,Public (12 seats),Owner,Residential areas,,Tangent road with flat terrain,O Shape,Other,Wet or damp,Darkness - lights unlit,Raining,Vehicle Collision,2,1,Moving backward,Male,31-50,3,Other,Normal,Not a Pedestrian,Changing lane to the right,Slight Injury
20:00:00,Tuesday,18-30,Male,Employee,Above 10yr,Lorry (41 - 100 Quintal),Owner,School areas,Two-way (divided with broken lines road marking),Tangent road with flat terrain,O Shape,Asphalt roads,Wet or damp,Darkness - lights unlit,Raining,Vehicle Collision,2,1,Moving forward,na,na,na,Driver,Normal,Not a Pedestrian,Moving Backward,Slight Injury
17:00:00,Tuesday,18-30,Male,Employee,Above 10yr,Automobile,Governmental,Other,Two-way (divided with broken lines road marking),Tangent road with flat terrain,Y Shape,Asphalt roads,Wet or damp,Darkness - lights lit,Normal,Vehicle Collision,2,2,Moving backward,Male,18-30,3,Other,Normal,Not a Pedestrian,No distancing,Slight Injury
17:00:00,Tuesday,31-50,Male,Employee,Above 10yr,Lorry (41 - 100 Quintal),Governmental,  Market areas,Undivided Two way,Tangent road with flat terrain,Y Shape,Asphalt roads,Wet or damp,Darkness - lights lit,Normal,Vehicle Collision,2,2,Moving forward,Female,18-30,2,,Normal,Not a Pedestrian,Driving to the left,Slight Injury
17:00:00,Tuesday,31-50,Male,Employee,5-10yr,Stationwagen,Owner,Office areas,other,Tangent road with flat terrain,Y Shape,Asphalt roads,Wet or damp,Darkness - lights lit,Normal,Vehicle Collision,2,2,Moving backward,na,na,na,Driver,Normal,Not a Pedestrian,Driving to the left,Slight Injury
15:00:00,Saturday,Unknown,Female,Employee,2-5yr,Pick up upto 10 Quintal,Owner, Church areas,Two-way (divided with broken lines road marking),Tangent road with flat terrain,Y Shape,Asphalt roads,Wet or damp,Daylight,Normal,Vehicle Collision,2,2,Moving forward,Male,31-50,3,Driver,Normal,Not a Pedestrian,Moving Backward,Slight Injury
15:00:00,Saturday,18-30,Male,Employee,Below 1yr,Automobile,Governmental, Church areas,Two-way (divided with broken lines road marking),Tangent road with flat terrain,Y Shape,Asphalt roads,Wet or damp,Daylight,Normal,Vehicle Collision,2,2,Moving forward,na,na,na,Self-employed,Normal,Not a Pedestrian,Moving Backward,Slight Injury
09:00:00,Saturday,18-30,Male,Employee,Below 1yr,Automobile,Owner,Residential areas,Double carriageway (median),Tangent road with flat terrain,Crossing,Asphalt roads,Wet or damp,Daylight,Raining,Vehicle Collision,3,1,Moving forward,Female,Over 51,3,,,Crossing from nearside - masked by parked or statioNot a Pedestrianry vehicle,Overtaking,Slight Injury
09:00:00,Saturday,Over 51,Male,Employee,2-5yr,Automobile,Owner,Residential areas,Two-way (divided with broken lines road marking),Tangent road with flat terrain,Crossing,Asphalt roads,Wet or damp,Daylight,Raining,Pedestrian Collision,3,1,Moving forward,Female,31-50,3,,,Crossing from nearside - masked by parked or statioNot a Pedestrianry vehicle,Driving carelessly,Slight Injury
09:00:00,Saturday,31-50,Male,Employee,Below 1yr,Other,Owner,Residential areas,Double carriageway (median),Tangent road with flat terrain,Crossing,Asphalt roads,Wet or damp,Daylight,Raining,Stationary Object Collision,3,1,Moving forward,na,na,na,Employee,Normal,Not a Pedestrian,Changing lane to the left,Slight Injury
11:00:00,Monday,18-30,Female,Employee,Below 1yr,Automobile,Owner,Residential areas,Two-way (divided with broken lines road marking),Tangent road with flat terrain,No junction,Asphalt roads,Dry,Daylight,Normal,Stationary Object Collision,2,1,Other,Male,18-30,3,Driver,Normal,Not a Pedestrian,Driving under the influence of drugs,Serious Injury
11:00:00,Monday,Over 51,Female,Employee,5-10yr,Public (13 - 45 seats),Owner,Other,Double carriageway (median),Tangent road with flat terrain,No junction,Asphalt roads,Dry,Daylight,Normal,Vehicle Collision,2,1,Moving forward,Female,18-30,3,Other,Normal,Not a Pedestrian,No distancing,Serious Injury
13:00:00,Friday,Unknown,Female,Employee,5-10yr,Public (13 - 45 seats),Owner,Other,Two-way (divided with broken lines road marking),Tangent road with flat terrain,No junction,Asphalt roads,Dry,Daylight,Normal,Vehicle Collision,2,1,Moving backward,na,na,na,Driver,Normal,Not a Pedestrian,Moving Backward,Slight Injury
13:00:00,Friday,18-30,Male,Employee,Below 1yr,Automobile,Owner,Residential areas,Two-way (divided with broken lines road marking),Tangent road with flat terrain,No junction,Asphalt roads,Dry,Daylight,Normal,Vehicle Collision,2,1,Moving backward,na,na,na,Driver,Normal,Not a Pedestrian,Changing lane to the left,Slight Injury
15:00:00,Thursday,18-30,Male,Employee,Below 1yr,Public (12 seats),Owner,Other,other,Tangent road with flat terrain,Y Shape,Other,Wet or damp,Daylight,Raining,Vehicle Collision,2,3,Moving backward,Female,31-50,3,Driver,Normal,Not a Pedestrian,Changing lane to the right,Slight Injury
15:00:00,Thursday,18-30,Male,Employee,1-2yr,Public (12 seats),Owner, Church areas,Undivided Two way,Tangent road with flat terrain,Y Shape,Asphalt roads,Wet or damp,Daylight,Raining,Vehicle Collision,2,3,Moving forward,Male,18-30,3,Driver,Normal,Crossing from driver's nearside,No distancing,Slight Injury
15:00:00,Thursday,31-50,Male,Employee,Above 10yr,Lorry (41 - 100 Quintal),Owner,Other,Undivided Two way,Tangent road with flat terrain,Y Shape,Asphalt roads,Wet or damp,Daylight,Raining,Stationary Object Collision,2,3,Moving forward,na,na,na,Driver,Normal,Not a Pedestrian,Driving at high speed,Slight Injury
10:00:00,Thursday,31-50,Male,Employee,Above 10yr,Automobile,Owner,Office areas,Undivided Two way,Tangent road with flat terrain,Y Shape,Asphalt roads,Wet or damp,Daylight,Normal,Vehicle Collision,2,2,Moving forward,Male,31-50,3,Driver,Normal,Not a Pedestrian,Changing lane to the right,Slight Injury
10:00:00,Thursday,31-50,Male,Employee,Below 1yr,Pick up upto 10 Quintal,Owner,Office areas,Two-way (divided with broken lines road marking),Tangent road with flat terrain,Y Shape,Asphalt roads,Wet or damp,Daylight,Normal,Vehicle Collision,2,2,Moving forward,Male,31-50,3,Driver,Normal,Not a Pedestrian,No priority to vehicle,Slight Injury
15:00:00,Thursday,18-30,Male,Employee,2-5yr,Pick up upto 10 Quintal,Owner,Residential areas,Undivided Two way,Tangent road with flat terrain,No junction,Asphalt roads,Dry,Daylight,Normal,Vehicle Collision,2,1,Other,na,na,na,Driver,Normal,Not a Pedestrian,No distancing,Slight Injury
15:00:00,Thursday,18-30,Male,Employee,2-5yr,Lorry (41 - 100 Quintal),Owner,Other,Two-way (divided with broken lines road marking),Tangent road with flat terrain,No junction,Asphalt roads,Dry,Daylight,Normal,Vehicle Collision,2,1,Moving forward,Female,31-50,3,,Normal,Crossing from driver's nearside,Turnover,Slight Injury
18:00:00,Thursday,18-30,Male,Employee,Above 10yr,Automobile,Owner, Industrial areas,Undivided Two way,Tangent road with flat terrain,Y Shape,Asphalt roads,Wet or damp,Darkness - lights lit,Raining,Vehicle Collision,1,1,Moving forward,na,na,na,,Normal,Not a Pedestrian,No distancing,Slight Injury
03:00:00,Monday,18-30,Male,Employee,2-5yr,Stationwagen,Owner,Office areas,Two-way (divided with broken lines road marking),Tangent road with flat terrain,No junction,Asphalt roads,Wet or damp,Darkness - lights lit,Raining and Windy,Vehicle Collision,2,2,Moving forward,Male,18-30,3,,Normal,Not a Pedestrian,Changing lane to the right,Slight Injury
03:00:00,Monday,18-30,Male,Employee,2-5yr,Motorcycle,Organization,  Recreational areas,Two-way (divided with broken lines road marking),Tangent road with flat terrain,No junction,Asphalt roads,Wet or damp,Darkness - lights lit,Raining and Windy,Pedestrian Collision,2,2,Moving backward,na,na,na,,Normal,Not a Pedestrian,No distancing,Slight Injury
03:00:00,Monday,18-30,Male,Employee,1-2yr,Automobile,Owner,Residential areas,Two-way (divided with broken lines road marking),Tangent road with flat terrain,No junction,Other,Wet or damp,Darkness - lights lit,Raining and Windy,Pedestrian Collision,2,2,Moving backward,Male,18-30,3,,Normal,Not a Pedestrian,Changing lane to the left,Slight Injury
17:00:00,Sunday,31-50,Unknown,Employee,5-10yr,Other,Owner,Residential areas,Undivided Two way,Tangent road with flat terrain,Crossing,Asphalt roads,Dry,Darkness - lights lit,Normal,Stationary Object Collision,2,3,Moving forward,Male,31-50,3,,Normal,Not a Pedestrian,Driving carelessly,Slight Injury
17:00:00,Sunday,18-30,Male,Employee,Below 1yr,Automobile,Owner, Church areas,Undivided Two way,Steep grade downward with mountainous terrain,Crossing,Asphalt roads,Dry,Darkness - lights lit,Normal,Pedestrian Collision,2,3,Moving forward,Male,18-30,3,,Normal,Not a Pedestrian,Changing lane to the right,Slight Injury
17:00:00,Sunday,18-30,Male,Employee,Below 1yr,Automobile,Owner,Residential areas,Undivided Two way,Tangent road with flat terrain,Crossing,Asphalt roads,Dry,Darkness - lights lit,Normal,Vehicle Collision,2,3,Moving backward,na,na,na,,Normal,Not a Pedestrian,No priority to vehicle,Slight Injury
17:00:00,Sunday,18-30,Male,Employee,5-10yr,Automobile,Owner,Other,other,Tangent road with flat terrain,Crossing,Asphalt roads,Dry,Darkness - lights lit,Normal,Vehicle Collision,2,3,Moving forward,Male,18-30,3,Driver,,Not a Pedestrian,No distancing,Slight Injury
19:00:00,Friday,31-50,Male,Employee,Below 1yr,Public (> 45 seats),Owner,Other,Undivided Two way,Tangent road with flat terrain,Crossing,Asphalt roads,Wet or damp,Darkness - lights lit,Raining,Vehicle Collision,1,1,Moving backward,na,na,na,Driver,,Not a Pedestrian,No priority to pedestrian,Slight Injury
10:00:00,Thursday,31-50,Male,Employee,1-2yr,Automobile,Owner,Other,Two-way (divided with solid lines road marking),Tangent road with flat terrain,Y Shape,Asphalt roads,Dry,Daylight,Normal,Stationary Object Collision,2,1,Other,Male,18-30,3,Driver,Normal,Not a Pedestrian,No priority to pedestrian,Serious Injury
10:00:00,Thursday,Over 51,Male,Employee,2-5yr,Other,Owner, Church areas,Two-way (divided with solid lines road marking),Tangent road with flat terrain,Y Shape,Earth roads,Dry,Daylight,Normal,Stationary Object Collision,2,1,Moving forward,na,na,na,Driver,Normal,Not a Pedestrian,No priority to vehicle,Serious Injury
09:00:00,Friday,Under 18,Male,Employee,1-2yr,Automobile,Governmental,Other,Two-way (divided with solid lines road marking),Tangent road with flat terrain,Crossing,Asphalt roads,Dry,Daylight,Normal,Vehicle Collision,2,1,Moving forward,Female,18-30,3,Driver,Normal,"In carriageway, statioNot a Pedestrianry - not crossing  (standing or playing)",Changing lane to the left,Slight Injury
09:00:00,Friday,18-30,Male,Employee,5-10yr,Other,Owner, Church areas,Two-way (divided with solid lines road marking),Tangent road with flat terrain,Crossing,Asphalt roads,Dry,Daylight,Normal,Vehicle Collision,2,1,Moving forward,na,na,na,,Normal,Not a Pedestrian,Changing lane to the left,Slight Injury
16:00:00,Monday,18-30,Male,Employee,Below 1yr,Lorry (41 - 100 Quintal),Owner, Church areas,Two-way (divided with broken lines road marking),Tangent road with flat terrain,Y Shape,Asphalt roads,Wet or damp,Darkness - lights lit,Normal,Vehicle Collision,2,1,Moving forward,Male,31-50,3,Driver,Normal,Not a Pedestrian,No distancing,Slight Injury
16:00:00,Monday,18-30,Male,Employee,Above 10yr,Pick up upto 10 Quintal,Owner,Other,Undivided Two way,Tangent road with flat terrain,Y Shape,Asphalt roads,Wet or damp,Darkness - lights lit,Normal,Vehicle Collision,2,1,Moving forward,Female,Over 51,3,Driver,Normal,Crossing from nearside - masked by parked or statioNot a Pedestrianry vehicle,No priority to vehicle,Slight Injury
19:00:00,Thursday,18-30,Male,Owner,5-10yr,Public (13 - 45 seats),Governmental,Other,Undivided Two way,Tangent road with flat terrain,Y Shape,Asphalt roads,Dry,Darkness - lights lit,Normal,Vehicle Collision,1,1,Moving forward,Female,18-30,3,Self-employed,Normal,Crossing from nearside - masked by parked or statioNot a Pedestrianry vehicle,No distancing,Slight Injury
16:00:00,Wednesday,18-30,Male,Employee,Below 1yr,Automobile,Owner,School areas,other,Tangent road with flat terrain,Y Shape,Asphalt roads,Dry,Darkness - lights lit,Normal,Vehicle Collision,1,1,Moving forward,Male,31-50,3,Driver,Normal,Not a Pedestrian,No distancing,Slight Injury
12:00:00,Wednesday,31-50,Male,Employee,5-10yr,Pick up upto 10 Quintal,Owner,Residential areas,Undivided Two way,Tangent road with flat terrain,No junction,Asphalt roads,Dry,Daylight,Normal,Vehicle Collision,1,1,Moving forward,na,na,na,Driver,Normal,Not a Pedestrian,Changing lane to the right,Slight Injury
19:00:00,Friday,31-50,Male,Owner,5-10yr,Automobile,Owner,Other,Two-way (divided with broken lines road marking),Tangent road with flat terrain,Y Shape,Asphalt roads,Wet or damp,Darkness - lights lit,Raining,Vehicle Collision,2,2,Moving forward,na,na,na,Self-employed,Normal,Not a Pedestrian,Changing lane to the left,Slight Injury
19:00:00,Friday,18-30,Male,Employee,2-5yr,Lorry (41 - 100 Quintal),Owner,Office areas,Undivided Two way,Tangent road with flat terrain,Y Shape,Asphalt roads,Wet or damp,Darkness - lights lit,Raining,Vehicle Collision,2,2,Moving forward,Male,Under 18,3,,,Not a Pedestrian,No distancing,Slight Injury
17:00:00,Saturday,18-30,Male,Employee,Above 10yr,Automobile,Owner,Residential areas,Undivided Two way,Tangent road with flat terrain,Crossing,Asphalt roads,Wet or damp,Darkness - lights lit,Raining,Stationary Object Collision,2,2,Moving forward,Male,Under 18,3,Driver,Normal,Not a Pedestrian,Overturning,Slight Injury
17:00:00,Saturday,Over 51,Male,Employee,5-10yr,Lorry (41 - 100 Quintal),Owner,Other,One way,Steep grade downward with mountainous terrain,Crossing,Asphalt roads,Wet or damp,Darkness - lights lit,Raining,Stationary Object Collision,2,2,Moving forward,na,na,na,Other,Normal,Not a Pedestrian,No priority to vehicle,Slight Injury
17:00:00,Saturday,Over 51,Male,Employee,1-2yr,Lorry (41 - 100 Quintal),Owner,Residential areas,Two-way (divided with broken lines road marking),Tangent road with flat terrain,Crossing,Asphalt roads,Wet or damp,Darkness - lights lit,Raining,Pedestrian Collision,2,2,Moving forward,Male,18-30,3,Driver,Normal,Crossing from offside - masked by  parked or statioNot a Pedestrianry vehicle,Moving Backward,Slight Injury
18:00:00,Tuesday,18-30,Male,Employee,5-10yr,Lorry (41 - 100 Quintal),Owner,Residential areas,Undivided Two way,Tangent road with flat terrain,Crossing,Asphalt roads,Dry,Darkness - lights lit,Normal,Vehicle Collision,2,1,Moving forward,Male,Over 51,3,Self-employed,Normal,Not a Pedestrian,Driving under the influence of drugs,Slight Injury
18:00:00,Tuesday,18-30,Male,Employee,2-5yr,Public (13 - 45 seats),Owner,Residential areas,Two-way (divided with broken lines road marking),Tangent road with flat terrain,Crossing,Asphalt roads,Dry,Darkness - lights lit,Normal,Vehicle Collision,2,1,Moving forward,Male,31-50,3,Driver,Normal,Crossing from driver's nearside,Moving Backward,Slight Injury
15:00:00,Thursday,31-50,Male,Employee,Below 1yr,Automobile,Owner,Other,other,Tangent road with flat terrain,Y Shape,Asphalt roads,Wet or damp,Daylight,Normal,Vehicle Collision,1,1,Moving forward,na,na,na,Driver,Normal,Not a Pedestrian,Changing lane to the right,Slight Injury
14:00:00,Sunday,Under 18,Male,Employee,Below 1yr,Other,Owner,Other,Undivided Two way,Tangent road with flat terrain,No junction,Asphalt roads,Dry,Daylight,Normal,Vehicle Collision,1,1,Moving backward,Male,18-30,3,,,Not a Pedestrian,Overspeed,Slight Injury
17:00:00,Friday,31-50,Male,Employee,5-10yr,Other,Owner,Other,One way,Tangent road with flat terrain,Y Shape,Asphalt roads,Wet or damp,Darkness - lights unlit,Normal,Vehicle Collision,2,2,Moving forward,na,na,na,Driver,Normal,Not a Pedestrian,Driving under the influence of drugs,Serious Injury
17:00:00,Friday,31-50,Male,Owner,5-10yr,Other,Owner, Hospital areas,Undivided Two way,Tangent road with flat terrain,Y Shape,Earth roads,Wet or damp,Darkness - lights unlit,Normal,Vehicle Collision,2,2,Moving forward,Male,31-50,3,Driver,Normal,Not a Pedestrian,Driving carelessly,Serious Injury
17:00:00,Friday,31-50,Male,Employee,1-2yr,Automobile,Owner,Residential areas,Undivided Two way,Tangent road with flat terrain,Y Shape,Asphalt roads,Wet or damp,Darkness - lights unlit,Normal,Vehicle Collision,2,2,Moving forward,na,na,na,,,Not a Pedestrian,No distancing,Serious Injury
17:00:00,Sunday,Over 51,Male,Employee,5-10yr,Other,Owner,Residential areas,One way,Tangent road with flat terrain,Crossing,Asphalt roads,Wet or damp,Darkness - lights lit,Normal,Vehicle Collision,2,2,Moving forward,Male,18-30,3,,,Not a Pedestrian,No priority to vehicle,Serious Injury
17:00:00,Sunday,Under 18,Male,Employee,Above 10yr,Lorry (41 - 100 Quintal),Owner,Residential areas,Undivided Two way,Tangent road with flat terrain,Crossing,Asphalt roads,Wet or damp,Darkness - lights lit,Normal,Vehicle Collision,2,2,Turning,na,na,na,Driver,Normal,Not a Pedestrian,Overspeed,Serious Injury
16:00:00,Monday,18-30,Male,Owner,1-2yr,Public (12 seats),Owner,Other,Two-way (divided with broken lines road marking),Tangent road with flat terrain,Y Shape,Asphalt roads,Dry,Daylight,Normal,Pedestrian Collision,3,1,Moving forward,Male,5,3,Driver,Normal,Not a Pedestrian,Driving under the influence of drugs,Slight Injury
16:00:00,Monday,31-50,Male,Employee,5-10yr,Lorry (41 - 100 Quintal),Owner,Office areas,Two-way (divided with broken lines road marking),Tangent road with flat terrain,Y Shape,Asphalt roads,Dry,Daylight,Normal,Pedestrian Collision,3,1,Moving forward,Male,31-50,3,,,Not a Pedestrian,Changing lane to the right,Slight Injury
16:00:00,Monday,18-30,Male,Employee,Above 10yr,Public (12 seats),Owner,Other,other,Tangent road with flat terrain,Y Shape,Asphalt roads,Dry,Daylight,Normal,Vehicle Collision,3,1,Moving forward,na,na,na,,,Not a Pedestrian,Changing lane to the right,Slight Injury
09:00:00,Thursday,18-30,Male,Owner,2-5yr,Lorry (41 - 100 Quintal),Owner,Office areas,Double carriageway (median),Tangent road with flat terrain,Crossing,Asphalt roads,Wet or damp,Daylight,Other,Vehicle Collision,2,1,Moving forward,na,na,na,Driver,Normal,Not a Pedestrian,Changing lane to the right,Slight Injury
09:00:00,Thursday,18-30,Male,Employee,5-10yr,Other,Owner,Residential areas,Two-way (divided with broken lines road marking),Tangent road with flat terrain,Crossing,Asphalt roads,Wet or damp,Daylight,Other,Vehicle Collision,2,1,Moving forward,Male,18-30,3,Driver,Normal,Not a Pedestrian,Changing lane to the right,Slight Injury
08:00:00,Saturday,18-30,Male,Employee,Below 1yr,Lorry (41 - 100 Quintal),Owner,Office areas,Double carriageway (median),Gentle horizontal curve,Y Shape,Asphalt roads,Dry,Daylight,Normal,Vehicle Collision,1,1,Moving forward,Male,18-30,3,,,Not a Pedestrian,Moving Backward,Slight Injury
10:00:00,Friday,31-50,Male,Employee,5-10yr,Automobile,Owner,Office areas,Double carriageway (median),Tangent road with flat terrain,No junction,Asphalt roads,Dry,Daylight,Normal,Vehicle Collision,1,1,Moving forward,na,na,na,,,Not a Pedestrian,No distancing,Slight Injury
16:00:00,Wednesday,18-30,Male,Employee,Above 10yr,Public (> 45 seats),Organization,Other,Double carriageway (median),Tangent road with flat terrain,Unknown,Earth roads,Wet or damp,Darkness - lights lit,Normal,Vehicle Collision,1,1,Moving forward,Male,18-30,3,Driver,Normal,Not a Pedestrian,Overspeed,Slight Injury
17:00:00,Thursday,18-30,Male,Employee,5-10yr,Lorry (41 - 100 Quintal),Owner,Office areas,Two-way (divided with broken lines road marking),Tangent road with flat terrain,No junction,Asphalt roads,Wet or damp,Darkness - lights lit,Normal,Vehicle Collision,4,2,Moving forward,Male,18-30,3,Driver,Normal,Not a Pedestrian,No distancing,Slight Injury
17:00:00,Thursday,31-50,Male,Employee,1-2yr,Other,Owner,Office areas,,Tangent road with flat terrain,No junction,Asphalt roads,Wet or damp,Darkness - lights lit,Normal,Vehicle Collision,4,2,Turning,Female,5,3,,,Not a Pedestrian,Driving carelessly,Slight Injury
17:00:00,Thursday,31-50,Male,Employee,5-10yr,Other,Governmental,Office areas,One way,Tangent road with flat terrain,No junction,Asphalt roads,Wet or damp,Darkness - lights lit,Normal,Vehicle Collision,4,2,Moving forward,Female,5,3,Driver,,Not a Pedestrian,No distancing,Slight Injury
17:00:00,Thursday,31-50,Male,Employee,1-2yr,Automobile,Owner,Other,Undivided Two way,Tangent road with flat terrain,No junction,Asphalt roads,Wet or damp,Darkness - lights lit,Normal,Vehicle Collision,4,2,Moving backward,Male,5,3,Driver,Normal,Not a Pedestrian,No distancing,Slight Injury
15:00:00,Monday,18-30,Male,Owner,1-2yr,Lorry (41 - 100 Quintal),Owner,Residential areas,,Tangent road with flat terrain,Y Shape,Asphalt roads,Dry,Daylight,Normal,Vehicle Collision,4,1,Other,Male,5,3,Driver,Normal,Not a Pedestrian,No distancing,Slight Injury
15:00:00,Monday,18-30,Male,Owner,1-2yr,Pick up upto 10 Quintal,Owner,Residential areas,Two-way (divided with broken lines road marking),Gentle horizontal curve,Y Shape,Asphalt roads,Dry,Daylight,Normal,Vehicle Collision,4,1,Moving forward,Male,5,3,Driver,Normal,Not a Pedestrian,Changing lane to the right,Slight Injury
15:00:00,Monday,18-30,Male,Owner,5-10yr,Automobile,Owner, Church areas,Two-way (divided with broken lines road marking),Tangent road with flat terrain,Y Shape,Asphalt roads,Dry,Daylight,Normal,Vehicle Collision,4,1,Moving forward,Female,5,3,Driver,Normal,Not a Pedestrian,No distancing,Slight Injury
15:00:00,Monday,31-50,Female,Employee,5-10yr,Automobile,Owner,Other,Two-way (divided with broken lines road marking),Tangent road with flat terrain,Y Shape,Asphalt roads,Dry,Daylight,Normal,Vehicle Collision,4,1,Turning,Male,18-30,3,,,Not a Pedestrian,No priority to vehicle,Slight Injury
16:00:00,Thursday,18-30,Male,Employee,5-10yr,Other,Owner,Residential areas,Two-way (divided with broken lines road marking),Tangent road with flat terrain,Y Shape,Gravel roads,Wet or damp,Darkness - lights lit,Cloudy,Vehicle Collision,3,2,Other,Female,18-30,3,Student,Normal,Not a Pedestrian,Changing lane to the left,Slight Injury
16:00:00,Thursday,Over 51,Male,Owner,Below 1yr,Automobile,Owner,Other,Undivided Two way,Tangent road with flat terrain,Y Shape,Asphalt roads,Wet or damp,Darkness - lights lit,Cloudy,Vehicle Collision,3,2,Moving forward,Male,Under 18,3,,,Not a Pedestrian,Moving Backward,Slight Injury
16:00:00,Thursday,31-50,Male,Employee,Above 10yr,Stationwagen,Owner,Residential areas,Undivided Two way,Tangent road with flat terrain,Y Shape,Asphalt roads,Wet or damp,Darkness - lights lit,Cloudy,Vehicle Collision,3,2,Moving forward,Male,31-50,3,,,Not a Pedestrian,Driving carelessly,Slight Injury
17:00:00,Sunday,18-30,Male,Employee,5-10yr,Other,Owner,Residential areas,Two-way (divided with broken lines road marking),Tangent road with flat terrain,Other,Asphalt roads,Wet or damp,Darkness - lights lit,Raining,Vehicle Collision,2,2,Other,Male,18-30,3,,Normal,Not a Pedestrian,Changing lane to the left,Slight Injury
17:00:00,Sunday,31-50,Male,Employee,Below 1yr,Automobile,Owner,Other,Two-way (divided with broken lines road marking),Tangent road with flat terrain,Other,Asphalt roads,Wet or damp,Darkness - lights lit,Raining,Vehicle Collision,2,2,Moving forward,Male,18-30,2,Driver,Normal,Not a Pedestrian,No priority to pedestrian,Slight Injury