Time,Day,Age_band_of_driver,Sex_of_driver,Vehicle_driver_relation,Driving_experience,Type_of_vehicle,Owner_of_vehicle,Area_accident_occured,Lanes_or_Medians,Road_allignment,Types_of_Junction,Road_surface_type,Road_surface_conditions,Light_conditions,Weather_conditions,Type_of_collision,Number_of_vehicles_involved,Number_of_casualties,Vehicle_movement,Sex_of_casualty,Age_band_of_casualty,Casualty_severity,Work_of_casuality,Fitness_of_casuality,Pedestrian_movement,Cause_of_accident,Accident_severity
11:00:00,Friday,31-50,Male,Employee,5-10yr,Automobile,Owner,Office areas,Two-way (divided with broken lines road marking),Tangent road with flat terrain,,Gravel roads,Dry,Daylight,Normal,Vehicle Collision,2,1,Moving forward,Female,31-50,3,,,Not a Pedestrian,Changing lane to the left,Slight Injury
07:00:00,Wednesday,Over 51,Male,Owner,5-10yr,Public (> 45 seats),Owner,Office areas,Two-way (divided with broken lines road marking),Tangent road with flat terrain,,Asphalt roads,Dry,Daylight,Normal,Vehicle Collision,2,1,Moving forward,na,na,na,Driver,Normal,Not a Pedestrian,Changing lane to the right,Slight Injury
07:00:00,Wednesday,31-50,Male,Owner,Above 10yr,Public (12 seats),Owner,School areas,,Tangent road with flat terrain,,Asphalt roads,Dry,Daylight,Normal,Vehicle Collision,2,1,Moving forward,Male,31-50,3,Driver,Normal,Not a Pedestrian,Driving under the influence of drugs,Slight Injury
00:00:00,Monday,18-30,Male,Owner,Above 10yr,Automobile,Governmental,School areas,Undivided Two way,Tangent road with flat terrain,,Asphalt roads,Dry,Daylight,Normal,Stationary Object Collision,2,1,Moving forward,Male,18-30,3,,,Not a Pedestrian,No priority to vehicle,Slight Injury
00:00:00,Monday,31-50,Male,Employee,5-10yr,Lorry (41 - 100 Quintal),Owner,Office areas,Two-way (divided with broken lines road marking),Tangent road with flat terrain,,Asphalt roads,Dry,Daylight,Normal,Vehicle Collision,2,1,Moving backward,Male,18-30,3,,,Not a Pedestrian,No priority to vehicle,Slight Injury
19:00:00,Saturday,18-30,Female,Employee,5-10yr,Automobile,Owner,Office areas,Two-way (divided with broken lines road marking),Tangent road with flat terrain,,Asphalt roads,Dry,Daylight,Normal,Vehicle Collision,2,1,Other,Female,31-50,3,Driver,Normal,Not a Pedestrian,Changing lane to the left,Slight Injury
19:00:00,Saturday,31-50,Male,Owner,Above 10yr,Pick up upto 10 Quintal,Governmental,School areas,Two-way (divided with broken lines road marking),Tangent road with flat terrain,,Asphalt roads,Dry,Daylight,Normal,Vehicle Collision,3,3,Moving forward,na,na,na,Driver,Normal,Not a Pedestrian,Changing lane to the right,Slight Injury
19:00:00,Wednesday,31-50,Male,Owner,Below 1yr,Public (12 seats),Owner,Other,Two-way (divided with broken lines road marking),Tangent road with flat terrain,,Asphalt roads,Dry,Daylight,Normal,Vehicle Collision,3,3,Moving forward,Female,31-50,3,,,Not a Pedestrian,Changing lane to the right,Slight Injury
19:00:00,Wednesday,Under 18,Male,Owner,2-5yr,Automobile,Owner,Other,Two-way (divided with broken lines road marking),Tangent road with flat terrain,,Asphalt roads,Dry,Daylight,Normal,Pedestrian Collision,3,3,Moving forward,Male,31-50,3,,,Unknown or other,Changing lane to the left,Slight Injury
12:00:00,Thursday,Unknown,Male,Owner,2-5yr,Automobile,Owner,Other,Undivided Two way,Tangent road with flat terrain,,Asphalt roads,Dry,Daylight,Normal,Vehicle Collision,3,3,Moving forward,na,na,na,Driver,Normal,Not a Pedestrian,Changing lane to the left,Slight Injury
12:00:00,Thursday,18-30,Female,Owner,5-10yr,Automobile,Owner,Other,Two-way (divided with broken lines road marking),Tangent road with flat terrain,,Asphalt roads,Dry,Daylight,Normal,Vehicle Collision,2,1,Moving forward,Male,Over 51,3,Driver,Normal,Not a Pedestrian,Getting off the vehicle improperly,Slight Injury
22:00:00,Friday,18-30,Male,Owner,5-10yr,Stationwagen,Owner,Residential areas,Undivided Two way,Tangent road with flat terrain,,Asphalt roads,Dry,Daylight,Normal,Vehicle Collision,2,1,Moving forward,Male,Under 18,3,,,Not a Pedestrian,Overtaking,Slight Injury
07:00:00,Monday,18-30,Male,Owner,Below 1yr,Other,Governmental,Other,Undivided Two way,Tangent road with flat terrain,,Asphalt roads,Wet or damp,Daylight,Raining,Vehicle Collision,2,1,Moving forward,Male,Under 18,3,,,Crossing from offside - masked by  parked or statioNot a Pedestrianry vehicle,Changing lane to the left,Slight Injury
07:00:00,Friday,31-50,Male,Owner,Above 10yr,Other,Owner,Other,Undivided Two way,Tangent road with flat terrain,,Asphalt roads,Wet or damp,Daylight,Raining,Vehicle Collision,2,1,Moving forward,Male,18-30,3,Driver,Normal,Unknown or other,Driving under the influence of drugs,Slight Injury
07:00:00,Friday,31-50,Male,Owner,Below 1yr,Other,Owner, Industrial areas,Undivided Two way,Tangent road with flat terrain,,Asphalt roads,Dry,Daylight,Normal,Vehicle Collision,2,1,Moving forward,Male,18-30,3,Driver,Normal,Not a Pedestrian,Driving carelessly,Slight Injury
23:00:00,Saturday,Unknown,Male,Owner,5-10yr,Public (13 - 45 seats),Owner,  Recreational areas,Undivided Two way,Tangent road with flat terrain,,Asphalt roads,Dry,Daylight,Normal,Stationary Object Collision,2,1,Moving backward,Female,18-30,3,,,Not a Pedestrian,Moving Backward,Slight Injury
23:00:00,Saturday,18-30,Male,Owner,5-10yr,Lorry (41 - 100 Quintal),Owner, Church areas,Two-way (divided with broken lines road marking),Tangent road with flat terrain,,Asphalt roads,Dry,Daylight,Normal,Vehicle Collision,2,1,Moving backward,na,na,na,Driver,,Not a Pedestrian,No distancing,Slight Injury
15:00:00,Wednesday,Over 51,Male,Owner,5-10yr,Public (12 seats),Owner,Office areas,Two-way (divided with broken lines road marking),Tangent road with flat terrain,,Asphalt roads,Dry,Daylight,Normal,Vehicle Collision,2,1,Turning,na,na,na,Driver,Normal,Not a Pedestrian,No priority to vehicle,Slight Injury
15:00:00,Wednesday,31-50,Male,Employee,1-2yr,Automobile,Owner,Other,Two-way (divided with broken lines road marking),Tangent road with flat terrain,,Asphalt roads,Dry,Daylight,Normal,Vehicle Collision,2,1,Other,Female,18-30,3,Driver,Normal,Not a Pedestrian,Overturning,Slight Injury
17:00:00,Wednesday,Unknown,Male,Owner,5-10yr,Automobile,Owner,Office areas,Undivided Two way,Tangent road with flat terrain,,Asphalt roads,Dry,Daylight,Normal,Vehicle Collision,2,1,Other,Female,31-50,3,Driver,Normal,Not a Pedestrian,Changing lane to the left,Slight Injury
17:00:00,Wednesday,31-50,Male,Employee,5-10yr,Stationwagen,Owner,Office areas,Two-way (divided with broken lines road marking),Tangent road with flat terrain,,Asphalt roads,Dry,Daylight,Normal,Vehicle Collision,2,1,Moving forward,na,na,na,Driver,Normal,Not a Pedestrian,No distancing,Slight Injury
16:00:00,Tuesday,18-30,Male,Employee,5-10yr,Lorry (41 - 100 Quintal),Owner,Other,Two-way (divided with broken lines road marking),Tangent road with flat terrain,,Asphalt roads,Dry,Daylight,Normal,Vehicle Collision,2,1,Moving forward,Female,18-30,3,,,Not a Pedestrian,Moving Backward,Slight Injury
13:00:00,Saturday,31-50,Male,Employee,5-10yr,Lorry (41 - 100 Quintal),Owner,Residential areas,Undivided Two way,Tangent road with flat terrain,,Other,Dry,Daylight,Normal,Vehicle Collision,2,1,Other,na,na,na,Driver,,Not a Pedestrian,No priority to vehicle,Slight Injury
13:00:00,Saturday,18-30,Male,Employee,Above 10yr,Lorry (41 - 100 Quintal),Owner,Office areas,other,Tangent road with mountainous terrain and,,Asphalt roads,Dry,Daylight,Normal,Vehicle Collision,2,1,Other,Female,18-30,3,Driver,Normal,Not a Pedestrian,No priority to vehicle,Slight Injury
12:00:00,Friday,Over 51,Female,Employee,5-10yr,Public (> 45 seats),Owner,Residential areas,other,Tangent road with flat terrain,,Asphalt roads,Dry,Darkness - lights lit,Normal,Self-accident,2,1,Moving forward,na,na,na,Self-employed,Normal,Not a Pedestrian,No distancing,Slight Injury
12:00:00,Friday,18-30,Male,Employee,No Licence,Public (12 seats),Owner,School areas,Two-way (divided with broken lines road marking),Tangent road with flat terrain,,Asphalt roads,Dry,Darkness - lights lit,Normal,Vehicle Collision,2,1,Moving backward,Male,31-50,3,Employee,Normal,Not a Pedestrian,No distancing,Slight Injury
15:00:00,Friday,Over 51,Male,Employee,Below 1yr,Other,Owner,Office areas,Two-way (divided with broken lines road marking),Sharp reverse curve,,Asphalt roads,Dry,Daylight,Normal,Vehicle Collision,1,4,Other,Male,18-30,3,Driver,Normal,Not a Pedestrian,Overtaking,Slight Injury
15:00:00,Friday,31-50,Male,Employee,5-10yr,Public (12 seats),Owner,Other,other,Tangent road with flat terrain,,Asphalt roads,Dry,Daylight,Normal,Vehicle Collision,1,4,Turning,na,na,na,Other,Normal,Not a Pedestrian,Driving under the influence of drugs,Slight Injury
15:00:00,Friday,31-50,Female,Employee,5-10yr,Other,Owner,Other,Undivided Two way,Tangent road with flat terrain,,Asphalt roads,Dry,Daylight,Normal,Stationary Object Collision,1,4,Moving forward,Female,18-30,3,Self-employed,Normal,Not a Pedestrian,Changing lane to the right,Slight Injury
15:00:00,Friday,31-50,Male,Employee,5-10yr,Public (12 seats),Owner, Church areas,other,Tangent road with flat terrain,,Asphalt roads,Dry,Daylight,Normal,Vehicle Collision,1,4,Moving forward,Female,31-50,3,Self-employed,Normal,Crossing from driver's nearside,Changing lane to the left,Slight Injury
15:00:00,Friday,31-50,Male,Employee,5-10yr,Stationwagen,Owner,Office areas,Two-way (divided with broken lines road marking),Tangent road with flat terrain,,Asphalt roads,Dry,Daylight,Normal,Vehicle Collision,1,1,Moving forward,Female,5,3,Employee,Normal,Not a Pedestrian,Driving carelessly,Serious Injury
03:00:00,Saturday,Under 18,Male,Employee,5-10yr,Automobile,Owner,Other,Two-way (divided with broken lines road marking),Tangent road with flat terrain,,Asphalt roads,Dry,Daylight,Normal,Vehicle Collision,1,1,Moving forward,Male,18-30,3,Self-employed,Normal,Not a Pedestrian,Moving Backward,Slight Injury
23:00:00,Wednesday,18-30,Male,Employee,2-5yr,Lorry (41 - 100 Quintal),Owner,Office areas,Two-way (divided with broken lines road marking),Tangent road with mild grade and flat terrain,,Asphalt roads,Dry,Darkness - lights lit,Normal,Stationary Object Collision,2,1,Moving forward,na,na,na,,,Not a Pedestrian,Moving Backward,Slight Injury
15:00:00,Monday,18-30,Male,Employee,5-10yr,Special vehicle,Owner,Office areas,Two-way (divided with broken lines road marking),Tangent road with flat terrain,,Asphalt roads,Dry,Darkness - lights lit,Normal,Vehicle Collision,2,1,Moving forward,Female,31-50,3,Driver,Normal,Not a Pedestrian,Changing lane to the right,Slight Injury
04:00:00,Friday,18-30,Male,Employee,Above 10yr,Lorry (41 - 100 Quintal),Owner,Office areas,Two-way (divided with broken lines road marking),Sharp reverse curve,,Asphalt roads,Wet or damp,Darkness - lights lit,Normal,Vehicle Collision,2,1,Moving forward,Male,5,3,Driver,Normal,Not a Pedestrian,No priority to vehicle,Serious Injury
04:00:00,Friday,18-30,Male,Employee,1-2yr,Lorry (41 - 100 Quintal),Owner, Church areas,Undivided Two way,Sharp reverse curve,,Asphalt roads,Wet or damp,Darkness - lights lit,Normal,Vehicle Collision,2,1,Moving forward,Male,5,3,Driver,Normal,Not a Pedestrian,Driving at high speed,Serious Injury
04:00:00,Friday,18-30,Male,Employee,Below 1yr,Public (> 45 seats),Owner,Office areas,Undivided Two way,Gentle horizontal curve,,Other,Dry,Daylight,Normal,Vehicle Collision,1,2,Moving forward,na,na,na,Driver,Normal,Not a Pedestrian,Driving under the influence of drugs,Slight Injury
04:00:00,Friday,18-30,Male,Employee,1-2yr,Automobile,Owner,Other,Double carriageway (median),Gentle horizontal curve,,Asphalt roads,Dry,Daylight,Normal,Stationary Object Collision,1,2,Other,Male,18-30,3,,,Not a Pedestrian,Changing lane to the right,Slight Injury
15:00:00,Saturday,18-30,Male,Employee,5-10yr,Automobile,Owner,Other,Two-way (divided with broken lines road marking),Tangent road with flat terrain,,Asphalt roads,Dry,Darkness - lights lit,Normal,Vehicle Collision,2,3,Moving forward,na,na,na,Driver,Normal,Not a Pedestrian,Driving carelessly,Slight Injury
08:00:00,Friday,Under 18,Male,Employee,1-2yr,Automobile,Owner, Church areas,Unknown,Tangent road with mountainous terrain and,,Asphalt roads,Dry,Darkness - lights lit,Normal,Vehicle Collision,2,3,Moving forward,Male,Under 18,3,,,Not a Pedestrian,No distancing,Slight Injury
00:00:00,Sunday,18-30,Male,Owner,5-10yr,Public (> 45 seats),Owner,School areas,Undivided Two way,Tangent road with flat terrain,,Asphalt roads,Dry,Darkness - lights lit,Normal,Vehicle Collision,2,3,Moving backward,na,na,na,Driver,Normal,Not a Pedestrian,Changing lane to the left,Slight Injury
00:00:00,Sunday,31-50,Male,Employee,2-5yr,Lorry (11 - 40 Quintal),Owner, Church areas,Two-way (divided with broken lines road marking),Tangent road with flat terrain,,Asphalt roads,Dry,Daylight,Normal,Vehicle Collision,2,1,Moving forward,Female,18-30,3,Self-employed,Normal,Not a Pedestrian,No distancing,Serious Injury
00:00:00,Sunday,31-50,Male,Owner,Below 1yr,Pick up upto 10 Quintal,Owner,Office areas,Undivided Two way,Tangent road with flat terrain,,Asphalt roads,Dry,Daylight,Normal,Vehicle Collision,2,1,Moving backward,na,na,na,Driver,Normal,Not a Pedestrian,No distancing,Serious Injury
00:00:00,Sunday,18-30,Female,Employee,5-10yr,Lorry (11 - 40 Quintal),Owner,Other,other,Tangent road with flat terrain,,Asphalt roads,Dry,Daylight,Normal,Pedestrian Collision,2,1,Other,Male,Under 18,3,Driver,Normal,Not a Pedestrian,Getting off the vehicle improperly,Fatal injury
00:00:00,Sunday,18-30,Male,Employee,5-10yr,Pick up upto 10 Quintal,Owner, Church areas,Two-way (divided with broken lines road marking),Steep grade upward with mountainous terrain,,Asphalt roads,Dry,Daylight,Normal,Vehicle Collision,2,1,Moving forward,Male,18-30,3,Self-employed,Normal,Not a Pedestrian,Overtaking,Fatal injury
15:00:00,Saturday,Unknown,Male,Employee,5-10yr,Special vehicle,Governmental,Other,Double carriageway (median),Tangent road with flat terrain,,Asphalt roads,Dry,Daylight,Normal,Vehicle Collision,2,1,Moving backward,Male,Under 18,2,Driver,Normal,Not a Pedestrian,Driving carelessly,Slight Injury
15:00:00,Saturday,31-50,Male,Employee,2-5yr,Lorry (11 - 40 Quintal),Governmental,Other,Double carriageway (median),Tangent road with flat terrain,,Other,Dry,Daylight,Normal,Stationary Object Collision,2,1,Moving forward,Female,31-50,3,Driver,Normal,Not a Pedestrian,Driving under the influence of drugs,Slight Injury
15:00:00,Saturday,31-50,Male,Employee,Above 10yr,Automobile,Organization,Office areas,Two-way (divided with broken lines road marking),Gentle horizontal curve,,Asphalt roads,Dry,Daylight,Normal,Vehicle Collision,2,1,Other,na,na,na,Self-employed,Normal,Not a Pedestrian,Moving Backward,Slight Injury
16:00:00,Saturday,Under 18,Male,Employee,5-10yr,Automobile,Organization,Other,Two-way (divided with broken lines road marking),Tangent road with flat terrain,,Asphalt roads,Dry,Daylight,Normal,Vehicle Collision,2,1,Other,Female,Over 51,3,,,Not a Pedestrian,Overturning,Slight Injury
16:00:00,Saturday,Under 18,Male,Employee,Above 10yr,Lorry (41 - 100 Quintal),Owner,Other,Two-way (divided with broken lines road marking),Tangent road with flat terrain,,Asphalt roads,Dry,Daylight,Normal,Pedestrian Collision,3,1,Other,na,na,na,Self-employed,Normal,Not a Pedestrian,Driving under the influence of drugs,Slight Injury
01:00:00,Friday,Under 18,Male,Employee,2-5yr,Other,Governmental,Residential areas,Two-way (divided with broken lines road marking),Tangent road with flat terrain,,Asphalt roads,Dry,Daylight,Normal,Vehicle Collision,3,1,Stopping,Male,18-30,3,Self-employed,Normal,Not a Pedestrian,Changing lane to the right,Slight Injury
01:00:00,Friday,31-50,Female,Employee,Below 1yr,Other,Owner,Office areas,Two-way (divided with broken lines road marking),Tangent road with flat terrain,,Asphalt roads,Dry,Daylight,Normal,Vehicle Collision,3,1,Other,na,na,na,Self-employed,Normal,Not a Pedestrian,Changing lane to the left,Slight Injury
19:00:00,Monday,Over 51,Male,Employee,Below 1yr,Automobile,Owner, Church areas,One way,Tangent road with flat terrain,,Asphalt roads,Dry,Darkness - lights lit,Normal,Pedestrian Collision,2,1,Other,Male,18-30,3,Driver,Normal,Not a Pedestrian,No distancing,Slight Injury
19:00:00,Monday,31-50,Male,Owner,5-10yr,Other,Owner,Other,Undivided Two way,Tangent road with flat terrain,,Earth roads,Dry,Darkness - lights lit,Normal,Pedestrian Collision,2,1,Other,Female,Over 51,3,,,Not a Pedestrian,No distancing,Slight Injury
19:00:00,Monday,31-50,Male,Employee,2-5yr,Automobile,Owner,  Market areas,other,Steep grade downward with mountainous terrain,,Asphalt roads,Dry,Darkness - lights lit,Normal,Pedestrian Collision,2,2,Moving forward,Male,31-50,3,Student,Normal,Unknown or other,No priority to vehicle,Slight Injury
19:00:00,Tuesday,18-30,Male,Employee,Below 1yr,Public (13 - 45 seats),Owner,Residential areas,,Tangent road with flat terrain,,Asphalt roads,Dry,Darkness - lights lit,Normal,Stationary Object Collision,2,2,Moving forward,Male,Under 18,3,Driver,Normal,Crossing from nearside - masked by parked or statioNot a Pedestrianry vehicle,Moving Backward,Slight Injury
19:00:00,Tuesday,18-30,Male,Employee,2-5yr,Lorry (41 - 100 Quintal),Owner,Office areas,Undivided Two way,Tangent road with flat terrain,,Asphalt roads,Dry,Darkness - lights lit,Normal,Vehicle Collision,2,1,Moving forward,Female,31-50,3,,,Not a Pedestrian,Moving Backward,Slight Injury
17:00:00,Saturday,Over 51,Male,Employee,5-10yr,Automobile,Owner,  Recreational areas,other,,,Asphalt roads,Dry,Darkness - lights lit,Normal,Vehicle Collision,2,1,Moving forward,na,na,na,Self-employed,Normal,Not a Pedestrian,Getting off the vehicle improperly,Slight Injury
17:00:00,Saturday,18-30,Male,Employee,Above 10yr,Automobile,Governmental,Office areas,other,Tangent road with mild grade and flat terrain,,Asphalt roads,Dry,Daylight,Normal,Vehicle Collision,2,1,Moving forward,Female,31-50,3,Self-employed,Normal,Not a Pedestrian,Changing lane to the left,Slight Injury
21:00:00,Sunday,31-50,Male,Employee,Above 10yr,Automobile,Owner, Industrial areas,other,Tangent road with flat terrain,,Asphalt roads,Dry,Daylight,Normal,Vehicle Collision,2,1,Moving forward,na,na,na,Driver,Normal,Not a Pedestrian,Changing lane to the left,Slight Injury
21:00:00,Sunday,31-50,Male,Employee,5-10yr,Lorry (41 - 100 Quintal),Owner,Other,,,,Asphalt roads,Dry,Daylight,Normal,Vehicle Collision,1,1,Moving forward,na,na,na,,Normal,Not a Pedestrian,No priority to vehicle,Slight Injury
14:00:00,Monday,Over 51,Male,Employee,1-2yr,Automobile,Owner,Residential areas,Undivided Two way,Tangent road with flat terrain,,Asphalt roads,Dry,Darkness - lights unlit,Normal,Vehicle Collision,1,4,Moving forward,Male,18-30,3,,,Not a Pedestrian,Changing lane to the right,Serious Injury
14:00:00,Monday,Over 51,Female,Employee,5-10yr,Lorry (41 - 100 Quintal),Governmental,Residential areas,other,Tangent road with flat terrain,,Asphalt roads,Dry,Darkness - lights unlit,Normal,Pedestrian Collision,1,4,Moving forward,na,na,na,Self-employed,Normal,Not a Pedestrian,Changing lane to the right,Serious Injury
14:00:00,Monday,18-30,Female,Employee,5-10yr,Taxi,Owner, Industrial areas,other,Tangent road with flat terrain,,Asphalt roads,Dry,Darkness - lights unlit,Normal,Stationary Object Collision,1,4,Moving forward,Female,18-30,3,Driver,Normal,Not a Pedestrian,Driving carelessly,Serious Injury
17:00:00,Sunday,31-50,Male,Employee,1-2yr,Lorry (41 - 100 Quintal),Owner,Residential areas,Undivided Two way,Tangent road with flat terrain,,Asphalt roads,Dry,Darkness - lights unlit,Normal,Vehicle Collision,1,4,Moving forward,Female,31-50,2,,Normal,Not a Pedestrian,Changing lane to the left,Serious Injury
17:00:00,Sunday,Over 51,Male,Owner,5-10yr,Lorry (41 - 100 Quintal),Owner,Residential areas,other,Tangent road with flat terrain,,Asphalt roads,Dry,Darkness - lights unlit,Normal,Vehicle Collision,3,1,Moving backward,na,na,na,,Normal,Not a Pedestrian,Changing lane to the right,Slight Injury
21:00:00,Saturday,18-30,Female,Owner,Above 10yr,Other,Owner,Office areas,Undivided Two way,Tangent road with flat terrain,,Asphalt roads,Dry,Darkness - lights unlit,Normal,Vehicle Collision,3,1,Moving forward,na,na,na,Self-employed,Normal,Not a Pedestrian,Driving under the influence of drugs,Slight Injury
21:00:00,Saturday,18-30,Female,Owner,Below 1yr,Stationwagen,Owner,Office areas,Double carriageway (median),Escarpments,,Asphalt roads,Dry,Darkness - lights unlit,Normal,Vehicle Collision,3,1,Other,Male,18-30,3,Self-employed,Normal,Not a Pedestrian,Driving carelessly,Slight Injury
07:00:00,Tuesday,18-30,Male,Owner,5-10yr,Stationwagen,Owner,Office areas,other,Tangent road with flat terrain,,Asphalt roads,Dry,Daylight,Normal,Train Collision,2,1,Moving forward,Male,31-50,3,,Normal,Not a Pedestrian,No distancing,Slight Injury
07:00:00,Tuesday,31-50,Male,Employee,Above 10yr,Lorry (41 - 100 Quintal),Owner,Office areas,Undivided Two way,Escarpments,,Asphalt roads,Dry,Daylight,Normal,Vehicle Collision,2,1,Exiting,na,na,na,Driver,Normal,Not a Pedestrian,No priority to vehicle,Slight Injury
10:00:00,Wednesday,31-50,Male,Employee,Below 1yr,Lorry (41 - 100 Quintal),Owner,Office areas,One way,Tangent road with flat terrain,,Asphalt roads,Dry,Daylight,Normal,Vehicle Collision,1,1,Moving forward,Male,31-50,3,Other,Normal,Not a Pedestrian,No priority to vehicle,Slight Injury
13:00:00,Wednesday,31-50,Male,Employee,1-2yr,Other,Owner,Office areas,Undivided Two way,Tangent road with flat terrain,,Earth roads,Dry,Daylight,Normal,Vehicle Collision,1,1,Moving forward,Female,Under 18,3,Employee,Normal,Not a Pedestrian,No priority to vehicle,Slight Injury
13:00:00,Wednesday,31-50,Male,Employee,Above 10yr,Automobile,Owner,Office areas,other,Tangent road with flat terrain,,Asphalt roads,Dry,Darkness - lights lit,Normal,Vehicle Collision,2,3,Moving forward,na,na,na,Driver,Normal,Not a Pedestrian,Changing lane to the left,Slight Injury
13:00:00,Wednesday,31-50,Male,Owner,Above 10yr,Automobile,Owner,Residential areas,other,Tangent road with flat terrain,,Asphalt roads,Dry,Darkness - lights lit,Normal,Vehicle Collision,2,3,Moving forward,na,na,na,Driver,Normal,Not a Pedestrian,Moving Backward,Slight Injury
11:00:00,Thursday,18-30,Male,Employee,Above 10yr,Taxi,Owner,Residential areas,One way,Tangent road with flat terrain,,Asphalt roads,Dry,Darkness - lights lit,Normal,Vehicle Collision,2,3,Turning,Male,18-30,3,Employee,Normal,Not a Pedestrian,Driving carelessly,Slight Injury
11:00:00,Thursday,18-30,Male,Employee,No Licence,Lorry (41 - 100 Quintal),Owner,Other,One way,Tangent road with flat terrain,,Asphalt roads,Dry,Darkness - lights lit,Normal,Vehicle Collision,2,3,Moving forward,na,na,na,Driver,Normal,Not a Pedestrian,Driving under the influence of drugs,Slight Injury
19:00:00,Wednesday,18-30,Male,Employee,1-2yr,Other,Owner, Church areas,Undivided Two way,Tangent road with flat terrain,,Asphalt roads,Wet or damp,Darkness - lights lit,Raining,Vehicle Collision,2,1,Moving forward,Male,31-50,3,Driver,Normal,Not a Pedestrian,Changing lane to the right,Slight Injury
19:00:00,Wednesday,18-30,Male,Owner,1-2yr,Automobile,Owner,  Recreational areas,other,Tangent road with flat terrain,,Asphalt roads,Wet or damp,Darkness - lights lit,Raining,Vehicle Collision,2,1,Moving forward,Female,31-50,3,Driver,Normal,Not a Pedestrian,No priority to vehicle,Slight Injury
09:00:00,Friday,31-50,Male,Owner,Below 1yr,Public (> 45 seats),Owner, Industrial areas,Undivided Two way,Tangent road with flat terrain,,Asphalt roads,Dry,Daylight,Normal,Pedestrian Collision,3,1,Moving forward,na,na,na,Driver,Normal,Not a Pedestrian,Changing lane to the right,Slight Injury
09:00:00,Friday,18-30,Male,Owner,1-2yr,Stationwagen,Owner,Residential areas,other,,,Asphalt roads,Dry,Daylight,Normal,Stationary Object Collision,3,1,Other,na,na,na,,Normal,Not a Pedestrian,Driving to the left,Slight Injury
14:00:00,Wednesday,18-30,Male,Owner,2-5yr,Automobile,Owner,Residential areas,other,Tangent road with rolling terrain,,Asphalt roads,Dry,Daylight,Normal,Stationary Object Collision,3,1,Moving forward,Female,Under 18,3,,Normal,"Walking along in carriageway, back to traffic",Moving Backward,Slight Injury
14:00:00,Wednesday,Over 51,Male,Owner,5-10yr,Lorry (41 - 100 Quintal),Owner,Office areas,Double carriageway (median),Tangent road with flat terrain,,Asphalt roads,Dry,Daylight,Normal,Vehicle Collision,1,1,Turning,Female,31-50,3,,Normal,Not a Pedestrian,No priority to vehicle,Serious Injury
14:00:00,Friday,31-50,Male,Owner,Above 10yr,Other,Owner,  Market areas,Undivided Two way,Tangent road with flat terrain,,Earth roads,Dry,Daylight,Normal,Vehicle Collision,2,1,Moving forward,Female,Over 51,3,,Normal,Not a Pedestrian,No distancing,Slight Injury
14:00:00,Friday,31-50,Male,Owner,2-5yr,Public (13 - 45 seats),Owner,Unknown,other,Tangent road with flat terrain,,Asphalt roads,Dry,Daylight,Normal,Vehicle Collision,2,1,Moving forward,na,na,na,,Normal,Not a Pedestrian,Driving carelessly,Slight Injury
22:00:00,Tuesday,Unknown,Male,Owner,Above 10yr,Other,Owner, Industrial areas,other,Tangent road with flat terrain,,Asphalt roads,Wet or damp,Daylight,Normal,Vehicle Collision,1,1,Moving forward,na,na,na,,Normal,Not a Pedestrian,Changing lane to the left,Slight Injury
22:00:00,Tuesday,Over 51,Female,Owner,5-10yr,Other,Owner,Residential areas,Two-way (divided with solid lines road marking),Tangent road with flat terrain,,Asphalt roads,Dry,Darkness - lights lit,Normal,Vehicle Collision,1,3,Moving forward,Female,18-30,3,,,Not a Pedestrian,No priority to vehicle,Slight Injury
07:00:00,Thursday,18-30,Male,Owner,5-10yr,Ridden horse,Governmental,Residential areas,Undivided Two way,Tangent road with flat terrain,,Asphalt roads,Dry,Darkness - lights lit,Normal,Stationary Object Collision,1,3,Moving forward,Male,5,3,Self-employed,,Not a Pedestrian,No priority to vehicle,Slight Injury
07:00:00,Thursday,31-50,Male,Owner,5-10yr,Lorry (41 - 100 Quintal),Owner,Other,Undivided Two way,Tangent road with flat terrain,,Asphalt roads,Dry,Darkness - lights lit,Normal,Vehicle Collision,1,3,Other,Male,18-30,3,Self-employed,Normal,Not a Pedestrian,No distancing,Slight Injury
07:00:00,Thursday,18-30,Male,Owner,Below 1yr,Lorry (41 - 100 Quintal),Governmental,Residential areas,other,Tangent road with flat terrain,,Asphalt roads,Dry,Daylight,Normal,Vehicle Collision,1,1,Moving forward,Male,31-50,3,,Normal,Not a Pedestrian,Driving to the left,Slight Injury
07:00:00,Thursday,31-50,Male,Owner,2-5yr,Pick up upto 10 Quintal,Owner,Rural village areas,Undivided Two way,Gentle horizontal curve,,Asphalt roads,Wet or damp,Darkness - lights lit,Raining,Vehicle Collision,2,1,Moving forward,Female,Under 18,2,,,Crossing from driver's nearside,Driving carelessly,Slight Injury
08:00:00,Wednesday,31-50,Male,Employee,2-5yr,Lorry (11 - 40 Quintal),Owner,Rural village areas,Undivided Two way,Gentle horizontal curve,,Asphalt roads,Wet or damp,Darkness - lights lit,Raining,Vehicle Collision,2,1,Other,Male,31-50,3,Driver,Normal,Not a Pedestrian,Driving carelessly,Slight Injury
08:00:00,Wednesday,31-50,Male,Employee,2-5yr,Automobile,Owner,Office areas,Double carriageway (median),Tangent road with flat terrain,,Gravel roads,Wet or damp,Darkness - lights unlit,Normal,Vehicle Collision,1,1,Moving forward,na,na,na,,,Not a Pedestrian,Changing lane to the right,Serious Injury
16:00:00,Tuesday,Over 51,Male,Employee,2-5yr,Automobile,Owner,Residential areas,Undivided Two way,Gentle horizontal curve,,Asphalt roads,Dry,Daylight,Normal,Vehicle Collision,1,1,Moving forward,Male,18-30,3,,,Not a Pedestrian,Driving carelessly,Slight Injury