Time,Day,Age_band_of_driver,Sex_of_driver,Vehicle_driver_relation,Driving_experience,Type_of_vehicle,Owner_of_vehicle,Area_accident_occured,Lanes_or_Medians,Road_allignment,Types_of_Junction,Road_surface_type,Road_surface_conditions,Light_conditions,Weather_conditions,Type_of_collision,Number_of_vehicles_involved,Number_of_casualties,Vehicle_movement,Sex_of_casualty,Age_band_of_casualty,Casualty_severity,Work_of_casuality,Fitness_of_casuality,Pedestrian_movement,Cause_of_accident,Accident_severity
17:00:00,Monday,31-50,Male,Owner,Above 10yr,Lorry (41 - 100 Quintal),Owner,Other,Double carriageway (median),Tangent road with flat terrain,Y Shape,Asphalt roads,Dry,Daylight,Normal,Stationary Object Collision,4,2,Moving forward,Female,31-50,3,Driver,Normal,Not a Pedestrian,No priority to vehicle,Slight Injury
17:00:00,Friday,31-50,Male,Employee,5-10yr,Long lorry,Owner,Residential areas,Two-way (divided with broken lines road marking),Tangent road with flat terrain,Y Shape,Asphalt roads,Dry,Daylight,Normal,Vehicle Collision,4,2,Moving forward,Male,31-50,3,Self-employed,Normal,Not a Pedestrian,Changing lane to the left,Slight Injury
17:00:00,Friday,Under 18,Male,Employee,1-2yr,Stationwagen,Owner,  Recreational areas,Undivided Two way,Tangent road with flat terrain,Crossing,Asphalt roads,Dry,Daylight,Normal,Vehicle Collision,4,2,Moving forward,na,na,na,,Normal,Not a Pedestrian,Changing lane to the right,Slight Injury
17:00:00,Friday,31-50,Male,Employee,1-2yr,Public (12 seats),Owner,Other,other,Tangent road with flat terrain,Crossing,Asphalt roads,Dry,Daylight,Normal,Vehicle Collision,4,2,Moving forward,Male,18-30,2,,,Not a Pedestrian,Changing lane to the right,Slight Injury
17:00:00,Friday,31-50,Male,Employee,1-2yr,Automobile,Owner,Office areas,Undivided Two way,Tangent road with flat terrain,Crossing,Asphalt roads,Wet or damp,Daylight,Raining,Vehicle Collision,3,1,Moving forward,na,na,na,Driver,Normal,Not a Pedestrian,Changing lane to the left,Slight Injury
17:00:00,Friday,31-50,Male,Employee,2-5yr,Public (12 seats),Owner,Other,Undivided Two way,Tangent road with flat terrain,Crossing,Asphalt roads,Wet or damp,Daylight,Raining,Vehicle Collision,3,1,Moving forward,na,na,na,Driver,Normal,Not a Pedestrian,Changing lane to the left,Slight Injury
11:00:00,Sunday,18-30,Male,Owner,Above 10yr,Lorry (41 - 100 Quintal),Owner,Office areas,Undivided Two way,Tangent road with flat terrain,No junction,Asphalt roads,Wet or damp,Daylight,Raining,Vehicle Collision,3,1,Moving forward,Male,18-30,3,Driver,Normal,Not a Pedestrian,Getting off the vehicle improperly,Slight Injury
11:00:00,Sunday,18-30,Male,Employee,2-5yr,Automobile,Owner,Office areas,One way,Tangent road with flat terrain,No junction,Asphalt roads,Dry,Daylight,Normal,Vehicle Collision,2,2,Moving forward,Male,18-30,3,,,Not a Pedestrian,Overtaking,Slight Injury
11:00:00,Sunday,31-50,Male,Employee,Above 10yr,Lorry (41 - 100 Quintal),Owner,Office areas,Undivided Two way,Tangent road with flat terrain,No junction,Asphalt roads,Dry,Daylight,Normal,Vehicle Collision,2,2,Turning,Male,31-50,3,Driver,Normal,Not a Pedestrian,Changing lane to the left,Slight Injury
03:00:00,Saturday,18-30,Male,Employee,2-5yr,Lorry (41 - 100 Quintal),Owner,Other,Undivided Two way,Tangent road with flat terrain,No junction,Asphalt roads,Dry,Daylight,Normal,Vehicle Collision,2,2,Moving forward,na,na,na,Self-employed,Normal,Not a Pedestrian,Driving under the influence of drugs,Slight Injury
03:00:00,Saturday,18-30,Male,Other,No Licence,Pick up upto 10 Quintal,Governmental,Other,Double carriageway (median),Tangent road with flat terrain,No junction,Asphalt roads,Dry,Daylight,Normal,Vehicle Collision,2,2,Moving forward,Male,31-50,2,Self-employed,Normal,Not a Pedestrian,Driving carelessly,Slight Injury
17:00:00,Tuesday,31-50,Male,Employee,1-2yr,Other,Owner,Office areas,Two-way (divided with solid lines road marking),Tangent road with flat terrain,No junction,Asphalt roads,Dry,Daylight,Normal,Other,2,2,Exiting,Male,18-30,3,,,Not a Pedestrian,Moving Backward,Slight Injury
17:00:00,Tuesday,Under 18,Male,Owner,5-10yr,Automobile,Owner,Residential areas,other,Tangent road with flat terrain,No junction,Asphalt roads,Dry,Daylight,Normal,Vehicle Collision,2,2,Moving backward,na,na,na,,Normal,Not a Pedestrian,No distancing,Slight Injury
17:00:00,Friday,31-50,Male,Employee,1-2yr,Automobile,Governmental,  Recreational areas,Undivided Two way,Tangent road with flat terrain,No junction,Asphalt roads,Dry,Daylight,Normal,Stationary Object Collision,2,1,Exiting,Female,18-30,3,Driver,Normal,Not a Pedestrian,No priority to vehicle,Fatal injury
17:00:00,Friday,Under 18,Male,Employee,Above 10yr,Lorry (11 - 40 Quintal),Owner,Other,other,Tangent road with flat terrain,No junction,Earth roads,Dry,Daylight,Normal,Vehicle Collision,2,1,Moving forward,na,na,na,Driver,Normal,Not a Pedestrian,Overturning,Fatal injury
17:00:00,Tuesday,31-50,Male,Employee,1-2yr,Bajaj,Owner,Residential areas,other,Tangent road with flat terrain,No junction,Asphalt roads,Dry,Daylight,Normal,Vehicle Collision,2,1,Moving forward,na,na,na,,,Not a Pedestrian,Changing lane to the left,Slight Injury
17:00:00,Tuesday,31-50,Male,Employee,1-2yr,Automobile,Owner,Other,other,Tangent road with flat terrain,Crossing,Asphalt roads,Dry,Daylight,Normal,Vehicle Collision,2,1,Moving forward,Male,31-50,3,Driver,Normal,Not a Pedestrian,No distancing,Slight Injury
18:00:00,Sunday,31-50,Male,Employee,2-5yr,Lorry (41 - 100 Quintal),Owner,Other,other,Tangent road with flat terrain,Crossing,Asphalt roads,Dry,Daylight,Normal,Vehicle Collision,2,1,Moving forward,Male,31-50,3,Self-employed,Normal,Not a Pedestrian,Moving Backward,Serious Injury
23:00:00,Wednesday,31-50,Male,Employee,1-2yr,Lorry (11 - 40 Quintal),Owner,Other,One way,Tangent road with flat terrain,Crossing,Asphalt roads,Dry,Daylight,Normal,Vehicle Collision,2,1,Moving backward,Female,5,3,Self-employed,Normal,Not a Pedestrian,No priority to vehicle,Serious Injury
23:00:00,Wednesday,31-50,Male,Employee,1-2yr,Lorry (11 - 40 Quintal),Owner,Other,Two-way (divided with broken lines road marking),Tangent road with flat terrain,Crossing,Asphalt roads,Dry,Darkness - lights lit,Normal,Vehicle Collision,2,3,Exiting,Male,Under 18,3,Self-employed,Normal,Not a Pedestrian,No priority to vehicle,Slight Injury
14:00:00,Wednesday,Under 18,Male,Employee,Above 10yr,Automobile,Owner,Other,other,Tangent road with flat terrain,No junction,Asphalt roads,Dry,Darkness - lights lit,Normal,Stationary Object Collision,2,3,Moving forward,na,na,na,,,Not a Pedestrian,No distancing,Slight Injury
14:00:00,Wednesday,Under 18,Male,Employee,Above 10yr,Automobile,Owner,School areas,Undivided Two way,Tangent road with flat terrain,No junction,Asphalt roads,Dry,Darkness - lights lit,Normal,Stationary Object Collision,2,3,Moving forward,Male,31-50,3,Self-employed,Normal,Unknown or other,No distancing,Slight Injury
14:00:00,Wednesday,Over 51,Male,Employee,Above 10yr,Automobile,Owner,Office areas,Two-way (divided with broken lines road marking),Tangent road with flat terrain,Y Shape,Gravel roads,Wet or damp,Daylight,Raining,Vehicle Collision,1,1,Moving forward,Female,18-30,3,Self-employed,Normal,Crossing from offside - masked by  parked or statioNot a Pedestrianry vehicle,Overtaking,Serious Injury
14:00:00,Saturday,Unknown,Male,Employee,Above 10yr,Public (13 - 45 seats),Owner,Office areas,Two-way (divided with broken lines road marking),Tangent road with flat terrain,Y Shape,Asphalt roads,Dry,Daylight,Normal,Stationary Object Collision,2,1,Moving backward,na,na,na,Driver,Deaf,Not a Pedestrian,Driving under the influence of drugs,Serious Injury
14:00:00,Saturday,18-30,Male,Employee,1-2yr,Public (12 seats),Owner,Office areas,Two-way (divided with broken lines road marking),Tangent road with flat terrain,No junction,Asphalt roads,Dry,Daylight,Normal,Stationary Object Collision,2,1,Moving forward,Male,18-30,3,Driver,Normal,Not a Pedestrian,Changing lane to the right,Serious Injury
14:00:00,Saturday,18-30,Male,Employee,5-10yr,Other,Owner,School areas,,Tangent road with flat terrain,Y Shape,Asphalt roads,Dry,Daylight,Normal,Vehicle Collision,1,1,Stopping,na,na,na,Self-employed,Normal,Not a Pedestrian,Changing lane to the left,Serious Injury
12:00:00,Sunday,31-50,Male,Owner,2-5yr,Automobile,Governmental,School areas,Undivided Two way,Tangent road with flat terrain,Y Shape,Other,Dry,Darkness - lights lit,Normal,Vehicle Collision,2,2,Moving forward,Male,18-30,3,Self-employed,Normal,Not a Pedestrian,Driving carelessly,Slight Injury
12:00:00,Sunday,18-30,Male,Employee,2-5yr,Automobile,Owner,Office areas,Two-way (divided with broken lines road marking),Tangent road with flat terrain,Y Shape,Asphalt roads,Dry,Darkness - lights lit,Normal,Stationary Object Collision,2,2,Moving forward,Female,18-30,3,Driver,Normal,Not a Pedestrian,Moving Backward,Slight Injury
12:00:00,Sunday,18-30,Male,Employee,5-10yr,Public (13 - 45 seats),Owner,Office areas,Two-way (divided with broken lines road marking),Tangent road with flat terrain,Y Shape,Asphalt roads,Dry,Daylight,Normal,Vehicle Collision,1,2,Moving backward,Male,18-30,3,Driver,Normal,Not a Pedestrian,Moving Backward,Serious Injury
12:00:00,Sunday,18-30,Male,Employee,5-10yr,Public (13 - 45 seats),Governmental,School areas,Two-way (divided with broken lines road marking),Tangent road with flat terrain,Y Shape,Asphalt roads,Dry,Daylight,Normal,Vehicle Collision,1,2,Moving forward,na,na,na,,,Not a Pedestrian,Changing lane to the right,Serious Injury
12:00:00,Sunday,18-30,Male,Employee,2-5yr,Automobile,Owner,Other,Two-way (divided with broken lines road marking),Tangent road with flat terrain,Y Shape,Asphalt roads,Wet or damp,Daylight,Raining,Vehicle Collision,2,2,Moving forward,Male,18-30,3,Driver,Normal,Not a Pedestrian,No priority to vehicle,Serious Injury
18:00:00,Friday,18-30,Male,Employee,Above 10yr,Other,Owner,Other,Two-way (divided with broken lines road marking),Tangent road with flat terrain,Y Shape,Asphalt roads,Wet or damp,Daylight,Raining,Vehicle Collision,2,2,Moving backward,na,na,na,Driver,Normal,Not a Pedestrian,Driving at high speed,Serious Injury
18:00:00,Friday,18-30,Male,Employee,5-10yr,Pick up upto 10 Quintal,Owner,Other,Undivided Two way,Tangent road with flat terrain,Y Shape,Asphalt roads,Wet or damp,Daylight,Raining,Vehicle Collision,2,2,Moving forward,na,na,na,Student,Normal,Not a Pedestrian,Driving under the influence of drugs,Serious Injury
11:00:00,Wednesday,18-30,Male,Employee,Above 10yr,Lorry (41 - 100 Quintal),Owner,Other,Two-way (divided with broken lines road marking),Tangent road with flat terrain,Y Shape,Asphalt roads,Dry,Daylight,Normal,Vehicle Collision,2,2,Stopping,Male,31-50,3,Employee,Normal,Not a Pedestrian,Changing lane to the right,Fatal injury
11:00:00,Wednesday,18-30,Male,Employee,2-5yr,Automobile,Owner,Residential areas,Undivided Two way,Tangent road with flat terrain,Y Shape,Asphalt roads,Dry,Daylight,Normal,Pedestrian Collision,2,2,Moving forward,na,na,na,Driver,Normal,Not a Pedestrian,Driving carelessly,Fatal injury
07:00:00,Tuesday,Over 51,Male,Employee,2-5yr,Automobile,Governmental,Other,Undivided Two way,Tangent road with flat terrain,Y Shape,Asphalt roads,Dry,Daylight,Normal,Vehicle Collision,2,1,Moving forward,Male,Over 51,3,Other,Normal,Not a Pedestrian,No distancing,Slight Injury
07:00:00,Tuesday,18-30,Male,Employee,2-5yr,Lorry (41 - 100 Quintal),Owner,Other,Undivided Two way,Tangent road with flat terrain,Y Shape,Asphalt roads,Dry,Daylight,Normal,Stationary Object Collision,2,1,Moving forward,Male,18-30,3,,Normal,Not a Pedestrian,Changing lane to the left,Slight Injury
07:00:00,Tuesday,18-30,Male,Employee,1-2yr,Automobile,Owner, Industrial areas,Undivided Two way,Tangent road with flat terrain,Y Shape,Asphalt roads,Dry,Daylight,Normal,Vehicle Collision,2,2,Moving forward,na,na,na,,,Not a Pedestrian,No distancing,Slight Injury
16:00:00,Tuesday,18-30,Male,Employee,5-10yr,Other,Owner,  Recreational areas,Undivided Two way,Tangent road with flat terrain,Y Shape,Asphalt roads,Dry,Daylight,Normal,Vehicle Collision,2,2,Exiting,Male,31-50,3,,,Not a Pedestrian,No distancing,Slight Injury
16:00:00,Tuesday,31-50,Female,Employee,2-5yr,Automobile,Owner, Church areas,Two-way (divided with broken lines road marking),Tangent road with flat terrain,Y Shape,Asphalt roads,Dry,Daylight,Normal,Vehicle Collision,2,1,Moving forward,na,na,na,Employee,,Not a Pedestrian,Getting off the vehicle improperly,Serious Injury
18:00:00,Monday,Under 18,Male,Employee,1-2yr,Automobile,Owner,Office areas,Two-way (divided with broken lines road marking),Tangent road with flat terrain,Y Shape,Asphalt roads,Dry,Daylight,Normal,Vehicle Collision,2,1,Moving forward,Male,31-50,3,Driver,,Not a Pedestrian,Overtaking,Serious Injury
18:00:00,Monday,Unknown,Male,Employee,1-2yr,Automobile,Owner,Other,Two-way (divided with broken lines road marking),Tangent road with flat terrain,Y Shape,Gravel roads,Dry,Daylight,Normal,Vehicle Collision,2,1,Moving forward,na,na,na,Driver,,Not a Pedestrian,Driving carelessly,Slight Injury
18:00:00,Tuesday,18-30,Male,Employee,No Licence,Automobile,Owner,Office areas,Undivided Two way,Tangent road with flat terrain,Y Shape,Asphalt roads,Dry,Daylight,Normal,Vehicle Collision,2,1,Moving backward,Male,31-50,3,Driver,,Not a Pedestrian,Driving under the influence of drugs,Slight Injury
18:00:00,Tuesday,31-50,Male,Owner,5-10yr,Lorry (41 - 100 Quintal),Owner,Office areas,Two-way (divided with broken lines road marking),Tangent road with flat terrain,Y Shape,Asphalt roads,Dry,Daylight,Normal,Vehicle Collision,1,1,Turning,Female,Over 51,3,Self-employed,Normal,Not a Pedestrian,Moving Backward,Slight Injury
18:00:00,Tuesday,31-50,Male,Employee,1-2yr,Other,Owner,Other,Two-way (divided with broken lines road marking),Tangent road with flat terrain,Crossing,Asphalt roads,Dry,Daylight,Normal,Vehicle Collision,1,1,Moving forward,Male,18-30,3,Driver,Normal,Not a Pedestrian,Overturning,Serious Injury
15:00:00,Sunday,18-30,Male,Employee,2-5yr,Pick up upto 10 Quintal,Owner,Residential areas,Undivided Two way,Tangent road with flat terrain,Crossing,Other,Dry,Daylight,Normal,Vehicle Collision,2,3,Moving forward,Female,Under 18,3,Other,Normal,Not a Pedestrian,Driving under the influence of drugs,Slight Injury
15:00:00,Sunday,31-50,Male,Employee,5-10yr,Stationwagen,Owner,Office areas,other,Tangent road with mountainous terrain and,Y Shape,Asphalt roads,Dry,Daylight,Normal,Stationary Object Collision,2,3,Moving forward,Male,18-30,3,,,Not a Pedestrian,Changing lane to the right,Slight Injury
15:00:00,Sunday,31-50,Male,Employee,5-10yr,Other,Owner,Residential areas,other,Tangent road with flat terrain,Crossing,Other,Dry,Daylight,Normal,Vehicle Collision,2,3,Moving forward,na,na,na,Driver,Normal,Not a Pedestrian,Changing lane to the left,Slight Injury
10:00:00,Tuesday,18-30,Male,Employee,5-10yr,Pick up upto 10 Quintal,Owner,School areas,Two-way (divided with broken lines road marking),Tangent road with flat terrain,Y Shape,Asphalt roads,Dry,Daylight,Normal,Stationary Object Collision,2,3,Exiting,Female,18-30,3,Self-employed,Normal,Not a Pedestrian,No distancing,Slight Injury
19:00:00,Monday,31-50,Male,Employee,2-5yr,Stationwagen,Owner,Office areas,Two-way (divided with broken lines road marking),Sharp reverse curve,Y Shape,Asphalt roads,Dry,Daylight,Normal,Vehicle Collision,2,1,Moving forward,na,na,na,Self-employed,Normal,Not a Pedestrian,No distancing,Slight Injury
14:00:00,Friday,18-30,Male,Employee,Above 10yr,Lorry (41 - 100 Quintal),Owner,Other,other,Tangent road with flat terrain,Y Shape,Asphalt roads,Dry,Daylight,Normal,Vehicle Collision,2,1,Moving forward,na,na,na,Self-employed,Normal,Not a Pedestrian,No priority to vehicle,Slight Injury
14:00:00,Friday,31-50,Male,Owner,Above 10yr,Automobile,Owner,Other,Undivided Two way,Tangent road with flat terrain,No junction,Asphalt roads,Dry,Daylight,Normal,Vehicle Collision,2,1,Moving forward,Male,5,3,,Other,Not a Pedestrian,Moving Backward,Slight Injury
14:00:00,Friday,31-50,Male,Employee,5-10yr,Automobile,Owner, Church areas,other,Tangent road with flat terrain,No junction,Asphalt roads,Dry,Daylight,Normal,Pedestrian Collision,2,1,Moving forward,Male,31-50,3,Driver,Blind,Not a Pedestrian,Moving Backward,Slight Injury
08:00:00,Sunday,Under 18,Male,Owner,Above 10yr,Automobile,Owner,Office areas,Two-way (divided with broken lines road marking),Tangent road with flat terrain,No junction,Asphalt roads,Dry,Darkness - lights unlit,Normal,Vehicle Collision,1,1,Moving forward,na,na,na,Driver,Normal,Not a Pedestrian,Getting off the vehicle improperly,Serious Injury
22:00:00,Monday,Unknown,Male,Employee,Above 10yr,Automobile,Owner,Other,Two-way (divided with broken lines road marking),Tangent road with flat terrain,No junction,Asphalt roads,Dry,Darkness - lights lit,Normal,Vehicle Collision,1,2,Moving forward,Male,18-30,3,Self-employed,Normal,Not a Pedestrian,Changing lane to the left,Serious Injury
22:00:00,Monday,18-30,Male,Owner,2-5yr,Turbo,Owner,Office areas,Two-way (divided with broken lines road marking),Tangent road with mild grade and flat terrain,No junction,Asphalt roads,Dry,Darkness - lights lit,Normal,Vehicle Collision,1,2,Moving forward,na,na,na,Driver,Normal,Not a Pedestrian,Changing lane to the left,Serious Injury
15:00:00,Friday,18-30,Male,Employee,5-10yr,Automobile,Owner,Office areas,Two-way (divided with broken lines road marking),Tangent road with flat terrain,No junction,Asphalt roads,Dry,Daylight,Normal,Pedestrian Collision,1,2,Moving forward,Female,Under 18,2,Driver,Normal,Crossing from driver's nearside,No priority to vehicle,Slight Injury
15:00:00,Friday,Over 51,Male,Employee,Below 1yr,Stationwagen,Owner,Office areas,Two-way (divided with broken lines road marking),Sharp reverse curve,No junction,Asphalt roads,Dry,Daylight,Normal,Stationary Object Collision,1,2,Moving forward,na,na,na,Driver,Normal,Not a Pedestrian,Changing lane to the right,Slight Injury
15:00:00,Friday,Over 51,Male,Employee,5-10yr,Automobile,Owner, Church areas,Undivided Two way,Sharp reverse curve,No junction,Asphalt roads,Wet or damp,Daylight,Raining,Vehicle Collision,2,3,Moving forward,Male,31-50,3,Driver,Normal,Not a Pedestrian,Changing lane to the right,Slight Injury
21:00:00,Sunday,31-50,Male,Employee,Above 10yr,Automobile,Owner,Office areas,Undivided Two way,Gentle horizontal curve,Y Shape,Asphalt roads,Wet or damp,Daylight,Raining,Vehicle Collision,2,3,Moving backward,na,na,na,Driver,Normal,Not a Pedestrian,Driving carelessly,Slight Injury
21:00:00,Sunday,31-50,Male,Employee,5-10yr,Automobile,Owner,Other,Double carriageway (median),Gentle horizontal curve,No junction,Asphalt roads,Wet or damp,Daylight,Raining,Vehicle Collision,2,3,Moving forward,Male,31-50,2,Driver,Normal,Not a Pedestrian,Changing lane to the left,Slight Injury
21:00:00,Sunday,18-30,Male,Employee,1-2yr,Pick up upto 10 Quintal,Owner,Other,Two-way (divided with broken lines road marking),Tangent road with flat terrain,No junction,Asphalt roads,Dry,Daylight,Normal,Vehicle Collision,4,1,Turning,Female,5,3,,Normal,Not a Pedestrian,Changing lane to the right,Slight Injury
21:00:00,Sunday,18-30,Male,Employee,5-10yr,Lorry (41 - 100 Quintal),Owner, Church areas,Unknown,Tangent road with mountainous terrain and,Crossing,Asphalt roads,Dry,Daylight,Normal,Vehicle Collision,4,1,Moving forward,na,na,na,Employee,Normal,Not a Pedestrian,Driving under the influence of drugs,Slight Injury
16:00:00,Monday,18-30,Male,Employee,1-2yr,Lorry (41 - 100 Quintal),Owner,School areas,Undivided Two way,Tangent road with flat terrain,Crossing,Asphalt roads,Dry,Daylight,Normal,Vehicle Collision,4,1,Moving forward,Male,18-30,3,,,Not a Pedestrian,Driving carelessly,Slight Injury
16:00:00,Monday,31-50,Male,Employee,Above 10yr,Automobile,Owner, Church areas,Two-way (divided with broken lines road marking),Tangent road with flat terrain,Crossing,Asphalt roads,Dry,Daylight,Normal,Vehicle Collision,4,1,Moving forward,na,na,na,Driver,Normal,Not a Pedestrian,No distancing,Slight Injury
16:00:00,Monday,Over 51,Male,Employee,1-2yr,Lorry (41 - 100 Quintal),Owner,Office areas,Undivided Two way,Tangent road with flat terrain,Crossing,Asphalt roads,Dry,Daylight,Normal,Stationary Object Collision,3,4,Moving forward,Male,18-30,3,Self-employed,Normal,Not a Pedestrian,No priority to vehicle,Slight Injury
15:00:00,Friday,31-50,Male,Employee,5-10yr,Lorry (41 - 100 Quintal),Owner,Other,other,Tangent road with flat terrain,Crossing,Asphalt roads,Dry,Daylight,Normal,Stationary Object Collision,3,4,Moving backward,na,na,na,Self-employed,Normal,Not a Pedestrian,No priority to vehicle,Slight Injury
15:00:00,Friday,31-50,Male,Employee,2-5yr,Lorry (41 - 100 Quintal),Owner, Church areas,Two-way (divided with broken lines road marking),Steep grade upward with mountainous terrain,No junction,Asphalt roads,Dry,Daylight,Normal,Vehicle Collision,3,4,Moving forward,Female,5,3,,,Not a Pedestrian,No priority to vehicle,Slight Injury
14:00:00,Saturday,Over 51,Male,Employee,5-10yr,Lorry (41 - 100 Quintal),Governmental,Other,Double carriageway (median),Tangent road with flat terrain,No junction,Asphalt roads,Dry,Daylight,Normal,Vehicle Collision,3,4,Turning,Male,Over 51,2,Self-employed,Normal,Not a Pedestrian,Changing lane to the left,Slight Injury
19:00:00,Wednesday,31-50,Male,Employee,2-5yr,Automobile,Governmental,Other,Double carriageway (median),Tangent road with flat terrain,No junction,Earth roads,Dry,Daylight,Normal,Vehicle Collision,3,4,Moving forward,Male,18-30,3,,,Not a Pedestrian,Moving Backward,Slight Injury
19:00:00,Wednesday,Over 51,Male,Employee,2-5yr,Automobile,Organization,Office areas,Two-way (divided with broken lines road marking),Gentle horizontal curve,No junction,Asphalt roads,Wet or damp,Daylight,Raining,Vehicle Collision,3,2,Moving forward,na,na,na,Self-employed,Normal,Not a Pedestrian,Driving carelessly,Slight Injury
16:00:00,Friday,Over 51,Male,Employee,Above 10yr,Automobile,Organization,Other,Two-way (divided with broken lines road marking),Tangent road with flat terrain,No junction,Asphalt roads,Wet or damp,Daylight,Raining,Vehicle Collision,3,2,Moving forward,Female,18-30,2,Driver,Normal,Not a Pedestrian,Driving under the influence of drugs,Slight Injury
17:00:00,Monday,18-30,Male,Employee,1-2yr,Public (13 - 45 seats),Owner,Other,Two-way (divided with broken lines road marking),Tangent road with flat terrain,No junction,Asphalt roads,Wet or damp,Daylight,Raining,Self-accident,3,2,Moving forward,Male,Over 51,3,Self-employed,Normal,Not a Pedestrian,Changing lane to the right,Slight Injury
17:00:00,Monday,18-30,Male,Owner,1-2yr,Automobile,Governmental,Residential areas,Two-way (divided with broken lines road marking),Tangent road with flat terrain,No junction,Asphalt roads,Dry,Darkness - lights lit,Normal,Vehicle Collision,1,2,Moving forward,Male,31-50,3,Self-employed,Normal,Not a Pedestrian,No priority to vehicle,Serious Injury
09:00:00,Tuesday,31-50,Male,Employee,No Licence,Public (13 - 45 seats),Owner,Office areas,Two-way (divided with broken lines road marking),Tangent road with flat terrain,No junction,Asphalt roads,Dry,Darkness - lights lit,Normal,Stationary Object Collision,1,2,Exiting,na,na,na,Self-employed,Normal,Not a Pedestrian,Changing lane to the right,Serious Injury
09:00:00,Tuesday,Over 51,Male,Employee,1-2yr,Public (13 - 45 seats),Owner, Church areas,One way,Tangent road with flat terrain,Y Shape,Asphalt roads,Dry,Daylight,Normal,Pedestrian Collision,2,1,Moving backward,Female,18-30,3,Driver,Normal,Not a Pedestrian,Driving to the left,Slight Injury
10:00:00,Thursday,Over 51,Male,Employee,5-10yr,Automobile,Owner,Other,Undivided Two way,Tangent road with flat terrain,Y Shape,Asphalt roads,Dry,Daylight,Normal,Vehicle Collision,2,1,Moving forward,na,na,na,Employee,Normal,Not a Pedestrian,Moving Backward,Slight Injury
10:00:00,Thursday,Over 51,Male,Employee,Above 10yr,Lorry (11 - 40 Quintal),Owner,  Market areas,other,Steep grade downward with mountainous terrain,Y Shape,Asphalt roads,Dry,Daylight,Normal,Vehicle Collision,2,1,Turning,na,na,na,,Normal,Not a Pedestrian,No priority to vehicle,Slight Injury
21:00:00,Thursday,18-30,Male,Employee,Above 10yr,Automobile,Owner,Other,Two-way (divided with broken lines road marking),Tangent road with mountainous terrain and,Y Shape,Asphalt roads,Dry,Daylight,Normal,Vehicle Collision,2,1,Moving forward,Male,18-30,3,,,Not a Pedestrian,No distancing,Slight Injury
21:00:00,Thursday,18-30,Male,Owner,5-10yr,Lorry (41 - 100 Quintal),Owner,Other,Undivided Two way,Tangent road with mountainous terrain and,Y Shape,Asphalt roads,Dry,Daylight,Normal,Vehicle Collision,2,1,Moving forward,na,na,na,,,Not a Pedestrian,Driving carelessly,Slight Injury
16:00:00,Friday,Under 18,Male,Employee,2-5yr,Other,Owner, Church areas,Undivided Two way,Tangent road with flat terrain,Y Shape,Gravel roads,Dry,Daylight,Normal,Vehicle Collision,2,1,Moving forward,Female,31-50,3,,,Not a Pedestrian,Changing lane to the left,Slight Injury
16:00:00,Friday,18-30,Male,Employee,2-5yr,Pick up upto 10 Quintal,Governmental,Residential areas,Undivided Two way,Tangent road with flat terrain,Crossing,Asphalt roads,Dry,Daylight,Normal,Vehicle Collision,1,1,Moving forward,Female,31-50,3,Self-employed,Normal,Crossing from driver's nearside,No priority to vehicle,Slight Injury
16:00:00,Friday,31-50,Male,Employee,Below 1yr,Lorry (11 - 40 Quintal),Owner,Other,Undivided Two way,Tangent road with flat terrain,No junction,Earth roads,Dry,Darkness - lights lit,Normal,Vehicle Collision,2,1,Moving forward,na,na,na,Driver,Normal,Not a Pedestrian,No priority to vehicle,Serious Injury
19:00:00,Saturday,18-30,Male,Employee,2-5yr,Motorcycle,Owner,Other,Two-way (divided with broken lines road marking),Tangent road with flat terrain,Crossing,Asphalt roads,Dry,Darkness - lights lit,Normal,Stationary Object Collision,2,1,Moving forward,Male,18-30,3,,,Not a Pedestrian,No distancing,Serious Injury
19:00:00,Saturday,18-30,Male,Employee,2-5yr,Pick up upto 10 Quintal,Owner,Other,Double carriageway (median),Tangent road with flat terrain,Crossing,Asphalt roads,Dry,Daylight,Normal,Self-accident,2,2,Turning,na,na,na,,,Not a Pedestrian,Driving to the left,Slight Injury
19:00:00,Saturday,18-30,Male,Employee,5-10yr,Lorry (11 - 40 Quintal),Owner,  Recreational areas,Two-way (divided with broken lines road marking),Tangent road with flat terrain,Y Shape,Asphalt roads,Dry,Daylight,Normal,Vehicle Collision,2,2,Turning,Male,18-30,3,Driver,Normal,Not a Pedestrian,Driving carelessly,Slight Injury
09:00:00,Sunday,31-50,Male,Employee,Above 10yr,Lorry (11 - 40 Quintal),Owner,  Recreational areas,One way,Tangent road with flat terrain,Y Shape,Earth roads,Dry,Daylight,Normal,Pedestrian Collision,2,2,Moving forward,Male,18-30,3,Driver,Normal,Not a Pedestrian,Driving carelessly,Slight Injury
09:00:00,Sunday,18-30,Male,Employee,5-10yr,Automobile,Owner,Other,Two-way (divided with broken lines road marking),Tangent road with flat terrain,Y Shape,Asphalt roads,Dry,Daylight,Normal,Vehicle Collision,3,1,Exiting,na,na,na,Self-employed,Normal,Not a Pedestrian,Changing lane to the right,Slight Injury
11:00:00,Wednesday,Over 51,Male,Employee,2-5yr,Automobile,Organization,Office areas,Two-way (divided with broken lines road marking),Tangent road with flat terrain,Y Shape,Asphalt roads,Dry,Daylight,Normal,Vehicle Collision,3,1,Exiting,Female,31-50,3,Driver,Normal,Not a Pedestrian,Driving carelessly,Slight Injury
11:00:00,Wednesday,Over 51,Female,Employee,5-10yr,Other,Owner,Residential areas,Two-way (divided with broken lines road marking),Tangent road with flat terrain,Y Shape,Asphalt roads,Dry,Daylight,Normal,Pedestrian Collision,3,1,Moving forward,Female,Over 51,3,Driver,Normal,Not a Pedestrian,Changing lane to the left,Slight Injury